participant_id,condition,source_dataset,start_index,end_index,split
maze_1.0,maze,maze,0,30,train
maze_1.0,maze,maze,15,45,train
maze_1.0,maze,maze,30,60,train
maze_1.0,maze,maze,45,75,train
maze_1.0,maze,maze,60,90,train
maze_1.0,maze,maze,75,105,train
maze_1.0,maze,maze,90,120,train
maze_1.0,maze,maze,105,135,train
maze_1.0,maze,maze,120,150,train
maze_1.0,maze,maze,135,165,train
maze_1.0,maze,maze,150,180,train
maze_1.0,maze,maze,165,195,train
maze_1.0,maze,maze,180,210,train
maze_1.0,maze,maze,195,225,train
maze_1.0,maze,maze,210,240,train
maze_1.0,maze,maze,225,255,train
maze_1.0,maze,maze,240,270,train
maze_1.0,maze,maze,255,285,train
maze_1.0,maze,maze,270,300,train
maze_1.0,maze,maze,285,315,train
maze_1.0,maze,maze,300,330,train
maze_1.0,maze,maze,315,345,train
maze_1.0,maze,maze,330,360,train
maze_1.0,maze,maze,345,375,train
maze_1.0,maze,maze,360,390,train
maze_1.0,maze,maze,375,405,train
maze_1.0,maze,maze,390,420,train
maze_1.0,maze,maze,405,435,train
maze_1.0,maze,maze,420,450,train
maze_1.0,maze,maze,435,465,train
maze_1.0,maze,maze,450,480,train
maze_1.0,maze,maze,465,495,train
maze_1.0,maze,maze,480,510,train
maze_1.0,maze,maze,495,525,train
maze_1.0,maze,maze,510,540,train
maze_1.0,maze,maze,525,555,train
maze_1.0,maze,maze,540,570,excluded
maze_1.0,maze,maze,555,585,excluded
maze_1.0,maze,maze,570,600,excluded
maze_1.0,maze,maze,585,615,validation
maze_1.0,maze,maze,600,630,validation
maze_1.0,maze,maze,615,645,validation
maze_1.0,maze,maze,630,660,validation
maze_1.0,maze,maze,645,675,validation
maze_1.0,maze,maze,660,690,validation
maze_1.0,maze,maze,675,705,validation
maze_1.0,maze,maze,690,720,validation
maze_1.0,maze,maze,705,735,validation
maze_1.0,maze,maze,720,750,excluded
maze_1.0,maze,maze,735,765,excluded
maze_1.0,maze,maze,750,780,excluded
maze_1.0,maze,maze,765,795,test
maze_1.0,maze,maze,780,810,test
maze_1.0,maze,maze,795,825,test
maze_1.0,maze,maze,810,840,test
maze_1.0,maze,maze,825,855,test
maze_1.0,maze,maze,840,870,test
maze_1.0,maze,maze,855,885,test
maze_1.0,maze,maze,870,900,test
maze_1.0,maze,maze,885,915,test
maze_1.0,maze,maze,900,930,test
maze_10.0,maze,maze,0,30,train
maze_10.0,maze,maze,15,45,train
maze_10.0,maze,maze,30,60,train
maze_10.0,maze,maze,45,75,train
maze_10.0,maze,maze,60,90,train
maze_10.0,maze,maze,75,105,train
maze_10.0,maze,maze,90,120,train
maze_10.0,maze,maze,105,135,train
maze_10.0,maze,maze,120,150,train
maze_10.0,maze,maze,135,165,train
maze_10.0,maze,maze,150,180,train
maze_10.0,maze,maze,165,195,train
maze_10.0,maze,maze,180,210,train
maze_10.0,maze,maze,195,225,train
maze_10.0,maze,maze,210,240,train
maze_10.0,maze,maze,225,255,train
maze_10.0,maze,maze,240,270,train
maze_10.0,maze,maze,255,285,train
maze_10.0,maze,maze,270,300,train
maze_10.0,maze,maze,285,315,train
maze_10.0,maze,maze,300,330,train
maze_10.0,maze,maze,315,345,train
maze_10.0,maze,maze,330,360,train
maze_10.0,maze,maze,345,375,train
maze_10.0,maze,maze,360,390,train
maze_10.0,maze,maze,375,405,train
maze_10.0,maze,maze,390,420,train
maze_10.0,maze,maze,405,435,train
maze_10.0,maze,maze,420,450,train
maze_10.0,maze,maze,435,465,train
maze_10.0,maze,maze,450,480,train
maze_10.0,maze,maze,465,495,train
maze_10.0,maze,maze,480,510,train
maze_10.0,maze,maze,495,525,train
maze_10.0,maze,maze,510,540,train
maze_10.0,maze,maze,525,555,train
maze_10.0,maze,maze,540,570,excluded
maze_10.0,maze,maze,555,585,excluded
maze_10.0,maze,maze,570,600,excluded
maze_10.0,maze,maze,585,615,validation
maze_10.0,maze,maze,600,630,validation
maze_10.0,maze,maze,615,645,validation
maze_10.0,maze,maze,630,660,validation
maze_10.0,maze,maze,645,675,validation
maze_10.0,maze,maze,660,690,validation
maze_10.0,maze,maze,675,705,validation
maze_10.0,maze,maze,690,720,validation
maze_10.0,maze,maze,705,735,validation
maze_10.0,maze,maze,720,750,excluded
maze_10.0,maze,maze,735,765,excluded
maze_10.0,maze,maze,750,780,excluded
maze_10.0,maze,maze,765,795,test
maze_10.0,maze,maze,780,810,test
maze_10.0,maze,maze,795,825,test
maze_10.0,maze,maze,810,840,test
maze_10.0,maze,maze,825,855,test
maze_10.0,maze,maze,840,870,test
maze_10.0,maze,maze,855,885,test
maze_10.0,maze,maze,870,900,test
maze_10.0,maze,maze,885,915,test
maze_10.0,maze,maze,900,930,test
maze_11.0,maze,maze,0,30,train
maze_11.0,maze,maze,15,45,train
maze_11.0,maze,maze,30,60,train
maze_11.0,maze,maze,45,75,train
maze_11.0,maze,maze,60,90,train
maze_11.0,maze,maze,75,105,train
maze_11.0,maze,maze,90,120,train
maze_11.0,maze,maze,105,135,train
maze_11.0,maze,maze,120,150,train
maze_11.0,maze,maze,135,165,train
maze_11.0,maze,maze,150,180,train
maze_11.0,maze,maze,165,195,train
maze_11.0,maze,maze,180,210,train
maze_11.0,maze,maze,195,225,train
maze_11.0,maze,maze,210,240,train
maze_11.0,maze,maze,225,255,train
maze_11.0,maze,maze,240,270,train
maze_11.0,maze,maze,255,285,train
maze_11.0,maze,maze,270,300,train
maze_11.0,maze,maze,285,315,train
maze_11.0,maze,maze,300,330,train
maze_11.0,maze,maze,315,345,train
maze_11.0,maze,maze,330,360,train
maze_11.0,maze,maze,345,375,train
maze_11.0,maze,maze,360,390,train
maze_11.0,maze,maze,375,405,train
maze_11.0,maze,maze,390,420,train
maze_11.0,maze,maze,405,435,train
maze_11.0,maze,maze,420,450,train
maze_11.0,maze,maze,435,465,train
maze_11.0,maze,maze,450,480,train
maze_11.0,maze,maze,465,495,train
maze_11.0,maze,maze,480,510,train
maze_11.0,maze,maze,495,525,train
maze_11.0,maze,maze,510,540,train
maze_11.0,maze,maze,525,555,excluded
maze_11.0,maze,maze,540,570,excluded
maze_11.0,maze,maze,555,585,excluded
maze_11.0,maze,maze,570,600,validation
maze_11.0,maze,maze,585,615,validation
maze_11.0,maze,maze,600,630,validation
maze_11.0,maze,maze,615,645,validation
maze_11.0,maze,maze,630,660,validation
maze_11.0,maze,maze,645,675,validation
maze_11.0,maze,maze,660,690,validation
maze_11.0,maze,maze,675,705,validation
maze_11.0,maze,maze,690,720,validation
maze_11.0,maze,maze,705,735,excluded
maze_11.0,maze,maze,720,750,excluded
maze_11.0,maze,maze,735,765,excluded
maze_11.0,maze,maze,750,780,test
maze_11.0,maze,maze,765,795,test
maze_11.0,maze,maze,780,810,test
maze_11.0,maze,maze,795,825,test
maze_11.0,maze,maze,810,840,test
maze_11.0,maze,maze,825,855,test
maze_11.0,maze,maze,840,870,test
maze_11.0,maze,maze,855,885,test
maze_11.0,maze,maze,870,900,test
maze_11.0,maze,maze,885,915,test
maze_12.0,maze,maze,0,30,train
maze_12.0,maze,maze,15,45,train
maze_12.0,maze,maze,30,60,train
maze_12.0,maze,maze,45,75,train
maze_12.0,maze,maze,60,90,train
maze_12.0,maze,maze,75,105,train
maze_12.0,maze,maze,90,120,train
maze_12.0,maze,maze,105,135,train
maze_12.0,maze,maze,120,150,train
maze_12.0,maze,maze,135,165,train
maze_12.0,maze,maze,150,180,train
maze_12.0,maze,maze,165,195,train
maze_12.0,maze,maze,180,210,train
maze_12.0,maze,maze,195,225,train
maze_12.0,maze,maze,210,240,train
maze_12.0,maze,maze,225,255,train
maze_12.0,maze,maze,240,270,train
maze_12.0,maze,maze,255,285,train
maze_12.0,maze,maze,270,300,train
maze_12.0,maze,maze,285,315,train
maze_12.0,maze,maze,300,330,train
maze_12.0,maze,maze,315,345,train
maze_12.0,maze,maze,330,360,train
maze_12.0,maze,maze,345,375,train
maze_12.0,maze,maze,360,390,train
maze_12.0,maze,maze,375,405,train
maze_12.0,maze,maze,390,420,train
maze_12.0,maze,maze,405,435,train
maze_12.0,maze,maze,420,450,train
maze_12.0,maze,maze,435,465,train
maze_12.0,maze,maze,450,480,train
maze_12.0,maze,maze,465,495,train
maze_12.0,maze,maze,480,510,train
maze_12.0,maze,maze,495,525,train
maze_12.0,maze,maze,510,540,train
maze_12.0,maze,maze,525,555,excluded
maze_12.0,maze,maze,540,570,excluded
maze_12.0,maze,maze,555,585,excluded
maze_12.0,maze,maze,570,600,validation
maze_12.0,maze,maze,585,615,validation
maze_12.0,maze,maze,600,630,validation
maze_12.0,maze,maze,615,645,validation
maze_12.0,maze,maze,630,660,validation
maze_12.0,maze,maze,645,675,validation
maze_12.0,maze,maze,660,690,validation
maze_12.0,maze,maze,675,705,validation
maze_12.0,maze,maze,690,720,validation
maze_12.0,maze,maze,705,735,excluded
maze_12.0,maze,maze,720,750,excluded
maze_12.0,maze,maze,735,765,excluded
maze_12.0,maze,maze,750,780,test
maze_12.0,maze,maze,765,795,test
maze_12.0,maze,maze,780,810,test
maze_12.0,maze,maze,795,825,test
maze_12.0,maze,maze,810,840,test
maze_12.0,maze,maze,825,855,test
maze_12.0,maze,maze,840,870,test
maze_12.0,maze,maze,855,885,test
maze_12.0,maze,maze,870,900,test
maze_12.0,maze,maze,885,915,test
maze_13.0,maze,maze,0,30,train
maze_13.0,maze,maze,15,45,train
maze_13.0,maze,maze,30,60,train
maze_13.0,maze,maze,45,75,train
maze_13.0,maze,maze,60,90,train
maze_13.0,maze,maze,75,105,train
maze_13.0,maze,maze,90,120,train
maze_13.0,maze,maze,105,135,train
maze_13.0,maze,maze,120,150,train
maze_13.0,maze,maze,135,165,train
maze_13.0,maze,maze,150,180,train
maze_13.0,maze,maze,165,195,train
maze_13.0,maze,maze,180,210,train
maze_13.0,maze,maze,195,225,train
maze_13.0,maze,maze,210,240,train
maze_13.0,maze,maze,225,255,train
maze_13.0,maze,maze,240,270,train
maze_13.0,maze,maze,255,285,train
maze_13.0,maze,maze,270,300,train
maze_13.0,maze,maze,285,315,train
maze_13.0,maze,maze,300,330,train
maze_13.0,maze,maze,315,345,train
maze_13.0,maze,maze,330,360,train
maze_13.0,maze,maze,345,375,train
maze_13.0,maze,maze,360,390,train
maze_13.0,maze,maze,375,405,train
maze_13.0,maze,maze,390,420,train
maze_13.0,maze,maze,405,435,train
maze_13.0,maze,maze,420,450,train
maze_13.0,maze,maze,435,465,train
maze_13.0,maze,maze,450,480,train
maze_13.0,maze,maze,465,495,train
maze_13.0,maze,maze,480,510,train
maze_13.0,maze,maze,495,525,train
maze_13.0,maze,maze,510,540,train
maze_13.0,maze,maze,525,555,excluded
maze_13.0,maze,maze,540,570,excluded
maze_13.0,maze,maze,555,585,excluded
maze_13.0,maze,maze,570,600,validation
maze_13.0,maze,maze,585,615,validation
maze_13.0,maze,maze,600,630,validation
maze_13.0,maze,maze,615,645,validation
maze_13.0,maze,maze,630,660,validation
maze_13.0,maze,maze,645,675,validation
maze_13.0,maze,maze,660,690,validation
maze_13.0,maze,maze,675,705,validation
maze_13.0,maze,maze,690,720,validation
maze_13.0,maze,maze,705,735,excluded
maze_13.0,maze,maze,720,750,excluded
maze_13.0,maze,maze,735,765,excluded
maze_13.0,maze,maze,750,780,test
maze_13.0,maze,maze,765,795,test
maze_13.0,maze,maze,780,810,test
maze_13.0,maze,maze,795,825,test
maze_13.0,maze,maze,810,840,test
maze_13.0,maze,maze,825,855,test
maze_13.0,maze,maze,840,870,test
maze_13.0,maze,maze,855,885,test
maze_13.0,maze,maze,870,900,test
maze_13.0,maze,maze,885,915,test
maze_14.0,maze,maze,0,30,train
maze_14.0,maze,maze,15,45,train
maze_14.0,maze,maze,30,60,train
maze_14.0,maze,maze,45,75,train
maze_14.0,maze,maze,60,90,train
maze_14.0,maze,maze,75,105,train
maze_14.0,maze,maze,90,120,train
maze_14.0,maze,maze,105,135,train
maze_14.0,maze,maze,120,150,train
maze_14.0,maze,maze,135,165,train
maze_14.0,maze,maze,150,180,train
maze_14.0,maze,maze,165,195,train
maze_14.0,maze,maze,180,210,train
maze_14.0,maze,maze,195,225,train
maze_14.0,maze,maze,210,240,train
maze_14.0,maze,maze,225,255,train
maze_14.0,maze,maze,240,270,train
maze_14.0,maze,maze,255,285,train
maze_14.0,maze,maze,270,300,train
maze_14.0,maze,maze,285,315,train
maze_14.0,maze,maze,300,330,train
maze_14.0,maze,maze,315,345,train
maze_14.0,maze,maze,330,360,train
maze_14.0,maze,maze,345,375,train
maze_14.0,maze,maze,360,390,train
maze_14.0,maze,maze,375,405,train
maze_14.0,maze,maze,390,420,train
maze_14.0,maze,maze,405,435,train
maze_14.0,maze,maze,420,450,train
maze_14.0,maze,maze,435,465,train
maze_14.0,maze,maze,450,480,train
maze_14.0,maze,maze,465,495,train
maze_14.0,maze,maze,480,510,train
maze_14.0,maze,maze,495,525,train
maze_14.0,maze,maze,510,540,train
maze_14.0,maze,maze,525,555,train
maze_14.0,maze,maze,540,570,excluded
maze_14.0,maze,maze,555,585,excluded
maze_14.0,maze,maze,570,600,excluded
maze_14.0,maze,maze,585,615,validation
maze_14.0,maze,maze,600,630,validation
maze_14.0,maze,maze,615,645,validation
maze_14.0,maze,maze,630,660,validation
maze_14.0,maze,maze,645,675,validation
maze_14.0,maze,maze,660,690,validation
maze_14.0,maze,maze,675,705,validation
maze_14.0,maze,maze,690,720,validation
maze_14.0,maze,maze,705,735,validation
maze_14.0,maze,maze,720,750,excluded
maze_14.0,maze,maze,735,765,excluded
maze_14.0,maze,maze,750,780,excluded
maze_14.0,maze,maze,765,795,test
maze_14.0,maze,maze,780,810,test
maze_14.0,maze,maze,795,825,test
maze_14.0,maze,maze,810,840,test
maze_14.0,maze,maze,825,855,test
maze_14.0,maze,maze,840,870,test
maze_14.0,maze,maze,855,885,test
maze_14.0,maze,maze,870,900,test
maze_14.0,maze,maze,885,915,test
maze_14.0,maze,maze,900,930,test
maze_15.0,maze,maze,0,30,train
maze_15.0,maze,maze,15,45,train
maze_15.0,maze,maze,30,60,train
maze_15.0,maze,maze,45,75,train
maze_15.0,maze,maze,60,90,train
maze_15.0,maze,maze,75,105,train
maze_15.0,maze,maze,90,120,train
maze_15.0,maze,maze,105,135,train
maze_15.0,maze,maze,120,150,train
maze_15.0,maze,maze,135,165,train
maze_15.0,maze,maze,150,180,train
maze_15.0,maze,maze,165,195,train
maze_15.0,maze,maze,180,210,train
maze_15.0,maze,maze,195,225,train
maze_15.0,maze,maze,210,240,train
maze_15.0,maze,maze,225,255,train
maze_15.0,maze,maze,240,270,train
maze_15.0,maze,maze,255,285,train
maze_15.0,maze,maze,270,300,train
maze_15.0,maze,maze,285,315,train
maze_15.0,maze,maze,300,330,train
maze_15.0,maze,maze,315,345,train
maze_15.0,maze,maze,330,360,train
maze_15.0,maze,maze,345,375,train
maze_15.0,maze,maze,360,390,train
maze_15.0,maze,maze,375,405,train
maze_15.0,maze,maze,390,420,train
maze_15.0,maze,maze,405,435,train
maze_15.0,maze,maze,420,450,train
maze_15.0,maze,maze,435,465,train
maze_15.0,maze,maze,450,480,train
maze_15.0,maze,maze,465,495,train
maze_15.0,maze,maze,480,510,train
maze_15.0,maze,maze,495,525,train
maze_15.0,maze,maze,510,540,train
maze_15.0,maze,maze,525,555,train
maze_15.0,maze,maze,540,570,train
maze_15.0,maze,maze,555,585,train
maze_15.0,maze,maze,570,600,excluded
maze_15.0,maze,maze,585,615,excluded
maze_15.0,maze,maze,600,630,validation
maze_15.0,maze,maze,615,645,validation
maze_15.0,maze,maze,630,660,validation
maze_15.0,maze,maze,645,675,validation
maze_15.0,maze,maze,660,690,validation
maze_15.0,maze,maze,675,705,validation
maze_15.0,maze,maze,690,720,validation
maze_15.0,maze,maze,705,735,validation
maze_15.0,maze,maze,720,750,validation
maze_15.0,maze,maze,735,765,validation
maze_15.0,maze,maze,750,780,validation
maze_15.0,maze,maze,765,795,excluded
maze_15.0,maze,maze,780,810,excluded
maze_15.0,maze,maze,795,825,test
maze_15.0,maze,maze,810,840,test
maze_15.0,maze,maze,825,855,test
maze_15.0,maze,maze,840,870,test
maze_15.0,maze,maze,855,885,test
maze_15.0,maze,maze,870,900,test
maze_15.0,maze,maze,885,915,test
maze_15.0,maze,maze,900,930,test
maze_15.0,maze,maze,915,945,test
maze_15.0,maze,maze,930,960,test
maze_15.0,maze,maze,945,975,test
maze_16.0,maze,maze,0,30,train
maze_16.0,maze,maze,15,45,train
maze_16.0,maze,maze,30,60,train
maze_16.0,maze,maze,45,75,train
maze_16.0,maze,maze,60,90,train
maze_16.0,maze,maze,75,105,train
maze_16.0,maze,maze,90,120,train
maze_16.0,maze,maze,105,135,train
maze_16.0,maze,maze,120,150,train
maze_16.0,maze,maze,135,165,train
maze_16.0,maze,maze,150,180,train
maze_16.0,maze,maze,165,195,train
maze_16.0,maze,maze,180,210,train
maze_16.0,maze,maze,195,225,train
maze_16.0,maze,maze,210,240,train
maze_16.0,maze,maze,225,255,train
maze_16.0,maze,maze,240,270,train
maze_16.0,maze,maze,255,285,train
maze_16.0,maze,maze,270,300,train
maze_16.0,maze,maze,285,315,train
maze_16.0,maze,maze,300,330,train
maze_16.0,maze,maze,315,345,train
maze_16.0,maze,maze,330,360,train
maze_16.0,maze,maze,345,375,train
maze_16.0,maze,maze,360,390,train
maze_16.0,maze,maze,375,405,train
maze_16.0,maze,maze,390,420,train
maze_16.0,maze,maze,405,435,train
maze_16.0,maze,maze,420,450,train
maze_16.0,maze,maze,435,465,train
maze_16.0,maze,maze,450,480,train
maze_16.0,maze,maze,465,495,train
maze_16.0,maze,maze,480,510,train
maze_16.0,maze,maze,495,525,train
maze_16.0,maze,maze,510,540,train
maze_16.0,maze,maze,525,555,train
maze_16.0,maze,maze,540,570,train
maze_16.0,maze,maze,555,585,train
maze_16.0,maze,maze,570,600,excluded
maze_16.0,maze,maze,585,615,excluded
maze_16.0,maze,maze,600,630,excluded
maze_16.0,maze,maze,615,645,validation
maze_16.0,maze,maze,630,660,validation
maze_16.0,maze,maze,645,675,validation
maze_16.0,maze,maze,660,690,validation
maze_16.0,maze,maze,675,705,validation
maze_16.0,maze,maze,690,720,validation
maze_16.0,maze,maze,705,735,validation
maze_16.0,maze,maze,720,750,validation
maze_16.0,maze,maze,735,765,validation
maze_16.0,maze,maze,750,780,validation
maze_16.0,maze,maze,765,795,excluded
maze_16.0,maze,maze,780,810,excluded
maze_16.0,maze,maze,795,825,excluded
maze_16.0,maze,maze,810,840,test
maze_16.0,maze,maze,825,855,test
maze_16.0,maze,maze,840,870,test
maze_16.0,maze,maze,855,885,test
maze_16.0,maze,maze,870,900,test
maze_16.0,maze,maze,885,915,test
maze_16.0,maze,maze,900,930,test
maze_16.0,maze,maze,915,945,test
maze_16.0,maze,maze,930,960,test
maze_16.0,maze,maze,945,975,test
maze_16.0,maze,maze,960,990,test
maze_17.0,maze,maze,0,30,train
maze_17.0,maze,maze,15,45,train
maze_17.0,maze,maze,30,60,train
maze_17.0,maze,maze,45,75,train
maze_17.0,maze,maze,60,90,train
maze_17.0,maze,maze,75,105,train
maze_17.0,maze,maze,90,120,train
maze_17.0,maze,maze,105,135,train
maze_17.0,maze,maze,120,150,train
maze_17.0,maze,maze,135,165,train
maze_17.0,maze,maze,150,180,train
maze_17.0,maze,maze,165,195,train
maze_17.0,maze,maze,180,210,train
maze_17.0,maze,maze,195,225,train
maze_17.0,maze,maze,210,240,train
maze_17.0,maze,maze,225,255,train
maze_17.0,maze,maze,240,270,train
maze_17.0,maze,maze,255,285,train
maze_17.0,maze,maze,270,300,train
maze_17.0,maze,maze,285,315,train
maze_17.0,maze,maze,300,330,train
maze_17.0,maze,maze,315,345,train
maze_17.0,maze,maze,330,360,train
maze_17.0,maze,maze,345,375,train
maze_17.0,maze,maze,360,390,train
maze_17.0,maze,maze,375,405,train
maze_17.0,maze,maze,390,420,train
maze_17.0,maze,maze,405,435,train
maze_17.0,maze,maze,420,450,train
maze_17.0,maze,maze,435,465,train
maze_17.0,maze,maze,450,480,train
maze_17.0,maze,maze,465,495,train
maze_17.0,maze,maze,480,510,train
maze_17.0,maze,maze,495,525,train
maze_17.0,maze,maze,510,540,train
maze_17.0,maze,maze,525,555,excluded
maze_17.0,maze,maze,540,570,excluded
maze_17.0,maze,maze,555,585,excluded
maze_17.0,maze,maze,570,600,validation
maze_17.0,maze,maze,585,615,validation
maze_17.0,maze,maze,600,630,validation
maze_17.0,maze,maze,615,645,validation
maze_17.0,maze,maze,630,660,validation
maze_17.0,maze,maze,645,675,validation
maze_17.0,maze,maze,660,690,validation
maze_17.0,maze,maze,675,705,validation
maze_17.0,maze,maze,690,720,validation
maze_17.0,maze,maze,705,735,excluded
maze_17.0,maze,maze,720,750,excluded
maze_17.0,maze,maze,735,765,excluded
maze_17.0,maze,maze,750,780,test
maze_17.0,maze,maze,765,795,test
maze_17.0,maze,maze,780,810,test
maze_17.0,maze,maze,795,825,test
maze_17.0,maze,maze,810,840,test
maze_17.0,maze,maze,825,855,test
maze_17.0,maze,maze,840,870,test
maze_17.0,maze,maze,855,885,test
maze_17.0,maze,maze,870,900,test
maze_17.0,maze,maze,885,915,test
maze_18.0,maze,maze,0,30,train
maze_18.0,maze,maze,15,45,train
maze_18.0,maze,maze,30,60,train
maze_18.0,maze,maze,45,75,train
maze_18.0,maze,maze,60,90,train
maze_18.0,maze,maze,75,105,train
maze_18.0,maze,maze,90,120,train
maze_18.0,maze,maze,105,135,train
maze_18.0,maze,maze,120,150,train
maze_18.0,maze,maze,135,165,train
maze_18.0,maze,maze,150,180,train
maze_18.0,maze,maze,165,195,train
maze_18.0,maze,maze,180,210,train
maze_18.0,maze,maze,195,225,train
maze_18.0,maze,maze,210,240,train
maze_18.0,maze,maze,225,255,train
maze_18.0,maze,maze,240,270,train
maze_18.0,maze,maze,255,285,train
maze_18.0,maze,maze,270,300,train
maze_18.0,maze,maze,285,315,train
maze_18.0,maze,maze,300,330,train
maze_18.0,maze,maze,315,345,train
maze_18.0,maze,maze,330,360,train
maze_18.0,maze,maze,345,375,train
maze_18.0,maze,maze,360,390,train
maze_18.0,maze,maze,375,405,train
maze_18.0,maze,maze,390,420,train
maze_18.0,maze,maze,405,435,train
maze_18.0,maze,maze,420,450,train
maze_18.0,maze,maze,435,465,train
maze_18.0,maze,maze,450,480,train
maze_18.0,maze,maze,465,495,train
maze_18.0,maze,maze,480,510,train
maze_18.0,maze,maze,495,525,train
maze_18.0,maze,maze,510,540,train
maze_18.0,maze,maze,525,555,excluded
maze_18.0,maze,maze,540,570,excluded
maze_18.0,maze,maze,555,585,excluded
maze_18.0,maze,maze,570,600,validation
maze_18.0,maze,maze,585,615,validation
maze_18.0,maze,maze,600,630,validation
maze_18.0,maze,maze,615,645,validation
maze_18.0,maze,maze,630,660,validation
maze_18.0,maze,maze,645,675,validation
maze_18.0,maze,maze,660,690,validation
maze_18.0,maze,maze,675,705,validation
maze_18.0,maze,maze,690,720,validation
maze_18.0,maze,maze,705,735,excluded
maze_18.0,maze,maze,720,750,excluded
maze_18.0,maze,maze,735,765,excluded
maze_18.0,maze,maze,750,780,test
maze_18.0,maze,maze,765,795,test
maze_18.0,maze,maze,780,810,test
maze_18.0,maze,maze,795,825,test
maze_18.0,maze,maze,810,840,test
maze_18.0,maze,maze,825,855,test
maze_18.0,maze,maze,840,870,test
maze_18.0,maze,maze,855,885,test
maze_18.0,maze,maze,870,900,test
maze_18.0,maze,maze,885,915,test
maze_19.0,maze,maze,0,30,train
maze_19.0,maze,maze,15,45,train
maze_19.0,maze,maze,30,60,train
maze_19.0,maze,maze,45,75,train
maze_19.0,maze,maze,60,90,train
maze_19.0,maze,maze,75,105,train
maze_19.0,maze,maze,90,120,train
maze_19.0,maze,maze,105,135,train
maze_19.0,maze,maze,120,150,train
maze_19.0,maze,maze,135,165,train
maze_19.0,maze,maze,150,180,train
maze_19.0,maze,maze,165,195,train
maze_19.0,maze,maze,180,210,train
maze_19.0,maze,maze,195,225,train
maze_19.0,maze,maze,210,240,train
maze_19.0,maze,maze,225,255,train
maze_19.0,maze,maze,240,270,train
maze_19.0,maze,maze,255,285,train
maze_19.0,maze,maze,270,300,train
maze_19.0,maze,maze,285,315,train
maze_19.0,maze,maze,300,330,train
maze_19.0,maze,maze,315,345,train
maze_19.0,maze,maze,330,360,train
maze_19.0,maze,maze,345,375,train
maze_19.0,maze,maze,360,390,train
maze_19.0,maze,maze,375,405,train
maze_19.0,maze,maze,390,420,train
maze_19.0,maze,maze,405,435,train
maze_19.0,maze,maze,420,450,train
maze_19.0,maze,maze,435,465,train
maze_19.0,maze,maze,450,480,train
maze_19.0,maze,maze,465,495,train
maze_19.0,maze,maze,480,510,train
maze_19.0,maze,maze,495,525,train
maze_19.0,maze,maze,510,540,train
maze_19.0,maze,maze,525,555,train
maze_19.0,maze,maze,540,570,excluded
maze_19.0,maze,maze,555,585,excluded
maze_19.0,maze,maze,570,600,excluded
maze_19.0,maze,maze,585,615,validation
maze_19.0,maze,maze,600,630,validation
maze_19.0,maze,maze,615,645,validation
maze_19.0,maze,maze,630,660,validation
maze_19.0,maze,maze,645,675,validation
maze_19.0,maze,maze,660,690,validation
maze_19.0,maze,maze,675,705,validation
maze_19.0,maze,maze,690,720,validation
maze_19.0,maze,maze,705,735,validation
maze_19.0,maze,maze,720,750,excluded
maze_19.0,maze,maze,735,765,excluded
maze_19.0,maze,maze,750,780,excluded
maze_19.0,maze,maze,765,795,test
maze_19.0,maze,maze,780,810,test
maze_19.0,maze,maze,795,825,test
maze_19.0,maze,maze,810,840,test
maze_19.0,maze,maze,825,855,test
maze_19.0,maze,maze,840,870,test
maze_19.0,maze,maze,855,885,test
maze_19.0,maze,maze,870,900,test
maze_19.0,maze,maze,885,915,test
maze_19.0,maze,maze,900,930,test
maze_20.0,maze,maze,0,30,train
maze_20.0,maze,maze,15,45,train
maze_20.0,maze,maze,30,60,train
maze_20.0,maze,maze,45,75,train
maze_20.0,maze,maze,60,90,train
maze_20.0,maze,maze,75,105,train
maze_20.0,maze,maze,90,120,train
maze_20.0,maze,maze,105,135,train
maze_20.0,maze,maze,120,150,train
maze_20.0,maze,maze,135,165,train
maze_20.0,maze,maze,150,180,train
maze_20.0,maze,maze,165,195,train
maze_20.0,maze,maze,180,210,train
maze_20.0,maze,maze,195,225,train
maze_20.0,maze,maze,210,240,train
maze_20.0,maze,maze,225,255,train
maze_20.0,maze,maze,240,270,train
maze_20.0,maze,maze,255,285,train
maze_20.0,maze,maze,270,300,train
maze_20.0,maze,maze,285,315,train
maze_20.0,maze,maze,300,330,train
maze_20.0,maze,maze,315,345,train
maze_20.0,maze,maze,330,360,train
maze_20.0,maze,maze,345,375,train
maze_20.0,maze,maze,360,390,train
maze_20.0,maze,maze,375,405,train
maze_20.0,maze,maze,390,420,train
maze_20.0,maze,maze,405,435,train
maze_20.0,maze,maze,420,450,train
maze_20.0,maze,maze,435,465,train
maze_20.0,maze,maze,450,480,train
maze_20.0,maze,maze,465,495,train
maze_20.0,maze,maze,480,510,train
maze_20.0,maze,maze,495,525,train
maze_20.0,maze,maze,510,540,train
maze_20.0,maze,maze,525,555,train
maze_20.0,maze,maze,540,570,excluded
maze_20.0,maze,maze,555,585,excluded
maze_20.0,maze,maze,570,600,excluded
maze_20.0,maze,maze,585,615,validation
maze_20.0,maze,maze,600,630,validation
maze_20.0,maze,maze,615,645,validation
maze_20.0,maze,maze,630,660,validation
maze_20.0,maze,maze,645,675,validation
maze_20.0,maze,maze,660,690,validation
maze_20.0,maze,maze,675,705,validation
maze_20.0,maze,maze,690,720,validation
maze_20.0,maze,maze,705,735,validation
maze_20.0,maze,maze,720,750,excluded
maze_20.0,maze,maze,735,765,excluded
maze_20.0,maze,maze,750,780,excluded
maze_20.0,maze,maze,765,795,test
maze_20.0,maze,maze,780,810,test
maze_20.0,maze,maze,795,825,test
maze_20.0,maze,maze,810,840,test
maze_20.0,maze,maze,825,855,test
maze_20.0,maze,maze,840,870,test
maze_20.0,maze,maze,855,885,test
maze_20.0,maze,maze,870,900,test
maze_20.0,maze,maze,885,915,test
maze_20.0,maze,maze,900,930,test
maze_21.0,maze,maze,0,30,train
maze_21.0,maze,maze,15,45,train
maze_21.0,maze,maze,30,60,train
maze_21.0,maze,maze,45,75,train
maze_21.0,maze,maze,60,90,train
maze_21.0,maze,maze,75,105,train
maze_21.0,maze,maze,90,120,train
maze_21.0,maze,maze,105,135,train
maze_21.0,maze,maze,120,150,train
maze_21.0,maze,maze,135,165,train
maze_21.0,maze,maze,150,180,train
maze_21.0,maze,maze,165,195,train
maze_21.0,maze,maze,180,210,train
maze_21.0,maze,maze,195,225,train
maze_21.0,maze,maze,210,240,train
maze_21.0,maze,maze,225,255,train
maze_21.0,maze,maze,240,270,train
maze_21.0,maze,maze,255,285,train
maze_21.0,maze,maze,270,300,train
maze_21.0,maze,maze,285,315,train
maze_21.0,maze,maze,300,330,train
maze_21.0,maze,maze,315,345,train
maze_21.0,maze,maze,330,360,train
maze_21.0,maze,maze,345,375,train
maze_21.0,maze,maze,360,390,train
maze_21.0,maze,maze,375,405,train
maze_21.0,maze,maze,390,420,train
maze_21.0,maze,maze,405,435,train
maze_21.0,maze,maze,420,450,train
maze_21.0,maze,maze,435,465,train
maze_21.0,maze,maze,450,480,train
maze_21.0,maze,maze,465,495,train
maze_21.0,maze,maze,480,510,train
maze_21.0,maze,maze,495,525,train
maze_21.0,maze,maze,510,540,train
maze_21.0,maze,maze,525,555,train
maze_21.0,maze,maze,540,570,train
maze_21.0,maze,maze,555,585,train
maze_21.0,maze,maze,570,600,train
maze_21.0,maze,maze,585,615,excluded
maze_21.0,maze,maze,600,630,excluded
maze_21.0,maze,maze,615,645,excluded
maze_21.0,maze,maze,630,660,validation
maze_21.0,maze,maze,645,675,validation
maze_21.0,maze,maze,660,690,validation
maze_21.0,maze,maze,675,705,validation
maze_21.0,maze,maze,690,720,validation
maze_21.0,maze,maze,705,735,validation
maze_21.0,maze,maze,720,750,validation
maze_21.0,maze,maze,735,765,validation
maze_21.0,maze,maze,750,780,validation
maze_21.0,maze,maze,765,795,validation
maze_21.0,maze,maze,780,810,excluded
maze_21.0,maze,maze,795,825,excluded
maze_21.0,maze,maze,810,840,excluded
maze_21.0,maze,maze,825,855,test
maze_21.0,maze,maze,840,870,test
maze_21.0,maze,maze,855,885,test
maze_21.0,maze,maze,870,900,test
maze_21.0,maze,maze,885,915,test
maze_21.0,maze,maze,900,930,test
maze_21.0,maze,maze,915,945,test
maze_21.0,maze,maze,930,960,test
maze_21.0,maze,maze,945,975,test
maze_21.0,maze,maze,960,990,test
maze_21.0,maze,maze,975,1005,test
maze_22.0,maze,maze,0,30,train
maze_22.0,maze,maze,15,45,train
maze_22.0,maze,maze,30,60,train
maze_22.0,maze,maze,45,75,train
maze_22.0,maze,maze,60,90,train
maze_22.0,maze,maze,75,105,train
maze_22.0,maze,maze,90,120,train
maze_22.0,maze,maze,105,135,train
maze_22.0,maze,maze,120,150,train
maze_22.0,maze,maze,135,165,train
maze_22.0,maze,maze,150,180,train
maze_22.0,maze,maze,165,195,train
maze_22.0,maze,maze,180,210,train
maze_22.0,maze,maze,195,225,train
maze_22.0,maze,maze,210,240,train
maze_22.0,maze,maze,225,255,train
maze_22.0,maze,maze,240,270,train
maze_22.0,maze,maze,255,285,train
maze_22.0,maze,maze,270,300,train
maze_22.0,maze,maze,285,315,train
maze_22.0,maze,maze,300,330,train
maze_22.0,maze,maze,315,345,train
maze_22.0,maze,maze,330,360,train
maze_22.0,maze,maze,345,375,train
maze_22.0,maze,maze,360,390,train
maze_22.0,maze,maze,375,405,train
maze_22.0,maze,maze,390,420,train
maze_22.0,maze,maze,405,435,train
maze_22.0,maze,maze,420,450,train
maze_22.0,maze,maze,435,465,train
maze_22.0,maze,maze,450,480,train
maze_22.0,maze,maze,465,495,train
maze_22.0,maze,maze,480,510,train
maze_22.0,maze,maze,495,525,train
maze_22.0,maze,maze,510,540,train
maze_22.0,maze,maze,525,555,train
maze_22.0,maze,maze,540,570,train
maze_22.0,maze,maze,555,585,excluded
maze_22.0,maze,maze,570,600,excluded
maze_22.0,maze,maze,585,615,excluded
maze_22.0,maze,maze,600,630,validation
maze_22.0,maze,maze,615,645,validation
maze_22.0,maze,maze,630,660,validation
maze_22.0,maze,maze,645,675,validation
maze_22.0,maze,maze,660,690,validation
maze_22.0,maze,maze,675,705,validation
maze_22.0,maze,maze,690,720,validation
maze_22.0,maze,maze,705,735,validation
maze_22.0,maze,maze,720,750,validation
maze_22.0,maze,maze,735,765,validation
maze_22.0,maze,maze,750,780,excluded
maze_22.0,maze,maze,765,795,excluded
maze_22.0,maze,maze,780,810,excluded
maze_22.0,maze,maze,795,825,test
maze_22.0,maze,maze,810,840,test
maze_22.0,maze,maze,825,855,test
maze_22.0,maze,maze,840,870,test
maze_22.0,maze,maze,855,885,test
maze_22.0,maze,maze,870,900,test
maze_22.0,maze,maze,885,915,test
maze_22.0,maze,maze,900,930,test
maze_22.0,maze,maze,915,945,test
maze_22.0,maze,maze,930,960,test
maze_23.0,maze,maze,0,30,train
maze_23.0,maze,maze,15,45,train
maze_23.0,maze,maze,30,60,train
maze_23.0,maze,maze,45,75,train
maze_23.0,maze,maze,60,90,train
maze_23.0,maze,maze,75,105,train
maze_23.0,maze,maze,90,120,train
maze_23.0,maze,maze,105,135,train
maze_23.0,maze,maze,120,150,train
maze_23.0,maze,maze,135,165,train
maze_23.0,maze,maze,150,180,train
maze_23.0,maze,maze,165,195,train
maze_23.0,maze,maze,180,210,train
maze_23.0,maze,maze,195,225,train
maze_23.0,maze,maze,210,240,train
maze_23.0,maze,maze,225,255,train
maze_23.0,maze,maze,240,270,train
maze_23.0,maze,maze,255,285,train
maze_23.0,maze,maze,270,300,train
maze_23.0,maze,maze,285,315,train
maze_23.0,maze,maze,300,330,train
maze_23.0,maze,maze,315,345,train
maze_23.0,maze,maze,330,360,train
maze_23.0,maze,maze,345,375,train
maze_23.0,maze,maze,360,390,train
maze_23.0,maze,maze,375,405,train
maze_23.0,maze,maze,390,420,train
maze_23.0,maze,maze,405,435,train
maze_23.0,maze,maze,420,450,train
maze_23.0,maze,maze,435,465,train
maze_23.0,maze,maze,450,480,train
maze_23.0,maze,maze,465,495,train
maze_23.0,maze,maze,480,510,train
maze_23.0,maze,maze,495,525,train
maze_23.0,maze,maze,510,540,train
maze_23.0,maze,maze,525,555,train
maze_23.0,maze,maze,540,570,excluded
maze_23.0,maze,maze,555,585,excluded
maze_23.0,maze,maze,570,600,excluded
maze_23.0,maze,maze,585,615,validation
maze_23.0,maze,maze,600,630,validation
maze_23.0,maze,maze,615,645,validation
maze_23.0,maze,maze,630,660,validation
maze_23.0,maze,maze,645,675,validation
maze_23.0,maze,maze,660,690,validation
maze_23.0,maze,maze,675,705,validation
maze_23.0,maze,maze,690,720,validation
maze_23.0,maze,maze,705,735,validation
maze_23.0,maze,maze,720,750,excluded
maze_23.0,maze,maze,735,765,excluded
maze_23.0,maze,maze,750,780,excluded
maze_23.0,maze,maze,765,795,test
maze_23.0,maze,maze,780,810,test
maze_23.0,maze,maze,795,825,test
maze_23.0,maze,maze,810,840,test
maze_23.0,maze,maze,825,855,test
maze_23.0,maze,maze,840,870,test
maze_23.0,maze,maze,855,885,test
maze_23.0,maze,maze,870,900,test
maze_23.0,maze,maze,885,915,test
maze_23.0,maze,maze,900,930,test
maze_24.0,maze,maze,0,30,train
maze_24.0,maze,maze,15,45,train
maze_24.0,maze,maze,30,60,train
maze_24.0,maze,maze,45,75,train
maze_24.0,maze,maze,60,90,train
maze_24.0,maze,maze,75,105,train
maze_24.0,maze,maze,90,120,train
maze_24.0,maze,maze,105,135,train
maze_24.0,maze,maze,120,150,train
maze_24.0,maze,maze,135,165,train
maze_24.0,maze,maze,150,180,train
maze_24.0,maze,maze,165,195,train
maze_24.0,maze,maze,180,210,train
maze_24.0,maze,maze,195,225,train
maze_24.0,maze,maze,210,240,train
maze_24.0,maze,maze,225,255,train
maze_24.0,maze,maze,240,270,train
maze_24.0,maze,maze,255,285,train
maze_24.0,maze,maze,270,300,train
maze_24.0,maze,maze,285,315,train
maze_24.0,maze,maze,300,330,train
maze_24.0,maze,maze,315,345,train
maze_24.0,maze,maze,330,360,train
maze_24.0,maze,maze,345,375,train
maze_24.0,maze,maze,360,390,train
maze_24.0,maze,maze,375,405,train
maze_24.0,maze,maze,390,420,train
maze_24.0,maze,maze,405,435,train
maze_24.0,maze,maze,420,450,train
maze_24.0,maze,maze,435,465,train
maze_24.0,maze,maze,450,480,train
maze_24.0,maze,maze,465,495,train
maze_24.0,maze,maze,480,510,train
maze_24.0,maze,maze,495,525,train
maze_24.0,maze,maze,510,540,train
maze_24.0,maze,maze,525,555,excluded
maze_24.0,maze,maze,540,570,excluded
maze_24.0,maze,maze,555,585,excluded
maze_24.0,maze,maze,570,600,validation
maze_24.0,maze,maze,585,615,validation
maze_24.0,maze,maze,600,630,validation
maze_24.0,maze,maze,615,645,validation
maze_24.0,maze,maze,630,660,validation
maze_24.0,maze,maze,645,675,validation
maze_24.0,maze,maze,660,690,validation
maze_24.0,maze,maze,675,705,validation
maze_24.0,maze,maze,690,720,validation
maze_24.0,maze,maze,705,735,excluded
maze_24.0,maze,maze,720,750,excluded
maze_24.0,maze,maze,735,765,excluded
maze_24.0,maze,maze,750,780,test
maze_24.0,maze,maze,765,795,test
maze_24.0,maze,maze,780,810,test
maze_24.0,maze,maze,795,825,test
maze_24.0,maze,maze,810,840,test
maze_24.0,maze,maze,825,855,test
maze_24.0,maze,maze,840,870,test
maze_24.0,maze,maze,855,885,test
maze_24.0,maze,maze,870,900,test
maze_24.0,maze,maze,885,915,test
maze_25.0,maze,maze,0,30,train
maze_25.0,maze,maze,15,45,train
maze_25.0,maze,maze,30,60,train
maze_25.0,maze,maze,45,75,train
maze_25.0,maze,maze,60,90,train
maze_25.0,maze,maze,75,105,train
maze_25.0,maze,maze,90,120,train
maze_25.0,maze,maze,105,135,train
maze_25.0,maze,maze,120,150,train
maze_25.0,maze,maze,135,165,train
maze_25.0,maze,maze,150,180,train
maze_25.0,maze,maze,165,195,train
maze_25.0,maze,maze,180,210,train
maze_25.0,maze,maze,195,225,train
maze_25.0,maze,maze,210,240,train
maze_25.0,maze,maze,225,255,train
maze_25.0,maze,maze,240,270,train
maze_25.0,maze,maze,255,285,train
maze_25.0,maze,maze,270,300,train
maze_25.0,maze,maze,285,315,train
maze_25.0,maze,maze,300,330,train
maze_25.0,maze,maze,315,345,train
maze_25.0,maze,maze,330,360,train
maze_25.0,maze,maze,345,375,train
maze_25.0,maze,maze,360,390,train
maze_25.0,maze,maze,375,405,train
maze_25.0,maze,maze,390,420,train
maze_25.0,maze,maze,405,435,train
maze_25.0,maze,maze,420,450,train
maze_25.0,maze,maze,435,465,train
maze_25.0,maze,maze,450,480,train
maze_25.0,maze,maze,465,495,train
maze_25.0,maze,maze,480,510,train
maze_25.0,maze,maze,495,525,train
maze_25.0,maze,maze,510,540,train
maze_25.0,maze,maze,525,555,excluded
maze_25.0,maze,maze,540,570,excluded
maze_25.0,maze,maze,555,585,excluded
maze_25.0,maze,maze,570,600,validation
maze_25.0,maze,maze,585,615,validation
maze_25.0,maze,maze,600,630,validation
maze_25.0,maze,maze,615,645,validation
maze_25.0,maze,maze,630,660,validation
maze_25.0,maze,maze,645,675,validation
maze_25.0,maze,maze,660,690,validation
maze_25.0,maze,maze,675,705,validation
maze_25.0,maze,maze,690,720,validation
maze_25.0,maze,maze,705,735,excluded
maze_25.0,maze,maze,720,750,excluded
maze_25.0,maze,maze,735,765,excluded
maze_25.0,maze,maze,750,780,test
maze_25.0,maze,maze,765,795,test
maze_25.0,maze,maze,780,810,test
maze_25.0,maze,maze,795,825,test
maze_25.0,maze,maze,810,840,test
maze_25.0,maze,maze,825,855,test
maze_25.0,maze,maze,840,870,test
maze_25.0,maze,maze,855,885,test
maze_25.0,maze,maze,870,900,test
maze_25.0,maze,maze,885,915,test
maze_26.0,maze,maze,0,30,train
maze_26.0,maze,maze,15,45,train
maze_26.0,maze,maze,30,60,train
maze_26.0,maze,maze,45,75,train
maze_26.0,maze,maze,60,90,train
maze_26.0,maze,maze,75,105,train
maze_26.0,maze,maze,90,120,train
maze_26.0,maze,maze,105,135,train
maze_26.0,maze,maze,120,150,train
maze_26.0,maze,maze,135,165,train
maze_26.0,maze,maze,150,180,train
maze_26.0,maze,maze,165,195,train
maze_26.0,maze,maze,180,210,train
maze_26.0,maze,maze,195,225,train
maze_26.0,maze,maze,210,240,train
maze_26.0,maze,maze,225,255,train
maze_26.0,maze,maze,240,270,train
maze_26.0,maze,maze,255,285,train
maze_26.0,maze,maze,270,300,train
maze_26.0,maze,maze,285,315,train
maze_26.0,maze,maze,300,330,train
maze_26.0,maze,maze,315,345,train
maze_26.0,maze,maze,330,360,train
maze_26.0,maze,maze,345,375,train
maze_26.0,maze,maze,360,390,train
maze_26.0,maze,maze,375,405,train
maze_26.0,maze,maze,390,420,train
maze_26.0,maze,maze,405,435,train
maze_26.0,maze,maze,420,450,train
maze_26.0,maze,maze,435,465,train
maze_26.0,maze,maze,450,480,train
maze_26.0,maze,maze,465,495,train
maze_26.0,maze,maze,480,510,train
maze_26.0,maze,maze,495,525,train
maze_26.0,maze,maze,510,540,train
maze_26.0,maze,maze,525,555,excluded
maze_26.0,maze,maze,540,570,excluded
maze_26.0,maze,maze,555,585,excluded
maze_26.0,maze,maze,570,600,validation
maze_26.0,maze,maze,585,615,validation
maze_26.0,maze,maze,600,630,validation
maze_26.0,maze,maze,615,645,validation
maze_26.0,maze,maze,630,660,validation
maze_26.0,maze,maze,645,675,validation
maze_26.0,maze,maze,660,690,validation
maze_26.0,maze,maze,675,705,validation
maze_26.0,maze,maze,690,720,validation
maze_26.0,maze,maze,705,735,excluded
maze_26.0,maze,maze,720,750,excluded
maze_26.0,maze,maze,735,765,excluded
maze_26.0,maze,maze,750,780,test
maze_26.0,maze,maze,765,795,test
maze_26.0,maze,maze,780,810,test
maze_26.0,maze,maze,795,825,test
maze_26.0,maze,maze,810,840,test
maze_26.0,maze,maze,825,855,test
maze_26.0,maze,maze,840,870,test
maze_26.0,maze,maze,855,885,test
maze_26.0,maze,maze,870,900,test
maze_26.0,maze,maze,885,915,test
maze_27.0,maze,maze,0,30,train
maze_27.0,maze,maze,15,45,train
maze_27.0,maze,maze,30,60,train
maze_27.0,maze,maze,45,75,train
maze_27.0,maze,maze,60,90,train
maze_27.0,maze,maze,75,105,train
maze_27.0,maze,maze,90,120,train
maze_27.0,maze,maze,105,135,train
maze_27.0,maze,maze,120,150,train
maze_27.0,maze,maze,135,165,train
maze_27.0,maze,maze,150,180,train
maze_27.0,maze,maze,165,195,train
maze_27.0,maze,maze,180,210,train
maze_27.0,maze,maze,195,225,train
maze_27.0,maze,maze,210,240,train
maze_27.0,maze,maze,225,255,train
maze_27.0,maze,maze,240,270,train
maze_27.0,maze,maze,255,285,train
maze_27.0,maze,maze,270,300,train
maze_27.0,maze,maze,285,315,train
maze_27.0,maze,maze,300,330,train
maze_27.0,maze,maze,315,345,train
maze_27.0,maze,maze,330,360,train
maze_27.0,maze,maze,345,375,train
maze_27.0,maze,maze,360,390,train
maze_27.0,maze,maze,375,405,train
maze_27.0,maze,maze,390,420,train
maze_27.0,maze,maze,405,435,train
maze_27.0,maze,maze,420,450,train
maze_27.0,maze,maze,435,465,train
maze_27.0,maze,maze,450,480,train
maze_27.0,maze,maze,465,495,train
maze_27.0,maze,maze,480,510,train
maze_27.0,maze,maze,495,525,train
maze_27.0,maze,maze,510,540,train
maze_27.0,maze,maze,525,555,train
maze_27.0,maze,maze,540,570,train
maze_27.0,maze,maze,555,585,train
maze_27.0,maze,maze,570,600,excluded
maze_27.0,maze,maze,585,615,excluded
maze_27.0,maze,maze,600,630,validation
maze_27.0,maze,maze,615,645,validation
maze_27.0,maze,maze,630,660,validation
maze_27.0,maze,maze,645,675,validation
maze_27.0,maze,maze,660,690,validation
maze_27.0,maze,maze,675,705,validation
maze_27.0,maze,maze,690,720,validation
maze_27.0,maze,maze,705,735,validation
maze_27.0,maze,maze,720,750,validation
maze_27.0,maze,maze,735,765,validation
maze_27.0,maze,maze,750,780,validation
maze_27.0,maze,maze,765,795,excluded
maze_27.0,maze,maze,780,810,excluded
maze_27.0,maze,maze,795,825,test
maze_27.0,maze,maze,810,840,test
maze_27.0,maze,maze,825,855,test
maze_27.0,maze,maze,840,870,test
maze_27.0,maze,maze,855,885,test
maze_27.0,maze,maze,870,900,test
maze_27.0,maze,maze,885,915,test
maze_27.0,maze,maze,900,930,test
maze_27.0,maze,maze,915,945,test
maze_27.0,maze,maze,930,960,test
maze_27.0,maze,maze,945,975,test
maze_28.0,maze,maze,0,30,train
maze_28.0,maze,maze,15,45,train
maze_28.0,maze,maze,30,60,train
maze_28.0,maze,maze,45,75,train
maze_28.0,maze,maze,60,90,train
maze_28.0,maze,maze,75,105,train
maze_28.0,maze,maze,90,120,train
maze_28.0,maze,maze,105,135,train
maze_28.0,maze,maze,120,150,train
maze_28.0,maze,maze,135,165,train
maze_28.0,maze,maze,150,180,train
maze_28.0,maze,maze,165,195,train
maze_28.0,maze,maze,180,210,train
maze_28.0,maze,maze,195,225,train
maze_28.0,maze,maze,210,240,train
maze_28.0,maze,maze,225,255,train
maze_28.0,maze,maze,240,270,train
maze_28.0,maze,maze,255,285,train
maze_28.0,maze,maze,270,300,train
maze_28.0,maze,maze,285,315,train
maze_28.0,maze,maze,300,330,train
maze_28.0,maze,maze,315,345,train
maze_28.0,maze,maze,330,360,train
maze_28.0,maze,maze,345,375,train
maze_28.0,maze,maze,360,390,train
maze_28.0,maze,maze,375,405,train
maze_28.0,maze,maze,390,420,train
maze_28.0,maze,maze,405,435,train
maze_28.0,maze,maze,420,450,train
maze_28.0,maze,maze,435,465,train
maze_28.0,maze,maze,450,480,train
maze_28.0,maze,maze,465,495,train
maze_28.0,maze,maze,480,510,train
maze_28.0,maze,maze,495,525,train
maze_28.0,maze,maze,510,540,train
maze_28.0,maze,maze,525,555,excluded
maze_28.0,maze,maze,540,570,excluded
maze_28.0,maze,maze,555,585,excluded
maze_28.0,maze,maze,570,600,validation
maze_28.0,maze,maze,585,615,validation
maze_28.0,maze,maze,600,630,validation
maze_28.0,maze,maze,615,645,validation
maze_28.0,maze,maze,630,660,validation
maze_28.0,maze,maze,645,675,validation
maze_28.0,maze,maze,660,690,validation
maze_28.0,maze,maze,675,705,validation
maze_28.0,maze,maze,690,720,validation
maze_28.0,maze,maze,705,735,excluded
maze_28.0,maze,maze,720,750,excluded
maze_28.0,maze,maze,735,765,excluded
maze_28.0,maze,maze,750,780,test
maze_28.0,maze,maze,765,795,test
maze_28.0,maze,maze,780,810,test
maze_28.0,maze,maze,795,825,test
maze_28.0,maze,maze,810,840,test
maze_28.0,maze,maze,825,855,test
maze_28.0,maze,maze,840,870,test
maze_28.0,maze,maze,855,885,test
maze_28.0,maze,maze,870,900,test
maze_28.0,maze,maze,885,915,test
maze_29.0,maze,maze,0,30,train
maze_29.0,maze,maze,15,45,train
maze_29.0,maze,maze,30,60,train
maze_29.0,maze,maze,45,75,train
maze_29.0,maze,maze,60,90,train
maze_29.0,maze,maze,75,105,train
maze_29.0,maze,maze,90,120,train
maze_29.0,maze,maze,105,135,train
maze_29.0,maze,maze,120,150,train
maze_29.0,maze,maze,135,165,train
maze_29.0,maze,maze,150,180,train
maze_29.0,maze,maze,165,195,train
maze_29.0,maze,maze,180,210,train
maze_29.0,maze,maze,195,225,train
maze_29.0,maze,maze,210,240,train
maze_29.0,maze,maze,225,255,train
maze_29.0,maze,maze,240,270,train
maze_29.0,maze,maze,255,285,train
maze_29.0,maze,maze,270,300,train
maze_29.0,maze,maze,285,315,train
maze_29.0,maze,maze,300,330,train
maze_29.0,maze,maze,315,345,train
maze_29.0,maze,maze,330,360,train
maze_29.0,maze,maze,345,375,train
maze_29.0,maze,maze,360,390,train
maze_29.0,maze,maze,375,405,train
maze_29.0,maze,maze,390,420,train
maze_29.0,maze,maze,405,435,train
maze_29.0,maze,maze,420,450,train
maze_29.0,maze,maze,435,465,train
maze_29.0,maze,maze,450,480,train
maze_29.0,maze,maze,465,495,train
maze_29.0,maze,maze,480,510,train
maze_29.0,maze,maze,495,525,train
maze_29.0,maze,maze,510,540,train
maze_29.0,maze,maze,525,555,excluded
maze_29.0,maze,maze,540,570,excluded
maze_29.0,maze,maze,555,585,excluded
maze_29.0,maze,maze,570,600,validation
maze_29.0,maze,maze,585,615,validation
maze_29.0,maze,maze,600,630,validation
maze_29.0,maze,maze,615,645,validation
maze_29.0,maze,maze,630,660,validation
maze_29.0,maze,maze,645,675,validation
maze_29.0,maze,maze,660,690,validation
maze_29.0,maze,maze,675,705,validation
maze_29.0,maze,maze,690,720,validation
maze_29.0,maze,maze,705,735,excluded
maze_29.0,maze,maze,720,750,excluded
maze_29.0,maze,maze,735,765,excluded
maze_29.0,maze,maze,750,780,test
maze_29.0,maze,maze,765,795,test
maze_29.0,maze,maze,780,810,test
maze_29.0,maze,maze,795,825,test
maze_29.0,maze,maze,810,840,test
maze_29.0,maze,maze,825,855,test
maze_29.0,maze,maze,840,870,test
maze_29.0,maze,maze,855,885,test
maze_29.0,maze,maze,870,900,test
maze_29.0,maze,maze,885,915,test
maze_3.0,maze,maze,0,30,train
maze_3.0,maze,maze,15,45,train
maze_3.0,maze,maze,30,60,train
maze_3.0,maze,maze,45,75,train
maze_3.0,maze,maze,60,90,train
maze_3.0,maze,maze,75,105,train
maze_3.0,maze,maze,90,120,train
maze_3.0,maze,maze,105,135,train
maze_3.0,maze,maze,120,150,train
maze_3.0,maze,maze,135,165,train
maze_3.0,maze,maze,150,180,train
maze_3.0,maze,maze,165,195,train
maze_3.0,maze,maze,180,210,train
maze_3.0,maze,maze,195,225,train
maze_3.0,maze,maze,210,240,train
maze_3.0,maze,maze,225,255,train
maze_3.0,maze,maze,240,270,train
maze_3.0,maze,maze,255,285,train
maze_3.0,maze,maze,270,300,train
maze_3.0,maze,maze,285,315,train
maze_3.0,maze,maze,300,330,train
maze_3.0,maze,maze,315,345,train
maze_3.0,maze,maze,330,360,train
maze_3.0,maze,maze,345,375,train
maze_3.0,maze,maze,360,390,train
maze_3.0,maze,maze,375,405,train
maze_3.0,maze,maze,390,420,train
maze_3.0,maze,maze,405,435,train
maze_3.0,maze,maze,420,450,train
maze_3.0,maze,maze,435,465,train
maze_3.0,maze,maze,450,480,train
maze_3.0,maze,maze,465,495,train
maze_3.0,maze,maze,480,510,train
maze_3.0,maze,maze,495,525,train
maze_3.0,maze,maze,510,540,train
maze_3.0,maze,maze,525,555,excluded
maze_3.0,maze,maze,540,570,excluded
maze_3.0,maze,maze,555,585,validation
maze_3.0,maze,maze,570,600,validation
maze_3.0,maze,maze,585,615,validation
maze_3.0,maze,maze,600,630,validation
maze_3.0,maze,maze,615,645,validation
maze_3.0,maze,maze,630,660,validation
maze_3.0,maze,maze,645,675,validation
maze_3.0,maze,maze,660,690,validation
maze_3.0,maze,maze,675,705,validation
maze_3.0,maze,maze,690,720,validation
maze_3.0,maze,maze,705,735,excluded
maze_3.0,maze,maze,720,750,excluded
maze_3.0,maze,maze,735,765,test
maze_3.0,maze,maze,750,780,test
maze_3.0,maze,maze,765,795,test
maze_3.0,maze,maze,780,810,test
maze_3.0,maze,maze,795,825,test
maze_3.0,maze,maze,810,840,test
maze_3.0,maze,maze,825,855,test
maze_3.0,maze,maze,840,870,test
maze_3.0,maze,maze,855,885,test
maze_3.0,maze,maze,870,900,test
maze_30.0,maze,maze,0,30,train
maze_30.0,maze,maze,15,45,train
maze_30.0,maze,maze,30,60,train
maze_30.0,maze,maze,45,75,train
maze_30.0,maze,maze,60,90,train
maze_30.0,maze,maze,75,105,train
maze_30.0,maze,maze,90,120,train
maze_30.0,maze,maze,105,135,train
maze_30.0,maze,maze,120,150,train
maze_30.0,maze,maze,135,165,train
maze_30.0,maze,maze,150,180,train
maze_30.0,maze,maze,165,195,train
maze_30.0,maze,maze,180,210,train
maze_30.0,maze,maze,195,225,train
maze_30.0,maze,maze,210,240,train
maze_30.0,maze,maze,225,255,train
maze_30.0,maze,maze,240,270,train
maze_30.0,maze,maze,255,285,train
maze_30.0,maze,maze,270,300,train
maze_30.0,maze,maze,285,315,train
maze_30.0,maze,maze,300,330,train
maze_30.0,maze,maze,315,345,train
maze_30.0,maze,maze,330,360,train
maze_30.0,maze,maze,345,375,train
maze_30.0,maze,maze,360,390,train
maze_30.0,maze,maze,375,405,train
maze_30.0,maze,maze,390,420,train
maze_30.0,maze,maze,405,435,train
maze_30.0,maze,maze,420,450,train
maze_30.0,maze,maze,435,465,train
maze_30.0,maze,maze,450,480,train
maze_30.0,maze,maze,465,495,train
maze_30.0,maze,maze,480,510,train
maze_30.0,maze,maze,495,525,train
maze_30.0,maze,maze,510,540,train
maze_30.0,maze,maze,525,555,excluded
maze_30.0,maze,maze,540,570,excluded
maze_30.0,maze,maze,555,585,excluded
maze_30.0,maze,maze,570,600,validation
maze_30.0,maze,maze,585,615,validation
maze_30.0,maze,maze,600,630,validation
maze_30.0,maze,maze,615,645,validation
maze_30.0,maze,maze,630,660,validation
maze_30.0,maze,maze,645,675,validation
maze_30.0,maze,maze,660,690,validation
maze_30.0,maze,maze,675,705,validation
maze_30.0,maze,maze,690,720,validation
maze_30.0,maze,maze,705,735,excluded
maze_30.0,maze,maze,720,750,excluded
maze_30.0,maze,maze,735,765,excluded
maze_30.0,maze,maze,750,780,test
maze_30.0,maze,maze,765,795,test
maze_30.0,maze,maze,780,810,test
maze_30.0,maze,maze,795,825,test
maze_30.0,maze,maze,810,840,test
maze_30.0,maze,maze,825,855,test
maze_30.0,maze,maze,840,870,test
maze_30.0,maze,maze,855,885,test
maze_30.0,maze,maze,870,900,test
maze_30.0,maze,maze,885,915,test
maze_31.0,maze,maze,0,30,train
maze_31.0,maze,maze,15,45,train
maze_31.0,maze,maze,30,60,train
maze_31.0,maze,maze,45,75,train
maze_31.0,maze,maze,60,90,train
maze_31.0,maze,maze,75,105,train
maze_31.0,maze,maze,90,120,train
maze_31.0,maze,maze,105,135,train
maze_31.0,maze,maze,120,150,train
maze_31.0,maze,maze,135,165,train
maze_31.0,maze,maze,150,180,train
maze_31.0,maze,maze,165,195,train
maze_31.0,maze,maze,180,210,train
maze_31.0,maze,maze,195,225,train
maze_31.0,maze,maze,210,240,train
maze_31.0,maze,maze,225,255,train
maze_31.0,maze,maze,240,270,train
maze_31.0,maze,maze,255,285,train
maze_31.0,maze,maze,270,300,train
maze_31.0,maze,maze,285,315,train
maze_31.0,maze,maze,300,330,train
maze_31.0,maze,maze,315,345,train
maze_31.0,maze,maze,330,360,train
maze_31.0,maze,maze,345,375,train
maze_31.0,maze,maze,360,390,train
maze_31.0,maze,maze,375,405,train
maze_31.0,maze,maze,390,420,train
maze_31.0,maze,maze,405,435,train
maze_31.0,maze,maze,420,450,train
maze_31.0,maze,maze,435,465,train
maze_31.0,maze,maze,450,480,train
maze_31.0,maze,maze,465,495,train
maze_31.0,maze,maze,480,510,train
maze_31.0,maze,maze,495,525,train
maze_31.0,maze,maze,510,540,train
maze_31.0,maze,maze,525,555,excluded
maze_31.0,maze,maze,540,570,excluded
maze_31.0,maze,maze,555,585,excluded
maze_31.0,maze,maze,570,600,validation
maze_31.0,maze,maze,585,615,validation
maze_31.0,maze,maze,600,630,validation
maze_31.0,maze,maze,615,645,validation
maze_31.0,maze,maze,630,660,validation
maze_31.0,maze,maze,645,675,validation
maze_31.0,maze,maze,660,690,validation
maze_31.0,maze,maze,675,705,validation
maze_31.0,maze,maze,690,720,validation
maze_31.0,maze,maze,705,735,excluded
maze_31.0,maze,maze,720,750,excluded
maze_31.0,maze,maze,735,765,excluded
maze_31.0,maze,maze,750,780,test
maze_31.0,maze,maze,765,795,test
maze_31.0,maze,maze,780,810,test
maze_31.0,maze,maze,795,825,test
maze_31.0,maze,maze,810,840,test
maze_31.0,maze,maze,825,855,test
maze_31.0,maze,maze,840,870,test
maze_31.0,maze,maze,855,885,test
maze_31.0,maze,maze,870,900,test
maze_31.0,maze,maze,885,915,test
maze_33.0,maze,maze,0,30,train
maze_33.0,maze,maze,15,45,train
maze_33.0,maze,maze,30,60,train
maze_33.0,maze,maze,45,75,train
maze_33.0,maze,maze,60,90,train
maze_33.0,maze,maze,75,105,train
maze_33.0,maze,maze,90,120,train
maze_33.0,maze,maze,105,135,train
maze_33.0,maze,maze,120,150,train
maze_33.0,maze,maze,135,165,train
maze_33.0,maze,maze,150,180,train
maze_33.0,maze,maze,165,195,train
maze_33.0,maze,maze,180,210,train
maze_33.0,maze,maze,195,225,train
maze_33.0,maze,maze,210,240,train
maze_33.0,maze,maze,225,255,train
maze_33.0,maze,maze,240,270,train
maze_33.0,maze,maze,255,285,train
maze_33.0,maze,maze,270,300,train
maze_33.0,maze,maze,285,315,train
maze_33.0,maze,maze,300,330,train
maze_33.0,maze,maze,315,345,train
maze_33.0,maze,maze,330,360,train
maze_33.0,maze,maze,345,375,train
maze_33.0,maze,maze,360,390,train
maze_33.0,maze,maze,375,405,train
maze_33.0,maze,maze,390,420,train
maze_33.0,maze,maze,405,435,train
maze_33.0,maze,maze,420,450,train
maze_33.0,maze,maze,435,465,train
maze_33.0,maze,maze,450,480,train
maze_33.0,maze,maze,465,495,train
maze_33.0,maze,maze,480,510,train
maze_33.0,maze,maze,495,525,train
maze_33.0,maze,maze,510,540,train
maze_33.0,maze,maze,525,555,excluded
maze_33.0,maze,maze,540,570,excluded
maze_33.0,maze,maze,555,585,excluded
maze_33.0,maze,maze,570,600,validation
maze_33.0,maze,maze,585,615,validation
maze_33.0,maze,maze,600,630,validation
maze_33.0,maze,maze,615,645,validation
maze_33.0,maze,maze,630,660,validation
maze_33.0,maze,maze,645,675,validation
maze_33.0,maze,maze,660,690,validation
maze_33.0,maze,maze,675,705,validation
maze_33.0,maze,maze,690,720,validation
maze_33.0,maze,maze,705,735,excluded
maze_33.0,maze,maze,720,750,excluded
maze_33.0,maze,maze,735,765,excluded
maze_33.0,maze,maze,750,780,test
maze_33.0,maze,maze,765,795,test
maze_33.0,maze,maze,780,810,test
maze_33.0,maze,maze,795,825,test
maze_33.0,maze,maze,810,840,test
maze_33.0,maze,maze,825,855,test
maze_33.0,maze,maze,840,870,test
maze_33.0,maze,maze,855,885,test
maze_33.0,maze,maze,870,900,test
maze_33.0,maze,maze,885,915,test
maze_34.0,maze,maze,0,30,train
maze_34.0,maze,maze,15,45,train
maze_34.0,maze,maze,30,60,train
maze_34.0,maze,maze,45,75,train
maze_34.0,maze,maze,60,90,train
maze_34.0,maze,maze,75,105,train
maze_34.0,maze,maze,90,120,train
maze_34.0,maze,maze,105,135,train
maze_34.0,maze,maze,120,150,train
maze_34.0,maze,maze,135,165,train
maze_34.0,maze,maze,150,180,train
maze_34.0,maze,maze,165,195,train
maze_34.0,maze,maze,180,210,train
maze_34.0,maze,maze,195,225,train
maze_34.0,maze,maze,210,240,train
maze_34.0,maze,maze,225,255,train
maze_34.0,maze,maze,240,270,train
maze_34.0,maze,maze,255,285,train
maze_34.0,maze,maze,270,300,train
maze_34.0,maze,maze,285,315,train
maze_34.0,maze,maze,300,330,train
maze_34.0,maze,maze,315,345,train
maze_34.0,maze,maze,330,360,train
maze_34.0,maze,maze,345,375,train
maze_34.0,maze,maze,360,390,train
maze_34.0,maze,maze,375,405,train
maze_34.0,maze,maze,390,420,train
maze_34.0,maze,maze,405,435,train
maze_34.0,maze,maze,420,450,train
maze_34.0,maze,maze,435,465,train
maze_34.0,maze,maze,450,480,train
maze_34.0,maze,maze,465,495,train
maze_34.0,maze,maze,480,510,train
maze_34.0,maze,maze,495,525,train
maze_34.0,maze,maze,510,540,train
maze_34.0,maze,maze,525,555,train
maze_34.0,maze,maze,540,570,train
maze_34.0,maze,maze,555,585,train
maze_34.0,maze,maze,570,600,excluded
maze_34.0,maze,maze,585,615,excluded
maze_34.0,maze,maze,600,630,excluded
maze_34.0,maze,maze,615,645,validation
maze_34.0,maze,maze,630,660,validation
maze_34.0,maze,maze,645,675,validation
maze_34.0,maze,maze,660,690,validation
maze_34.0,maze,maze,675,705,validation
maze_34.0,maze,maze,690,720,validation
maze_34.0,maze,maze,705,735,validation
maze_34.0,maze,maze,720,750,validation
maze_34.0,maze,maze,735,765,validation
maze_34.0,maze,maze,750,780,validation
maze_34.0,maze,maze,765,795,excluded
maze_34.0,maze,maze,780,810,excluded
maze_34.0,maze,maze,795,825,excluded
maze_34.0,maze,maze,810,840,test
maze_34.0,maze,maze,825,855,test
maze_34.0,maze,maze,840,870,test
maze_34.0,maze,maze,855,885,test
maze_34.0,maze,maze,870,900,test
maze_34.0,maze,maze,885,915,test
maze_34.0,maze,maze,900,930,test
maze_34.0,maze,maze,915,945,test
maze_34.0,maze,maze,930,960,test
maze_34.0,maze,maze,945,975,test
maze_34.0,maze,maze,960,990,test
maze_35.0,maze,maze,0,30,train
maze_35.0,maze,maze,15,45,train
maze_35.0,maze,maze,30,60,train
maze_35.0,maze,maze,45,75,train
maze_35.0,maze,maze,60,90,train
maze_35.0,maze,maze,75,105,train
maze_35.0,maze,maze,90,120,train
maze_35.0,maze,maze,105,135,train
maze_35.0,maze,maze,120,150,train
maze_35.0,maze,maze,135,165,train
maze_35.0,maze,maze,150,180,train
maze_35.0,maze,maze,165,195,train
maze_35.0,maze,maze,180,210,train
maze_35.0,maze,maze,195,225,train
maze_35.0,maze,maze,210,240,train
maze_35.0,maze,maze,225,255,train
maze_35.0,maze,maze,240,270,train
maze_35.0,maze,maze,255,285,train
maze_35.0,maze,maze,270,300,train
maze_35.0,maze,maze,285,315,train
maze_35.0,maze,maze,300,330,train
maze_35.0,maze,maze,315,345,train
maze_35.0,maze,maze,330,360,train
maze_35.0,maze,maze,345,375,train
maze_35.0,maze,maze,360,390,train
maze_35.0,maze,maze,375,405,train
maze_35.0,maze,maze,390,420,train
maze_35.0,maze,maze,405,435,train
maze_35.0,maze,maze,420,450,train
maze_35.0,maze,maze,435,465,train
maze_35.0,maze,maze,450,480,train
maze_35.0,maze,maze,465,495,train
maze_35.0,maze,maze,480,510,train
maze_35.0,maze,maze,495,525,train
maze_35.0,maze,maze,510,540,train
maze_35.0,maze,maze,525,555,excluded
maze_35.0,maze,maze,540,570,excluded
maze_35.0,maze,maze,555,585,excluded
maze_35.0,maze,maze,570,600,validation
maze_35.0,maze,maze,585,615,validation
maze_35.0,maze,maze,600,630,validation
maze_35.0,maze,maze,615,645,validation
maze_35.0,maze,maze,630,660,validation
maze_35.0,maze,maze,645,675,validation
maze_35.0,maze,maze,660,690,validation
maze_35.0,maze,maze,675,705,validation
maze_35.0,maze,maze,690,720,validation
maze_35.0,maze,maze,705,735,excluded
maze_35.0,maze,maze,720,750,excluded
maze_35.0,maze,maze,735,765,excluded
maze_35.0,maze,maze,750,780,test
maze_35.0,maze,maze,765,795,test
maze_35.0,maze,maze,780,810,test
maze_35.0,maze,maze,795,825,test
maze_35.0,maze,maze,810,840,test
maze_35.0,maze,maze,825,855,test
maze_35.0,maze,maze,840,870,test
maze_35.0,maze,maze,855,885,test
maze_35.0,maze,maze,870,900,test
maze_35.0,maze,maze,885,915,test
maze_37.0,maze,maze,0,30,train
maze_37.0,maze,maze,15,45,train
maze_37.0,maze,maze,30,60,train
maze_37.0,maze,maze,45,75,train
maze_37.0,maze,maze,60,90,train
maze_37.0,maze,maze,75,105,train
maze_37.0,maze,maze,90,120,train
maze_37.0,maze,maze,105,135,train
maze_37.0,maze,maze,120,150,train
maze_37.0,maze,maze,135,165,train
maze_37.0,maze,maze,150,180,train
maze_37.0,maze,maze,165,195,train
maze_37.0,maze,maze,180,210,train
maze_37.0,maze,maze,195,225,train
maze_37.0,maze,maze,210,240,train
maze_37.0,maze,maze,225,255,train
maze_37.0,maze,maze,240,270,train
maze_37.0,maze,maze,255,285,train
maze_37.0,maze,maze,270,300,train
maze_37.0,maze,maze,285,315,train
maze_37.0,maze,maze,300,330,train
maze_37.0,maze,maze,315,345,train
maze_37.0,maze,maze,330,360,train
maze_37.0,maze,maze,345,375,train
maze_37.0,maze,maze,360,390,train
maze_37.0,maze,maze,375,405,train
maze_37.0,maze,maze,390,420,train
maze_37.0,maze,maze,405,435,train
maze_37.0,maze,maze,420,450,train
maze_37.0,maze,maze,435,465,train
maze_37.0,maze,maze,450,480,train
maze_37.0,maze,maze,465,495,train
maze_37.0,maze,maze,480,510,train
maze_37.0,maze,maze,495,525,train
maze_37.0,maze,maze,510,540,train
maze_37.0,maze,maze,525,555,excluded
maze_37.0,maze,maze,540,570,excluded
maze_37.0,maze,maze,555,585,excluded
maze_37.0,maze,maze,570,600,validation
maze_37.0,maze,maze,585,615,validation
maze_37.0,maze,maze,600,630,validation
maze_37.0,maze,maze,615,645,validation
maze_37.0,maze,maze,630,660,validation
maze_37.0,maze,maze,645,675,validation
maze_37.0,maze,maze,660,690,validation
maze_37.0,maze,maze,675,705,validation
maze_37.0,maze,maze,690,720,validation
maze_37.0,maze,maze,705,735,excluded
maze_37.0,maze,maze,720,750,excluded
maze_37.0,maze,maze,735,765,excluded
maze_37.0,maze,maze,750,780,test
maze_37.0,maze,maze,765,795,test
maze_37.0,maze,maze,780,810,test
maze_37.0,maze,maze,795,825,test
maze_37.0,maze,maze,810,840,test
maze_37.0,maze,maze,825,855,test
maze_37.0,maze,maze,840,870,test
maze_37.0,maze,maze,855,885,test
maze_37.0,maze,maze,870,900,test
maze_37.0,maze,maze,885,915,test
maze_38.0,maze,maze,0,30,train
maze_38.0,maze,maze,15,45,train
maze_38.0,maze,maze,30,60,train
maze_38.0,maze,maze,45,75,train
maze_38.0,maze,maze,60,90,train
maze_38.0,maze,maze,75,105,train
maze_38.0,maze,maze,90,120,train
maze_38.0,maze,maze,105,135,train
maze_38.0,maze,maze,120,150,train
maze_38.0,maze,maze,135,165,train
maze_38.0,maze,maze,150,180,train
maze_38.0,maze,maze,165,195,train
maze_38.0,maze,maze,180,210,train
maze_38.0,maze,maze,195,225,train
maze_38.0,maze,maze,210,240,train
maze_38.0,maze,maze,225,255,train
maze_38.0,maze,maze,240,270,train
maze_38.0,maze,maze,255,285,train
maze_38.0,maze,maze,270,300,train
maze_38.0,maze,maze,285,315,train
maze_38.0,maze,maze,300,330,train
maze_38.0,maze,maze,315,345,train
maze_38.0,maze,maze,330,360,train
maze_38.0,maze,maze,345,375,train
maze_38.0,maze,maze,360,390,train
maze_38.0,maze,maze,375,405,train
maze_38.0,maze,maze,390,420,train
maze_38.0,maze,maze,405,435,train
maze_38.0,maze,maze,420,450,train
maze_38.0,maze,maze,435,465,train
maze_38.0,maze,maze,450,480,train
maze_38.0,maze,maze,465,495,train
maze_38.0,maze,maze,480,510,train
maze_38.0,maze,maze,495,525,train
maze_38.0,maze,maze,510,540,train
maze_38.0,maze,maze,525,555,excluded
maze_38.0,maze,maze,540,570,excluded
maze_38.0,maze,maze,555,585,excluded
maze_38.0,maze,maze,570,600,validation
maze_38.0,maze,maze,585,615,validation
maze_38.0,maze,maze,600,630,validation
maze_38.0,maze,maze,615,645,validation
maze_38.0,maze,maze,630,660,validation
maze_38.0,maze,maze,645,675,validation
maze_38.0,maze,maze,660,690,validation
maze_38.0,maze,maze,675,705,validation
maze_38.0,maze,maze,690,720,validation
maze_38.0,maze,maze,705,735,excluded
maze_38.0,maze,maze,720,750,excluded
maze_38.0,maze,maze,735,765,excluded
maze_38.0,maze,maze,750,780,test
maze_38.0,maze,maze,765,795,test
maze_38.0,maze,maze,780,810,test
maze_38.0,maze,maze,795,825,test
maze_38.0,maze,maze,810,840,test
maze_38.0,maze,maze,825,855,test
maze_38.0,maze,maze,840,870,test
maze_38.0,maze,maze,855,885,test
maze_38.0,maze,maze,870,900,test
maze_38.0,maze,maze,885,915,test
maze_39.0,maze,maze,0,30,train
maze_39.0,maze,maze,15,45,train
maze_39.0,maze,maze,30,60,train
maze_39.0,maze,maze,45,75,train
maze_39.0,maze,maze,60,90,train
maze_39.0,maze,maze,75,105,train
maze_39.0,maze,maze,90,120,train
maze_39.0,maze,maze,105,135,train
maze_39.0,maze,maze,120,150,train
maze_39.0,maze,maze,135,165,train
maze_39.0,maze,maze,150,180,train
maze_39.0,maze,maze,165,195,train
maze_39.0,maze,maze,180,210,train
maze_39.0,maze,maze,195,225,train
maze_39.0,maze,maze,210,240,train
maze_39.0,maze,maze,225,255,train
maze_39.0,maze,maze,240,270,train
maze_39.0,maze,maze,255,285,train
maze_39.0,maze,maze,270,300,train
maze_39.0,maze,maze,285,315,train
maze_39.0,maze,maze,300,330,train
maze_39.0,maze,maze,315,345,train
maze_39.0,maze,maze,330,360,train
maze_39.0,maze,maze,345,375,train
maze_39.0,maze,maze,360,390,train
maze_39.0,maze,maze,375,405,train
maze_39.0,maze,maze,390,420,train
maze_39.0,maze,maze,405,435,train
maze_39.0,maze,maze,420,450,train
maze_39.0,maze,maze,435,465,train
maze_39.0,maze,maze,450,480,train
maze_39.0,maze,maze,465,495,train
maze_39.0,maze,maze,480,510,train
maze_39.0,maze,maze,495,525,train
maze_39.0,maze,maze,510,540,train
maze_39.0,maze,maze,525,555,excluded
maze_39.0,maze,maze,540,570,excluded
maze_39.0,maze,maze,555,585,excluded
maze_39.0,maze,maze,570,600,validation
maze_39.0,maze,maze,585,615,validation
maze_39.0,maze,maze,600,630,validation
maze_39.0,maze,maze,615,645,validation
maze_39.0,maze,maze,630,660,validation
maze_39.0,maze,maze,645,675,validation
maze_39.0,maze,maze,660,690,validation
maze_39.0,maze,maze,675,705,validation
maze_39.0,maze,maze,690,720,validation
maze_39.0,maze,maze,705,735,excluded
maze_39.0,maze,maze,720,750,excluded
maze_39.0,maze,maze,735,765,excluded
maze_39.0,maze,maze,750,780,test
maze_39.0,maze,maze,765,795,test
maze_39.0,maze,maze,780,810,test
maze_39.0,maze,maze,795,825,test
maze_39.0,maze,maze,810,840,test
maze_39.0,maze,maze,825,855,test
maze_39.0,maze,maze,840,870,test
maze_39.0,maze,maze,855,885,test
maze_39.0,maze,maze,870,900,test
maze_39.0,maze,maze,885,915,test
maze_4.0,maze,maze,0,30,train
maze_4.0,maze,maze,15,45,train
maze_4.0,maze,maze,30,60,train
maze_4.0,maze,maze,45,75,train
maze_4.0,maze,maze,60,90,train
maze_4.0,maze,maze,75,105,train
maze_4.0,maze,maze,90,120,train
maze_4.0,maze,maze,105,135,train
maze_4.0,maze,maze,120,150,train
maze_4.0,maze,maze,135,165,train
maze_4.0,maze,maze,150,180,train
maze_4.0,maze,maze,165,195,train
maze_4.0,maze,maze,180,210,train
maze_4.0,maze,maze,195,225,train
maze_4.0,maze,maze,210,240,train
maze_4.0,maze,maze,225,255,train
maze_4.0,maze,maze,240,270,train
maze_4.0,maze,maze,255,285,train
maze_4.0,maze,maze,270,300,train
maze_4.0,maze,maze,285,315,train
maze_4.0,maze,maze,300,330,train
maze_4.0,maze,maze,315,345,train
maze_4.0,maze,maze,330,360,train
maze_4.0,maze,maze,345,375,train
maze_4.0,maze,maze,360,390,train
maze_4.0,maze,maze,375,405,train
maze_4.0,maze,maze,390,420,train
maze_4.0,maze,maze,405,435,train
maze_4.0,maze,maze,420,450,train
maze_4.0,maze,maze,435,465,train
maze_4.0,maze,maze,450,480,train
maze_4.0,maze,maze,465,495,train
maze_4.0,maze,maze,480,510,train
maze_4.0,maze,maze,495,525,train
maze_4.0,maze,maze,510,540,train
maze_4.0,maze,maze,525,555,train
maze_4.0,maze,maze,540,570,train
maze_4.0,maze,maze,555,585,train
maze_4.0,maze,maze,570,600,excluded
maze_4.0,maze,maze,585,615,excluded
maze_4.0,maze,maze,600,630,excluded
maze_4.0,maze,maze,615,645,validation
maze_4.0,maze,maze,630,660,validation
maze_4.0,maze,maze,645,675,validation
maze_4.0,maze,maze,660,690,validation
maze_4.0,maze,maze,675,705,validation
maze_4.0,maze,maze,690,720,validation
maze_4.0,maze,maze,705,735,validation
maze_4.0,maze,maze,720,750,validation
maze_4.0,maze,maze,735,765,validation
maze_4.0,maze,maze,750,780,validation
maze_4.0,maze,maze,765,795,excluded
maze_4.0,maze,maze,780,810,excluded
maze_4.0,maze,maze,795,825,excluded
maze_4.0,maze,maze,810,840,test
maze_4.0,maze,maze,825,855,test
maze_4.0,maze,maze,840,870,test
maze_4.0,maze,maze,855,885,test
maze_4.0,maze,maze,870,900,test
maze_4.0,maze,maze,885,915,test
maze_4.0,maze,maze,900,930,test
maze_4.0,maze,maze,915,945,test
maze_4.0,maze,maze,930,960,test
maze_4.0,maze,maze,945,975,test
maze_4.0,maze,maze,960,990,test
maze_40.0,maze,maze,0,30,train
maze_40.0,maze,maze,15,45,train
maze_40.0,maze,maze,30,60,train
maze_40.0,maze,maze,45,75,train
maze_40.0,maze,maze,60,90,train
maze_40.0,maze,maze,75,105,train
maze_40.0,maze,maze,90,120,train
maze_40.0,maze,maze,105,135,train
maze_40.0,maze,maze,120,150,train
maze_40.0,maze,maze,135,165,train
maze_40.0,maze,maze,150,180,train
maze_40.0,maze,maze,165,195,train
maze_40.0,maze,maze,180,210,train
maze_40.0,maze,maze,195,225,train
maze_40.0,maze,maze,210,240,train
maze_40.0,maze,maze,225,255,train
maze_40.0,maze,maze,240,270,train
maze_40.0,maze,maze,255,285,train
maze_40.0,maze,maze,270,300,train
maze_40.0,maze,maze,285,315,train
maze_40.0,maze,maze,300,330,train
maze_40.0,maze,maze,315,345,train
maze_40.0,maze,maze,330,360,train
maze_40.0,maze,maze,345,375,train
maze_40.0,maze,maze,360,390,train
maze_40.0,maze,maze,375,405,train
maze_40.0,maze,maze,390,420,train
maze_40.0,maze,maze,405,435,train
maze_40.0,maze,maze,420,450,train
maze_40.0,maze,maze,435,465,train
maze_40.0,maze,maze,450,480,train
maze_40.0,maze,maze,465,495,train
maze_40.0,maze,maze,480,510,train
maze_40.0,maze,maze,495,525,train
maze_40.0,maze,maze,510,540,train
maze_40.0,maze,maze,525,555,train
maze_40.0,maze,maze,540,570,excluded
maze_40.0,maze,maze,555,585,excluded
maze_40.0,maze,maze,570,600,excluded
maze_40.0,maze,maze,585,615,validation
maze_40.0,maze,maze,600,630,validation
maze_40.0,maze,maze,615,645,validation
maze_40.0,maze,maze,630,660,validation
maze_40.0,maze,maze,645,675,validation
maze_40.0,maze,maze,660,690,validation
maze_40.0,maze,maze,675,705,validation
maze_40.0,maze,maze,690,720,validation
maze_40.0,maze,maze,705,735,validation
maze_40.0,maze,maze,720,750,excluded
maze_40.0,maze,maze,735,765,excluded
maze_40.0,maze,maze,750,780,excluded
maze_40.0,maze,maze,765,795,test
maze_40.0,maze,maze,780,810,test
maze_40.0,maze,maze,795,825,test
maze_40.0,maze,maze,810,840,test
maze_40.0,maze,maze,825,855,test
maze_40.0,maze,maze,840,870,test
maze_40.0,maze,maze,855,885,test
maze_40.0,maze,maze,870,900,test
maze_40.0,maze,maze,885,915,test
maze_40.0,maze,maze,900,930,test
maze_5.0,maze,maze,0,30,train
maze_5.0,maze,maze,15,45,train
maze_5.0,maze,maze,30,60,train
maze_5.0,maze,maze,45,75,train
maze_5.0,maze,maze,60,90,train
maze_5.0,maze,maze,75,105,train
maze_5.0,maze,maze,90,120,train
maze_5.0,maze,maze,105,135,train
maze_5.0,maze,maze,120,150,train
maze_5.0,maze,maze,135,165,train
maze_5.0,maze,maze,150,180,train
maze_5.0,maze,maze,165,195,train
maze_5.0,maze,maze,180,210,train
maze_5.0,maze,maze,195,225,train
maze_5.0,maze,maze,210,240,train
maze_5.0,maze,maze,225,255,train
maze_5.0,maze,maze,240,270,train
maze_5.0,maze,maze,255,285,train
maze_5.0,maze,maze,270,300,train
maze_5.0,maze,maze,285,315,train
maze_5.0,maze,maze,300,330,train
maze_5.0,maze,maze,315,345,train
maze_5.0,maze,maze,330,360,train
maze_5.0,maze,maze,345,375,train
maze_5.0,maze,maze,360,390,train
maze_5.0,maze,maze,375,405,train
maze_5.0,maze,maze,390,420,train
maze_5.0,maze,maze,405,435,train
maze_5.0,maze,maze,420,450,train
maze_5.0,maze,maze,435,465,train
maze_5.0,maze,maze,450,480,train
maze_5.0,maze,maze,465,495,train
maze_5.0,maze,maze,480,510,train
maze_5.0,maze,maze,495,525,train
maze_5.0,maze,maze,510,540,train
maze_5.0,maze,maze,525,555,train
maze_5.0,maze,maze,540,570,excluded
maze_5.0,maze,maze,555,585,excluded
maze_5.0,maze,maze,570,600,excluded
maze_5.0,maze,maze,585,615,validation
maze_5.0,maze,maze,600,630,validation
maze_5.0,maze,maze,615,645,validation
maze_5.0,maze,maze,630,660,validation
maze_5.0,maze,maze,645,675,validation
maze_5.0,maze,maze,660,690,validation
maze_5.0,maze,maze,675,705,validation
maze_5.0,maze,maze,690,720,validation
maze_5.0,maze,maze,705,735,validation
maze_5.0,maze,maze,720,750,validation
maze_5.0,maze,maze,735,765,excluded
maze_5.0,maze,maze,750,780,excluded
maze_5.0,maze,maze,765,795,excluded
maze_5.0,maze,maze,780,810,test
maze_5.0,maze,maze,795,825,test
maze_5.0,maze,maze,810,840,test
maze_5.0,maze,maze,825,855,test
maze_5.0,maze,maze,840,870,test
maze_5.0,maze,maze,855,885,test
maze_5.0,maze,maze,870,900,test
maze_5.0,maze,maze,885,915,test
maze_5.0,maze,maze,900,930,test
maze_5.0,maze,maze,915,945,test
maze_6.0,maze,maze,0,30,train
maze_6.0,maze,maze,15,45,train
maze_6.0,maze,maze,30,60,train
maze_6.0,maze,maze,45,75,train
maze_6.0,maze,maze,60,90,train
maze_6.0,maze,maze,75,105,train
maze_6.0,maze,maze,90,120,train
maze_6.0,maze,maze,105,135,train
maze_6.0,maze,maze,120,150,train
maze_6.0,maze,maze,135,165,train
maze_6.0,maze,maze,150,180,train
maze_6.0,maze,maze,165,195,train
maze_6.0,maze,maze,180,210,train
maze_6.0,maze,maze,195,225,train
maze_6.0,maze,maze,210,240,train
maze_6.0,maze,maze,225,255,train
maze_6.0,maze,maze,240,270,train
maze_6.0,maze,maze,255,285,train
maze_6.0,maze,maze,270,300,train
maze_6.0,maze,maze,285,315,train
maze_6.0,maze,maze,300,330,train
maze_6.0,maze,maze,315,345,train
maze_6.0,maze,maze,330,360,train
maze_6.0,maze,maze,345,375,train
maze_6.0,maze,maze,360,390,train
maze_6.0,maze,maze,375,405,train
maze_6.0,maze,maze,390,420,train
maze_6.0,maze,maze,405,435,train
maze_6.0,maze,maze,420,450,train
maze_6.0,maze,maze,435,465,train
maze_6.0,maze,maze,450,480,train
maze_6.0,maze,maze,465,495,train
maze_6.0,maze,maze,480,510,train
maze_6.0,maze,maze,495,525,train
maze_6.0,maze,maze,510,540,train
maze_6.0,maze,maze,525,555,excluded
maze_6.0,maze,maze,540,570,excluded
maze_6.0,maze,maze,555,585,excluded
maze_6.0,maze,maze,570,600,validation
maze_6.0,maze,maze,585,615,validation
maze_6.0,maze,maze,600,630,validation
maze_6.0,maze,maze,615,645,validation
maze_6.0,maze,maze,630,660,validation
maze_6.0,maze,maze,645,675,validation
maze_6.0,maze,maze,660,690,validation
maze_6.0,maze,maze,675,705,validation
maze_6.0,maze,maze,690,720,validation
maze_6.0,maze,maze,705,735,excluded
maze_6.0,maze,maze,720,750,excluded
maze_6.0,maze,maze,735,765,excluded
maze_6.0,maze,maze,750,780,test
maze_6.0,maze,maze,765,795,test
maze_6.0,maze,maze,780,810,test
maze_6.0,maze,maze,795,825,test
maze_6.0,maze,maze,810,840,test
maze_6.0,maze,maze,825,855,test
maze_6.0,maze,maze,840,870,test
maze_6.0,maze,maze,855,885,test
maze_6.0,maze,maze,870,900,test
maze_6.0,maze,maze,885,915,test
maze_7.0,maze,maze,0,30,train
maze_7.0,maze,maze,15,45,train
maze_7.0,maze,maze,30,60,train
maze_7.0,maze,maze,45,75,train
maze_7.0,maze,maze,60,90,train
maze_7.0,maze,maze,75,105,train
maze_7.0,maze,maze,90,120,train
maze_7.0,maze,maze,105,135,train
maze_7.0,maze,maze,120,150,train
maze_7.0,maze,maze,135,165,train
maze_7.0,maze,maze,150,180,train
maze_7.0,maze,maze,165,195,train
maze_7.0,maze,maze,180,210,train
maze_7.0,maze,maze,195,225,train
maze_7.0,maze,maze,210,240,train
maze_7.0,maze,maze,225,255,train
maze_7.0,maze,maze,240,270,train
maze_7.0,maze,maze,255,285,train
maze_7.0,maze,maze,270,300,train
maze_7.0,maze,maze,285,315,train
maze_7.0,maze,maze,300,330,train
maze_7.0,maze,maze,315,345,train
maze_7.0,maze,maze,330,360,train
maze_7.0,maze,maze,345,375,train
maze_7.0,maze,maze,360,390,train
maze_7.0,maze,maze,375,405,train
maze_7.0,maze,maze,390,420,train
maze_7.0,maze,maze,405,435,train
maze_7.0,maze,maze,420,450,train
maze_7.0,maze,maze,435,465,train
maze_7.0,maze,maze,450,480,train
maze_7.0,maze,maze,465,495,train
maze_7.0,maze,maze,480,510,train
maze_7.0,maze,maze,495,525,train
maze_7.0,maze,maze,510,540,train
maze_7.0,maze,maze,525,555,excluded
maze_7.0,maze,maze,540,570,excluded
maze_7.0,maze,maze,555,585,excluded
maze_7.0,maze,maze,570,600,validation
maze_7.0,maze,maze,585,615,validation
maze_7.0,maze,maze,600,630,validation
maze_7.0,maze,maze,615,645,validation
maze_7.0,maze,maze,630,660,validation
maze_7.0,maze,maze,645,675,validation
maze_7.0,maze,maze,660,690,validation
maze_7.0,maze,maze,675,705,validation
maze_7.0,maze,maze,690,720,validation
maze_7.0,maze,maze,705,735,excluded
maze_7.0,maze,maze,720,750,excluded
maze_7.0,maze,maze,735,765,excluded
maze_7.0,maze,maze,750,780,test
maze_7.0,maze,maze,765,795,test
maze_7.0,maze,maze,780,810,test
maze_7.0,maze,maze,795,825,test
maze_7.0,maze,maze,810,840,test
maze_7.0,maze,maze,825,855,test
maze_7.0,maze,maze,840,870,test
maze_7.0,maze,maze,855,885,test
maze_7.0,maze,maze,870,900,test
maze_7.0,maze,maze,885,915,test
maze_8.0,maze,maze,0,30,train
maze_8.0,maze,maze,15,45,train
maze_8.0,maze,maze,30,60,train
maze_8.0,maze,maze,45,75,train
maze_8.0,maze,maze,60,90,train
maze_8.0,maze,maze,75,105,train
maze_8.0,maze,maze,90,120,train
maze_8.0,maze,maze,105,135,train
maze_8.0,maze,maze,120,150,train
maze_8.0,maze,maze,135,165,train
maze_8.0,maze,maze,150,180,train
maze_8.0,maze,maze,165,195,train
maze_8.0,maze,maze,180,210,train
maze_8.0,maze,maze,195,225,train
maze_8.0,maze,maze,210,240,train
maze_8.0,maze,maze,225,255,train
maze_8.0,maze,maze,240,270,train
maze_8.0,maze,maze,255,285,train
maze_8.0,maze,maze,270,300,train
maze_8.0,maze,maze,285,315,train
maze_8.0,maze,maze,300,330,train
maze_8.0,maze,maze,315,345,train
maze_8.0,maze,maze,330,360,train
maze_8.0,maze,maze,345,375,train
maze_8.0,maze,maze,360,390,train
maze_8.0,maze,maze,375,405,train
maze_8.0,maze,maze,390,420,train
maze_8.0,maze,maze,405,435,train
maze_8.0,maze,maze,420,450,train
maze_8.0,maze,maze,435,465,train
maze_8.0,maze,maze,450,480,train
maze_8.0,maze,maze,465,495,train
maze_8.0,maze,maze,480,510,train
maze_8.0,maze,maze,495,525,train
maze_8.0,maze,maze,510,540,train
maze_8.0,maze,maze,525,555,excluded
maze_8.0,maze,maze,540,570,excluded
maze_8.0,maze,maze,555,585,excluded
maze_8.0,maze,maze,570,600,validation
maze_8.0,maze,maze,585,615,validation
maze_8.0,maze,maze,600,630,validation
maze_8.0,maze,maze,615,645,validation
maze_8.0,maze,maze,630,660,validation
maze_8.0,maze,maze,645,675,validation
maze_8.0,maze,maze,660,690,validation
maze_8.0,maze,maze,675,705,validation
maze_8.0,maze,maze,690,720,validation
maze_8.0,maze,maze,705,735,excluded
maze_8.0,maze,maze,720,750,excluded
maze_8.0,maze,maze,735,765,excluded
maze_8.0,maze,maze,750,780,test
maze_8.0,maze,maze,765,795,test
maze_8.0,maze,maze,780,810,test
maze_8.0,maze,maze,795,825,test
maze_8.0,maze,maze,810,840,test
maze_8.0,maze,maze,825,855,test
maze_8.0,maze,maze,840,870,test
maze_8.0,maze,maze,855,885,test
maze_8.0,maze,maze,870,900,test
maze_8.0,maze,maze,885,915,test
maze_9.0,maze,maze,0,30,train
maze_9.0,maze,maze,15,45,train
maze_9.0,maze,maze,30,60,train
maze_9.0,maze,maze,45,75,train
maze_9.0,maze,maze,60,90,train
maze_9.0,maze,maze,75,105,train
maze_9.0,maze,maze,90,120,train
maze_9.0,maze,maze,105,135,train
maze_9.0,maze,maze,120,150,train
maze_9.0,maze,maze,135,165,train
maze_9.0,maze,maze,150,180,train
maze_9.0,maze,maze,165,195,train
maze_9.0,maze,maze,180,210,train
maze_9.0,maze,maze,195,225,train
maze_9.0,maze,maze,210,240,train
maze_9.0,maze,maze,225,255,train
maze_9.0,maze,maze,240,270,train
maze_9.0,maze,maze,255,285,train
maze_9.0,maze,maze,270,300,train
maze_9.0,maze,maze,285,315,train
maze_9.0,maze,maze,300,330,train
maze_9.0,maze,maze,315,345,train
maze_9.0,maze,maze,330,360,train
maze_9.0,maze,maze,345,375,train
maze_9.0,maze,maze,360,390,train
maze_9.0,maze,maze,375,405,train
maze_9.0,maze,maze,390,420,train
maze_9.0,maze,maze,405,435,train
maze_9.0,maze,maze,420,450,train
maze_9.0,maze,maze,435,465,train
maze_9.0,maze,maze,450,480,train
maze_9.0,maze,maze,465,495,train
maze_9.0,maze,maze,480,510,train
maze_9.0,maze,maze,495,525,train
maze_9.0,maze,maze,510,540,train
maze_9.0,maze,maze,525,555,train
maze_9.0,maze,maze,540,570,excluded
maze_9.0,maze,maze,555,585,excluded
maze_9.0,maze,maze,570,600,excluded
maze_9.0,maze,maze,585,615,validation
maze_9.0,maze,maze,600,630,validation
maze_9.0,maze,maze,615,645,validation
maze_9.0,maze,maze,630,660,validation
maze_9.0,maze,maze,645,675,validation
maze_9.0,maze,maze,660,690,validation
maze_9.0,maze,maze,675,705,validation
maze_9.0,maze,maze,690,720,validation
maze_9.0,maze,maze,705,735,validation
maze_9.0,maze,maze,720,750,validation
maze_9.0,maze,maze,735,765,excluded
maze_9.0,maze,maze,750,780,excluded
maze_9.0,maze,maze,765,795,excluded
maze_9.0,maze,maze,780,810,test
maze_9.0,maze,maze,795,825,test
maze_9.0,maze,maze,810,840,test
maze_9.0,maze,maze,825,855,test
maze_9.0,maze,maze,840,870,test
maze_9.0,maze,maze,855,885,test
maze_9.0,maze,maze,870,900,test
maze_9.0,maze,maze,885,915,test
maze_9.0,maze,maze,900,930,test
maze_9.0,maze,maze,915,945,test
simulations_1.0,beach,simulations,0,30,train
simulations_1.0,beach,simulations,15,45,train
simulations_1.0,beach,simulations,30,60,train
simulations_1.0,beach,simulations,45,75,train
simulations_1.0,beach,simulations,60,90,train
simulations_1.0,beach,simulations,75,105,train
simulations_1.0,beach,simulations,90,120,train
simulations_1.0,beach,simulations,105,135,train
simulations_1.0,beach,simulations,120,150,train
simulations_1.0,beach,simulations,135,165,train
simulations_1.0,beach,simulations,150,180,train
simulations_1.0,beach,simulations,165,195,train
simulations_1.0,beach,simulations,180,210,train
simulations_1.0,beach,simulations,195,225,train
simulations_1.0,beach,simulations,210,240,train
simulations_1.0,beach,simulations,225,255,excluded
simulations_1.0,beach,simulations,240,270,excluded
simulations_1.0,beach,simulations,255,285,excluded
simulations_1.0,beach,simulations,270,300,validation
simulations_1.0,beach,simulations,285,315,validation
simulations_1.0,beach,simulations,300,330,validation
simulations_1.0,beach,simulations,315,345,excluded
simulations_1.0,beach,simulations,330,360,excluded
simulations_1.0,beach,simulations,345,375,excluded
simulations_1.0,beach,simulations,360,390,test
simulations_1.0,beach,simulations,375,405,test
simulations_1.0,beach,simulations,390,420,test
simulations_1.0,roller,simulations,0,30,train
simulations_1.0,roller,simulations,15,45,train
simulations_1.0,roller,simulations,30,60,train
simulations_1.0,roller,simulations,45,75,train
simulations_1.0,roller,simulations,60,90,train
simulations_1.0,roller,simulations,75,105,train
simulations_1.0,roller,simulations,90,120,train
simulations_1.0,roller,simulations,105,135,train
simulations_1.0,roller,simulations,120,150,train
simulations_1.0,roller,simulations,135,165,train
simulations_1.0,roller,simulations,150,180,train
simulations_1.0,roller,simulations,165,195,train
simulations_1.0,roller,simulations,180,210,train
simulations_1.0,roller,simulations,195,225,train
simulations_1.0,roller,simulations,210,240,train
simulations_1.0,roller,simulations,225,255,excluded
simulations_1.0,roller,simulations,240,270,excluded
simulations_1.0,roller,simulations,255,285,excluded
simulations_1.0,roller,simulations,270,300,validation
simulations_1.0,roller,simulations,285,315,validation
simulations_1.0,roller,simulations,300,330,validation
simulations_1.0,roller,simulations,315,345,excluded
simulations_1.0,roller,simulations,330,360,excluded
simulations_1.0,roller,simulations,345,375,excluded
simulations_1.0,roller,simulations,360,390,test
simulations_1.0,roller,simulations,375,405,test
simulations_1.0,roller,simulations,390,420,test
simulations_1.0,room,simulations,0,30,train
simulations_1.0,room,simulations,15,45,train
simulations_1.0,room,simulations,30,60,train
simulations_1.0,room,simulations,45,75,train
simulations_1.0,room,simulations,60,90,train
simulations_1.0,room,simulations,75,105,train
simulations_1.0,room,simulations,90,120,train
simulations_1.0,room,simulations,105,135,train
simulations_1.0,room,simulations,120,150,train
simulations_1.0,room,simulations,135,165,train
simulations_1.0,room,simulations,150,180,train
simulations_1.0,room,simulations,165,195,train
simulations_1.0,room,simulations,180,210,train
simulations_1.0,room,simulations,195,225,train
simulations_1.0,room,simulations,210,240,train
simulations_1.0,room,simulations,225,255,excluded
simulations_1.0,room,simulations,240,270,excluded
simulations_1.0,room,simulations,255,285,excluded
simulations_1.0,room,simulations,270,300,validation
simulations_1.0,room,simulations,285,315,validation
simulations_1.0,room,simulations,300,330,validation
simulations_1.0,room,simulations,315,345,excluded
simulations_1.0,room,simulations,330,360,excluded
simulations_1.0,room,simulations,345,375,excluded
simulations_1.0,room,simulations,360,390,test
simulations_1.0,room,simulations,375,405,test
simulations_1.0,room,simulations,390,420,test
simulations_1.0,sea,simulations,0,30,train
simulations_1.0,sea,simulations,15,45,train
simulations_1.0,sea,simulations,30,60,train
simulations_1.0,sea,simulations,45,75,train
simulations_1.0,sea,simulations,60,90,train
simulations_1.0,sea,simulations,75,105,train
simulations_1.0,sea,simulations,90,120,train
simulations_1.0,sea,simulations,105,135,train
simulations_1.0,sea,simulations,120,150,train
simulations_1.0,sea,simulations,135,165,train
simulations_1.0,sea,simulations,150,180,train
simulations_1.0,sea,simulations,165,195,train
simulations_1.0,sea,simulations,180,210,train
simulations_1.0,sea,simulations,195,225,train
simulations_1.0,sea,simulations,210,240,train
simulations_1.0,sea,simulations,225,255,excluded
simulations_1.0,sea,simulations,240,270,excluded
simulations_1.0,sea,simulations,255,285,excluded
simulations_1.0,sea,simulations,270,300,validation
simulations_1.0,sea,simulations,285,315,validation
simulations_1.0,sea,simulations,300,330,validation
simulations_1.0,sea,simulations,315,345,excluded
simulations_1.0,sea,simulations,330,360,excluded
simulations_1.0,sea,simulations,345,375,excluded
simulations_1.0,sea,simulations,360,390,test
simulations_1.0,sea,simulations,375,405,test
simulations_1.0,sea,simulations,390,420,test
simulations_1.0,walk,simulations,0,30,train
simulations_1.0,walk,simulations,15,45,train
simulations_1.0,walk,simulations,30,60,train
simulations_1.0,walk,simulations,45,75,train
simulations_1.0,walk,simulations,60,90,train
simulations_1.0,walk,simulations,75,105,train
simulations_1.0,walk,simulations,90,120,train
simulations_1.0,walk,simulations,105,135,train
simulations_1.0,walk,simulations,120,150,train
simulations_1.0,walk,simulations,135,165,train
simulations_1.0,walk,simulations,150,180,train
simulations_1.0,walk,simulations,165,195,train
simulations_1.0,walk,simulations,180,210,train
simulations_1.0,walk,simulations,195,225,train
simulations_1.0,walk,simulations,210,240,train
simulations_1.0,walk,simulations,225,255,excluded
simulations_1.0,walk,simulations,240,270,excluded
simulations_1.0,walk,simulations,255,285,excluded
simulations_1.0,walk,simulations,270,300,validation
simulations_1.0,walk,simulations,285,315,validation
simulations_1.0,walk,simulations,300,330,validation
simulations_1.0,walk,simulations,315,345,excluded
simulations_1.0,walk,simulations,330,360,excluded
simulations_1.0,walk,simulations,345,375,excluded
simulations_1.0,walk,simulations,360,390,test
simulations_1.0,walk,simulations,375,405,test
simulations_1.0,walk,simulations,390,420,test
simulations_10.0,beach,simulations,0,30,train
simulations_10.0,beach,simulations,15,45,train
simulations_10.0,beach,simulations,30,60,train
simulations_10.0,beach,simulations,45,75,train
simulations_10.0,beach,simulations,60,90,train
simulations_10.0,beach,simulations,75,105,train
simulations_10.0,beach,simulations,90,120,train
simulations_10.0,beach,simulations,105,135,train
simulations_10.0,beach,simulations,120,150,train
simulations_10.0,beach,simulations,135,165,train
simulations_10.0,beach,simulations,150,180,train
simulations_10.0,beach,simulations,165,195,train
simulations_10.0,beach,simulations,180,210,train
simulations_10.0,beach,simulations,195,225,train
simulations_10.0,beach,simulations,210,240,excluded
simulations_10.0,beach,simulations,225,255,excluded
simulations_10.0,beach,simulations,240,270,excluded
simulations_10.0,beach,simulations,255,285,validation
simulations_10.0,beach,simulations,270,300,validation
simulations_10.0,beach,simulations,285,315,excluded
simulations_10.0,beach,simulations,300,330,excluded
simulations_10.0,beach,simulations,315,345,excluded
simulations_10.0,beach,simulations,330,360,test
simulations_10.0,beach,simulations,345,375,test
simulations_10.0,beach,simulations,360,390,test
simulations_10.0,roller,simulations,0,30,train
simulations_10.0,roller,simulations,15,45,train
simulations_10.0,roller,simulations,30,60,train
simulations_10.0,roller,simulations,45,75,train
simulations_10.0,roller,simulations,60,90,train
simulations_10.0,roller,simulations,75,105,excluded
simulations_10.0,roller,simulations,90,120,excluded
simulations_10.0,roller,simulations,105,135,excluded
simulations_10.0,roller,simulations,120,150,excluded
simulations_10.0,room,simulations,0,30,train
simulations_10.0,room,simulations,15,45,train
simulations_10.0,room,simulations,30,60,train
simulations_10.0,room,simulations,45,75,train
simulations_10.0,room,simulations,60,90,train
simulations_10.0,room,simulations,75,105,train
simulations_10.0,room,simulations,90,120,train
simulations_10.0,room,simulations,105,135,train
simulations_10.0,room,simulations,120,150,train
simulations_10.0,room,simulations,135,165,train
simulations_10.0,room,simulations,150,180,train
simulations_10.0,room,simulations,165,195,train
simulations_10.0,room,simulations,180,210,train
simulations_10.0,room,simulations,195,225,train
simulations_10.0,room,simulations,210,240,excluded
simulations_10.0,room,simulations,225,255,excluded
simulations_10.0,room,simulations,240,270,excluded
simulations_10.0,room,simulations,255,285,validation
simulations_10.0,room,simulations,270,300,validation
simulations_10.0,room,simulations,285,315,excluded
simulations_10.0,room,simulations,300,330,excluded
simulations_10.0,room,simulations,315,345,excluded
simulations_10.0,room,simulations,330,360,test
simulations_10.0,room,simulations,345,375,test
simulations_10.0,room,simulations,360,390,test
simulations_10.0,sea,simulations,0,30,train
simulations_10.0,sea,simulations,15,45,train
simulations_10.0,sea,simulations,30,60,train
simulations_10.0,sea,simulations,45,75,train
simulations_10.0,sea,simulations,60,90,train
simulations_10.0,sea,simulations,75,105,train
simulations_10.0,sea,simulations,90,120,train
simulations_10.0,sea,simulations,105,135,train
simulations_10.0,sea,simulations,120,150,train
simulations_10.0,sea,simulations,135,165,train
simulations_10.0,sea,simulations,150,180,train
simulations_10.0,sea,simulations,165,195,train
simulations_10.0,sea,simulations,180,210,train
simulations_10.0,sea,simulations,195,225,train
simulations_10.0,sea,simulations,210,240,excluded
simulations_10.0,sea,simulations,225,255,excluded
simulations_10.0,sea,simulations,240,270,excluded
simulations_10.0,sea,simulations,255,285,validation
simulations_10.0,sea,simulations,270,300,validation
simulations_10.0,sea,simulations,285,315,excluded
simulations_10.0,sea,simulations,300,330,excluded
simulations_10.0,sea,simulations,315,345,excluded
simulations_10.0,sea,simulations,330,360,test
simulations_10.0,sea,simulations,345,375,test
simulations_10.0,sea,simulations,360,390,test
simulations_10.0,walk,simulations,0,30,train
simulations_10.0,walk,simulations,15,45,train
simulations_10.0,walk,simulations,30,60,train
simulations_10.0,walk,simulations,45,75,train
simulations_10.0,walk,simulations,60,90,train
simulations_10.0,walk,simulations,75,105,train
simulations_10.0,walk,simulations,90,120,train
simulations_10.0,walk,simulations,105,135,train
simulations_10.0,walk,simulations,120,150,train
simulations_10.0,walk,simulations,135,165,train
simulations_10.0,walk,simulations,150,180,train
simulations_10.0,walk,simulations,165,195,train
simulations_10.0,walk,simulations,180,210,train
simulations_10.0,walk,simulations,195,225,train
simulations_10.0,walk,simulations,210,240,excluded
simulations_10.0,walk,simulations,225,255,excluded
simulations_10.0,walk,simulations,240,270,excluded
simulations_10.0,walk,simulations,255,285,validation
simulations_10.0,walk,simulations,270,300,validation
simulations_10.0,walk,simulations,285,315,excluded
simulations_10.0,walk,simulations,300,330,excluded
simulations_10.0,walk,simulations,315,345,excluded
simulations_10.0,walk,simulations,330,360,test
simulations_10.0,walk,simulations,345,375,test
simulations_10.0,walk,simulations,360,390,test
simulations_11.0,beach,simulations,0,30,train
simulations_11.0,beach,simulations,15,45,train
simulations_11.0,beach,simulations,30,60,train
simulations_11.0,beach,simulations,45,75,train
simulations_11.0,beach,simulations,60,90,train
simulations_11.0,beach,simulations,75,105,train
simulations_11.0,beach,simulations,90,120,train
simulations_11.0,beach,simulations,105,135,train
simulations_11.0,beach,simulations,120,150,train
simulations_11.0,beach,simulations,135,165,train
simulations_11.0,beach,simulations,150,180,train
simulations_11.0,beach,simulations,165,195,train
simulations_11.0,beach,simulations,180,210,train
simulations_11.0,beach,simulations,195,225,train
simulations_11.0,beach,simulations,210,240,excluded
simulations_11.0,beach,simulations,225,255,excluded
simulations_11.0,beach,simulations,240,270,excluded
simulations_11.0,beach,simulations,255,285,validation
simulations_11.0,beach,simulations,270,300,validation
simulations_11.0,beach,simulations,285,315,excluded
simulations_11.0,beach,simulations,300,330,excluded
simulations_11.0,beach,simulations,315,345,excluded
simulations_11.0,beach,simulations,330,360,test
simulations_11.0,beach,simulations,345,375,test
simulations_11.0,beach,simulations,360,390,test
simulations_11.0,roller,simulations,0,30,train
simulations_11.0,roller,simulations,15,45,train
simulations_11.0,roller,simulations,30,60,train
simulations_11.0,roller,simulations,45,75,train
simulations_11.0,roller,simulations,60,90,train
simulations_11.0,roller,simulations,75,105,train
simulations_11.0,roller,simulations,90,120,train
simulations_11.0,roller,simulations,105,135,train
simulations_11.0,roller,simulations,120,150,train
simulations_11.0,roller,simulations,135,165,train
simulations_11.0,roller,simulations,150,180,train
simulations_11.0,roller,simulations,165,195,train
simulations_11.0,roller,simulations,180,210,train
simulations_11.0,roller,simulations,195,225,train
simulations_11.0,roller,simulations,210,240,excluded
simulations_11.0,roller,simulations,225,255,excluded
simulations_11.0,roller,simulations,240,270,excluded
simulations_11.0,roller,simulations,255,285,validation
simulations_11.0,roller,simulations,270,300,validation
simulations_11.0,roller,simulations,285,315,excluded
simulations_11.0,roller,simulations,300,330,excluded
simulations_11.0,roller,simulations,315,345,excluded
simulations_11.0,roller,simulations,330,360,test
simulations_11.0,roller,simulations,345,375,test
simulations_11.0,roller,simulations,360,390,test
simulations_11.0,room,simulations,0,30,train
simulations_11.0,room,simulations,15,45,train
simulations_11.0,room,simulations,30,60,train
simulations_11.0,room,simulations,45,75,train
simulations_11.0,room,simulations,60,90,train
simulations_11.0,room,simulations,75,105,train
simulations_11.0,room,simulations,90,120,train
simulations_11.0,room,simulations,105,135,train
simulations_11.0,room,simulations,120,150,train
simulations_11.0,room,simulations,135,165,train
simulations_11.0,room,simulations,150,180,train
simulations_11.0,room,simulations,165,195,train
simulations_11.0,room,simulations,180,210,train
simulations_11.0,room,simulations,195,225,train
simulations_11.0,room,simulations,210,240,excluded
simulations_11.0,room,simulations,225,255,excluded
simulations_11.0,room,simulations,240,270,excluded
simulations_11.0,room,simulations,255,285,validation
simulations_11.0,room,simulations,270,300,validation
simulations_11.0,room,simulations,285,315,excluded
simulations_11.0,room,simulations,300,330,excluded
simulations_11.0,room,simulations,315,345,excluded
simulations_11.0,room,simulations,330,360,test
simulations_11.0,room,simulations,345,375,test
simulations_11.0,room,simulations,360,390,test
simulations_11.0,sea,simulations,0,30,train
simulations_11.0,sea,simulations,15,45,train
simulations_11.0,sea,simulations,30,60,train
simulations_11.0,sea,simulations,45,75,train
simulations_11.0,sea,simulations,60,90,train
simulations_11.0,sea,simulations,75,105,train
simulations_11.0,sea,simulations,90,120,train
simulations_11.0,sea,simulations,105,135,train
simulations_11.0,sea,simulations,120,150,train
simulations_11.0,sea,simulations,135,165,train
simulations_11.0,sea,simulations,150,180,train
simulations_11.0,sea,simulations,165,195,train
simulations_11.0,sea,simulations,180,210,train
simulations_11.0,sea,simulations,195,225,train
simulations_11.0,sea,simulations,210,240,excluded
simulations_11.0,sea,simulations,225,255,excluded
simulations_11.0,sea,simulations,240,270,excluded
simulations_11.0,sea,simulations,255,285,validation
simulations_11.0,sea,simulations,270,300,validation
simulations_11.0,sea,simulations,285,315,excluded
simulations_11.0,sea,simulations,300,330,excluded
simulations_11.0,sea,simulations,315,345,excluded
simulations_11.0,sea,simulations,330,360,test
simulations_11.0,sea,simulations,345,375,test
simulations_11.0,sea,simulations,360,390,test
simulations_11.0,walk,simulations,0,30,train
simulations_11.0,walk,simulations,15,45,train
simulations_11.0,walk,simulations,30,60,train
simulations_11.0,walk,simulations,45,75,train
simulations_11.0,walk,simulations,60,90,train
simulations_11.0,walk,simulations,75,105,train
simulations_11.0,walk,simulations,90,120,train
simulations_11.0,walk,simulations,105,135,train
simulations_11.0,walk,simulations,120,150,train
simulations_11.0,walk,simulations,135,165,train
simulations_11.0,walk,simulations,150,180,train
simulations_11.0,walk,simulations,165,195,train
simulations_11.0,walk,simulations,180,210,train
simulations_11.0,walk,simulations,195,225,train
simulations_11.0,walk,simulations,210,240,excluded
simulations_11.0,walk,simulations,225,255,excluded
simulations_11.0,walk,simulations,240,270,excluded
simulations_11.0,walk,simulations,255,285,validation
simulations_11.0,walk,simulations,270,300,validation
simulations_11.0,walk,simulations,285,315,excluded
simulations_11.0,walk,simulations,300,330,excluded
simulations_11.0,walk,simulations,315,345,excluded
simulations_11.0,walk,simulations,330,360,test
simulations_11.0,walk,simulations,345,375,test
simulations_11.0,walk,simulations,360,390,test
simulations_12.0,beach,simulations,0,30,train
simulations_12.0,beach,simulations,15,45,train
simulations_12.0,beach,simulations,30,60,train
simulations_12.0,beach,simulations,45,75,train
simulations_12.0,beach,simulations,60,90,train
simulations_12.0,beach,simulations,75,105,train
simulations_12.0,beach,simulations,90,120,train
simulations_12.0,beach,simulations,105,135,train
simulations_12.0,beach,simulations,120,150,train
simulations_12.0,beach,simulations,135,165,train
simulations_12.0,beach,simulations,150,180,train
simulations_12.0,beach,simulations,165,195,train
simulations_12.0,beach,simulations,180,210,train
simulations_12.0,beach,simulations,195,225,train
simulations_12.0,beach,simulations,210,240,train
simulations_12.0,beach,simulations,225,255,excluded
simulations_12.0,beach,simulations,240,270,excluded
simulations_12.0,beach,simulations,255,285,excluded
simulations_12.0,beach,simulations,270,300,validation
simulations_12.0,beach,simulations,285,315,validation
simulations_12.0,beach,simulations,300,330,validation
simulations_12.0,beach,simulations,315,345,excluded
simulations_12.0,beach,simulations,330,360,excluded
simulations_12.0,beach,simulations,345,375,excluded
simulations_12.0,beach,simulations,360,390,test
simulations_12.0,beach,simulations,375,405,test
simulations_12.0,beach,simulations,390,420,test
simulations_12.0,room,simulations,0,30,train
simulations_12.0,room,simulations,15,45,train
simulations_12.0,room,simulations,30,60,train
simulations_12.0,room,simulations,45,75,train
simulations_12.0,room,simulations,60,90,train
simulations_12.0,room,simulations,75,105,train
simulations_12.0,room,simulations,90,120,train
simulations_12.0,room,simulations,105,135,train
simulations_12.0,room,simulations,120,150,train
simulations_12.0,room,simulations,135,165,train
simulations_12.0,room,simulations,150,180,train
simulations_12.0,room,simulations,165,195,train
simulations_12.0,room,simulations,180,210,train
simulations_12.0,room,simulations,195,225,train
simulations_12.0,room,simulations,210,240,train
simulations_12.0,room,simulations,225,255,excluded
simulations_12.0,room,simulations,240,270,excluded
simulations_12.0,room,simulations,255,285,excluded
simulations_12.0,room,simulations,270,300,validation
simulations_12.0,room,simulations,285,315,validation
simulations_12.0,room,simulations,300,330,validation
simulations_12.0,room,simulations,315,345,excluded
simulations_12.0,room,simulations,330,360,excluded
simulations_12.0,room,simulations,345,375,excluded
simulations_12.0,room,simulations,360,390,test
simulations_12.0,room,simulations,375,405,test
simulations_12.0,room,simulations,390,420,test
simulations_12.0,sea,simulations,0,30,train
simulations_12.0,sea,simulations,15,45,train
simulations_12.0,sea,simulations,30,60,train
simulations_12.0,sea,simulations,45,75,train
simulations_12.0,sea,simulations,60,90,train
simulations_12.0,sea,simulations,75,105,train
simulations_12.0,sea,simulations,90,120,train
simulations_12.0,sea,simulations,105,135,train
simulations_12.0,sea,simulations,120,150,train
simulations_12.0,sea,simulations,135,165,train
simulations_12.0,sea,simulations,150,180,train
simulations_12.0,sea,simulations,165,195,train
simulations_12.0,sea,simulations,180,210,train
simulations_12.0,sea,simulations,195,225,train
simulations_12.0,sea,simulations,210,240,train
simulations_12.0,sea,simulations,225,255,excluded
simulations_12.0,sea,simulations,240,270,excluded
simulations_12.0,sea,simulations,255,285,excluded
simulations_12.0,sea,simulations,270,300,validation
simulations_12.0,sea,simulations,285,315,validation
simulations_12.0,sea,simulations,300,330,validation
simulations_12.0,sea,simulations,315,345,excluded
simulations_12.0,sea,simulations,330,360,excluded
simulations_12.0,sea,simulations,345,375,excluded
simulations_12.0,sea,simulations,360,390,test
simulations_12.0,sea,simulations,375,405,test
simulations_12.0,sea,simulations,390,420,test
simulations_12.0,walk,simulations,0,30,train
simulations_12.0,walk,simulations,15,45,train
simulations_12.0,walk,simulations,30,60,train
simulations_12.0,walk,simulations,45,75,train
simulations_12.0,walk,simulations,60,90,train
simulations_12.0,walk,simulations,75,105,train
simulations_12.0,walk,simulations,90,120,train
simulations_12.0,walk,simulations,105,135,train
simulations_12.0,walk,simulations,120,150,train
simulations_12.0,walk,simulations,135,165,train
simulations_12.0,walk,simulations,150,180,train
simulations_12.0,walk,simulations,165,195,train
simulations_12.0,walk,simulations,180,210,train
simulations_12.0,walk,simulations,195,225,train
simulations_12.0,walk,simulations,210,240,train
simulations_12.0,walk,simulations,225,255,excluded
simulations_12.0,walk,simulations,240,270,excluded
simulations_12.0,walk,simulations,255,285,excluded
simulations_12.0,walk,simulations,270,300,validation
simulations_12.0,walk,simulations,285,315,validation
simulations_12.0,walk,simulations,300,330,validation
simulations_12.0,walk,simulations,315,345,excluded
simulations_12.0,walk,simulations,330,360,excluded
simulations_12.0,walk,simulations,345,375,excluded
simulations_12.0,walk,simulations,360,390,test
simulations_12.0,walk,simulations,375,405,test
simulations_12.0,walk,simulations,390,420,test
simulations_13.0,beach,simulations,0,30,train
simulations_13.0,beach,simulations,15,45,train
simulations_13.0,beach,simulations,30,60,train
simulations_13.0,beach,simulations,45,75,train
simulations_13.0,beach,simulations,60,90,train
simulations_13.0,beach,simulations,75,105,train
simulations_13.0,beach,simulations,90,120,train
simulations_13.0,beach,simulations,105,135,train
simulations_13.0,beach,simulations,120,150,train
simulations_13.0,beach,simulations,135,165,train
simulations_13.0,beach,simulations,150,180,train
simulations_13.0,beach,simulations,165,195,train
simulations_13.0,beach,simulations,180,210,train
simulations_13.0,beach,simulations,195,225,train
simulations_13.0,beach,simulations,210,240,train
simulations_13.0,beach,simulations,225,255,excluded
simulations_13.0,beach,simulations,240,270,excluded
simulations_13.0,beach,simulations,255,285,excluded
simulations_13.0,beach,simulations,270,300,validation
simulations_13.0,beach,simulations,285,315,validation
simulations_13.0,beach,simulations,300,330,validation
simulations_13.0,beach,simulations,315,345,excluded
simulations_13.0,beach,simulations,330,360,excluded
simulations_13.0,beach,simulations,345,375,excluded
simulations_13.0,beach,simulations,360,390,test
simulations_13.0,beach,simulations,375,405,test
simulations_13.0,beach,simulations,390,420,test
simulations_13.0,roller,simulations,0,30,train
simulations_13.0,roller,simulations,15,45,train
simulations_13.0,roller,simulations,30,60,train
simulations_13.0,roller,simulations,45,75,train
simulations_13.0,roller,simulations,60,90,train
simulations_13.0,roller,simulations,75,105,train
simulations_13.0,roller,simulations,90,120,train
simulations_13.0,roller,simulations,105,135,train
simulations_13.0,roller,simulations,120,150,train
simulations_13.0,roller,simulations,135,165,train
simulations_13.0,roller,simulations,150,180,train
simulations_13.0,roller,simulations,165,195,train
simulations_13.0,roller,simulations,180,210,train
simulations_13.0,roller,simulations,195,225,train
simulations_13.0,roller,simulations,210,240,train
simulations_13.0,roller,simulations,225,255,excluded
simulations_13.0,roller,simulations,240,270,excluded
simulations_13.0,roller,simulations,255,285,excluded
simulations_13.0,roller,simulations,270,300,validation
simulations_13.0,roller,simulations,285,315,validation
simulations_13.0,roller,simulations,300,330,validation
simulations_13.0,roller,simulations,315,345,excluded
simulations_13.0,roller,simulations,330,360,excluded
simulations_13.0,roller,simulations,345,375,excluded
simulations_13.0,roller,simulations,360,390,test
simulations_13.0,roller,simulations,375,405,test
simulations_13.0,roller,simulations,390,420,test
simulations_13.0,room,simulations,0,30,train
simulations_13.0,room,simulations,15,45,train
simulations_13.0,room,simulations,30,60,train
simulations_13.0,room,simulations,45,75,train
simulations_13.0,room,simulations,60,90,train
simulations_13.0,room,simulations,75,105,train
simulations_13.0,room,simulations,90,120,train
simulations_13.0,room,simulations,105,135,train
simulations_13.0,room,simulations,120,150,train
simulations_13.0,room,simulations,135,165,train
simulations_13.0,room,simulations,150,180,train
simulations_13.0,room,simulations,165,195,train
simulations_13.0,room,simulations,180,210,train
simulations_13.0,room,simulations,195,225,train
simulations_13.0,room,simulations,210,240,train
simulations_13.0,room,simulations,225,255,excluded
simulations_13.0,room,simulations,240,270,excluded
simulations_13.0,room,simulations,255,285,excluded
simulations_13.0,room,simulations,270,300,validation
simulations_13.0,room,simulations,285,315,validation
simulations_13.0,room,simulations,300,330,validation
simulations_13.0,room,simulations,315,345,excluded
simulations_13.0,room,simulations,330,360,excluded
simulations_13.0,room,simulations,345,375,excluded
simulations_13.0,room,simulations,360,390,test
simulations_13.0,room,simulations,375,405,test
simulations_13.0,room,simulations,390,420,test
simulations_13.0,sea,simulations,0,30,train
simulations_13.0,sea,simulations,15,45,train
simulations_13.0,sea,simulations,30,60,train
simulations_13.0,sea,simulations,45,75,train
simulations_13.0,sea,simulations,60,90,train
simulations_13.0,sea,simulations,75,105,train
simulations_13.0,sea,simulations,90,120,train
simulations_13.0,sea,simulations,105,135,train
simulations_13.0,sea,simulations,120,150,train
simulations_13.0,sea,simulations,135,165,train
simulations_13.0,sea,simulations,150,180,train
simulations_13.0,sea,simulations,165,195,excluded
simulations_13.0,sea,simulations,180,210,excluded
simulations_13.0,sea,simulations,195,225,validation
simulations_13.0,sea,simulations,210,240,validation
simulations_13.0,sea,simulations,225,255,excluded
simulations_13.0,sea,simulations,240,270,excluded
simulations_13.0,sea,simulations,255,285,test
simulations_13.0,sea,simulations,270,300,test
simulations_13.0,walk,simulations,0,30,train
simulations_13.0,walk,simulations,15,45,train
simulations_13.0,walk,simulations,30,60,train
simulations_13.0,walk,simulations,45,75,train
simulations_13.0,walk,simulations,60,90,train
simulations_13.0,walk,simulations,75,105,train
simulations_13.0,walk,simulations,90,120,train
simulations_13.0,walk,simulations,105,135,train
simulations_13.0,walk,simulations,120,150,train
simulations_13.0,walk,simulations,135,165,train
simulations_13.0,walk,simulations,150,180,train
simulations_13.0,walk,simulations,165,195,train
simulations_13.0,walk,simulations,180,210,train
simulations_13.0,walk,simulations,195,225,train
simulations_13.0,walk,simulations,210,240,train
simulations_13.0,walk,simulations,225,255,excluded
simulations_13.0,walk,simulations,240,270,excluded
simulations_13.0,walk,simulations,255,285,excluded
simulations_13.0,walk,simulations,270,300,validation
simulations_13.0,walk,simulations,285,315,validation
simulations_13.0,walk,simulations,300,330,excluded
simulations_13.0,walk,simulations,315,345,excluded
simulations_13.0,walk,simulations,330,360,excluded
simulations_13.0,walk,simulations,345,375,test
simulations_13.0,walk,simulations,360,390,test
simulations_13.0,walk,simulations,375,405,test
simulations_14.0,beach,simulations,0,30,train
simulations_14.0,beach,simulations,15,45,train
simulations_14.0,beach,simulations,30,60,train
simulations_14.0,beach,simulations,45,75,train
simulations_14.0,beach,simulations,60,90,train
simulations_14.0,beach,simulations,75,105,train
simulations_14.0,beach,simulations,90,120,train
simulations_14.0,beach,simulations,105,135,train
simulations_14.0,beach,simulations,120,150,train
simulations_14.0,beach,simulations,135,165,train
simulations_14.0,beach,simulations,150,180,train
simulations_14.0,beach,simulations,165,195,train
simulations_14.0,beach,simulations,180,210,train
simulations_14.0,beach,simulations,195,225,train
simulations_14.0,beach,simulations,210,240,excluded
simulations_14.0,beach,simulations,225,255,excluded
simulations_14.0,beach,simulations,240,270,excluded
simulations_14.0,beach,simulations,255,285,validation
simulations_14.0,beach,simulations,270,300,validation
simulations_14.0,beach,simulations,285,315,excluded
simulations_14.0,beach,simulations,300,330,excluded
simulations_14.0,beach,simulations,315,345,excluded
simulations_14.0,beach,simulations,330,360,test
simulations_14.0,beach,simulations,345,375,test
simulations_14.0,beach,simulations,360,390,test
simulations_14.0,roller,simulations,0,30,train
simulations_14.0,roller,simulations,15,45,train
simulations_14.0,roller,simulations,30,60,train
simulations_14.0,roller,simulations,45,75,train
simulations_14.0,roller,simulations,60,90,train
simulations_14.0,roller,simulations,75,105,train
simulations_14.0,roller,simulations,90,120,train
simulations_14.0,roller,simulations,105,135,train
simulations_14.0,roller,simulations,120,150,train
simulations_14.0,roller,simulations,135,165,train
simulations_14.0,roller,simulations,150,180,train
simulations_14.0,roller,simulations,165,195,train
simulations_14.0,roller,simulations,180,210,train
simulations_14.0,roller,simulations,195,225,train
simulations_14.0,roller,simulations,210,240,excluded
simulations_14.0,roller,simulations,225,255,excluded
simulations_14.0,roller,simulations,240,270,excluded
simulations_14.0,roller,simulations,255,285,validation
simulations_14.0,roller,simulations,270,300,validation
simulations_14.0,roller,simulations,285,315,excluded
simulations_14.0,roller,simulations,300,330,excluded
simulations_14.0,roller,simulations,315,345,excluded
simulations_14.0,roller,simulations,330,360,test
simulations_14.0,roller,simulations,345,375,test
simulations_14.0,roller,simulations,360,390,test
simulations_14.0,room,simulations,0,30,train
simulations_14.0,room,simulations,15,45,train
simulations_14.0,room,simulations,30,60,train
simulations_14.0,room,simulations,45,75,train
simulations_14.0,room,simulations,60,90,train
simulations_14.0,room,simulations,75,105,train
simulations_14.0,room,simulations,90,120,train
simulations_14.0,room,simulations,105,135,train
simulations_14.0,room,simulations,120,150,train
simulations_14.0,room,simulations,135,165,train
simulations_14.0,room,simulations,150,180,train
simulations_14.0,room,simulations,165,195,train
simulations_14.0,room,simulations,180,210,train
simulations_14.0,room,simulations,195,225,train
simulations_14.0,room,simulations,210,240,excluded
simulations_14.0,room,simulations,225,255,excluded
simulations_14.0,room,simulations,240,270,excluded
simulations_14.0,room,simulations,255,285,validation
simulations_14.0,room,simulations,270,300,validation
simulations_14.0,room,simulations,285,315,excluded
simulations_14.0,room,simulations,300,330,excluded
simulations_14.0,room,simulations,315,345,excluded
simulations_14.0,room,simulations,330,360,test
simulations_14.0,room,simulations,345,375,test
simulations_14.0,room,simulations,360,390,test
simulations_14.0,sea,simulations,0,30,train
simulations_14.0,sea,simulations,15,45,train
simulations_14.0,sea,simulations,30,60,train
simulations_14.0,sea,simulations,45,75,train
simulations_14.0,sea,simulations,60,90,train
simulations_14.0,sea,simulations,75,105,train
simulations_14.0,sea,simulations,90,120,train
simulations_14.0,sea,simulations,105,135,train
simulations_14.0,sea,simulations,120,150,train
simulations_14.0,sea,simulations,135,165,train
simulations_14.0,sea,simulations,150,180,train
simulations_14.0,sea,simulations,165,195,train
simulations_14.0,sea,simulations,180,210,train
simulations_14.0,sea,simulations,195,225,train
simulations_14.0,sea,simulations,210,240,excluded
simulations_14.0,sea,simulations,225,255,excluded
simulations_14.0,sea,simulations,240,270,excluded
simulations_14.0,sea,simulations,255,285,validation
simulations_14.0,sea,simulations,270,300,validation
simulations_14.0,sea,simulations,285,315,excluded
simulations_14.0,sea,simulations,300,330,excluded
simulations_14.0,sea,simulations,315,345,excluded
simulations_14.0,sea,simulations,330,360,test
simulations_14.0,sea,simulations,345,375,test
simulations_14.0,sea,simulations,360,390,test
simulations_14.0,walk,simulations,0,30,train
simulations_14.0,walk,simulations,15,45,train
simulations_14.0,walk,simulations,30,60,train
simulations_14.0,walk,simulations,45,75,train
simulations_14.0,walk,simulations,60,90,train
simulations_14.0,walk,simulations,75,105,train
simulations_14.0,walk,simulations,90,120,train
simulations_14.0,walk,simulations,105,135,train
simulations_14.0,walk,simulations,120,150,train
simulations_14.0,walk,simulations,135,165,train
simulations_14.0,walk,simulations,150,180,train
simulations_14.0,walk,simulations,165,195,train
simulations_14.0,walk,simulations,180,210,train
simulations_14.0,walk,simulations,195,225,train
simulations_14.0,walk,simulations,210,240,excluded
simulations_14.0,walk,simulations,225,255,excluded
simulations_14.0,walk,simulations,240,270,excluded
simulations_14.0,walk,simulations,255,285,validation
simulations_14.0,walk,simulations,270,300,validation
simulations_14.0,walk,simulations,285,315,excluded
simulations_14.0,walk,simulations,300,330,excluded
simulations_14.0,walk,simulations,315,345,excluded
simulations_14.0,walk,simulations,330,360,test
simulations_14.0,walk,simulations,345,375,test
simulations_14.0,walk,simulations,360,390,test
simulations_15.0,beach,simulations,0,30,train
simulations_15.0,beach,simulations,15,45,train
simulations_15.0,beach,simulations,30,60,train
simulations_15.0,beach,simulations,45,75,train
simulations_15.0,beach,simulations,60,90,train
simulations_15.0,beach,simulations,75,105,train
simulations_15.0,beach,simulations,90,120,train
simulations_15.0,beach,simulations,105,135,train
simulations_15.0,beach,simulations,120,150,train
simulations_15.0,beach,simulations,135,165,train
simulations_15.0,beach,simulations,150,180,train
simulations_15.0,beach,simulations,165,195,train
simulations_15.0,beach,simulations,180,210,train
simulations_15.0,beach,simulations,195,225,train
simulations_15.0,beach,simulations,210,240,train
simulations_15.0,beach,simulations,225,255,excluded
simulations_15.0,beach,simulations,240,270,excluded
simulations_15.0,beach,simulations,255,285,excluded
simulations_15.0,beach,simulations,270,300,validation
simulations_15.0,beach,simulations,285,315,validation
simulations_15.0,beach,simulations,300,330,validation
simulations_15.0,beach,simulations,315,345,excluded
simulations_15.0,beach,simulations,330,360,excluded
simulations_15.0,beach,simulations,345,375,excluded
simulations_15.0,beach,simulations,360,390,test
simulations_15.0,beach,simulations,375,405,test
simulations_15.0,beach,simulations,390,420,test
simulations_15.0,roller,simulations,0,30,train
simulations_15.0,roller,simulations,15,45,train
simulations_15.0,roller,simulations,30,60,train
simulations_15.0,roller,simulations,45,75,train
simulations_15.0,roller,simulations,60,90,train
simulations_15.0,roller,simulations,75,105,train
simulations_15.0,roller,simulations,90,120,train
simulations_15.0,roller,simulations,105,135,train
simulations_15.0,roller,simulations,120,150,train
simulations_15.0,roller,simulations,135,165,train
simulations_15.0,roller,simulations,150,180,train
simulations_15.0,roller,simulations,165,195,train
simulations_15.0,roller,simulations,180,210,train
simulations_15.0,roller,simulations,195,225,train
simulations_15.0,roller,simulations,210,240,train
simulations_15.0,roller,simulations,225,255,excluded
simulations_15.0,roller,simulations,240,270,excluded
simulations_15.0,roller,simulations,255,285,excluded
simulations_15.0,roller,simulations,270,300,validation
simulations_15.0,roller,simulations,285,315,validation
simulations_15.0,roller,simulations,300,330,validation
simulations_15.0,roller,simulations,315,345,excluded
simulations_15.0,roller,simulations,330,360,excluded
simulations_15.0,roller,simulations,345,375,excluded
simulations_15.0,roller,simulations,360,390,test
simulations_15.0,roller,simulations,375,405,test
simulations_15.0,roller,simulations,390,420,test
simulations_15.0,room,simulations,0,30,train
simulations_15.0,room,simulations,15,45,train
simulations_15.0,room,simulations,30,60,train
simulations_15.0,room,simulations,45,75,train
simulations_15.0,room,simulations,60,90,train
simulations_15.0,room,simulations,75,105,train
simulations_15.0,room,simulations,90,120,train
simulations_15.0,room,simulations,105,135,train
simulations_15.0,room,simulations,120,150,train
simulations_15.0,room,simulations,135,165,train
simulations_15.0,room,simulations,150,180,train
simulations_15.0,room,simulations,165,195,train
simulations_15.0,room,simulations,180,210,train
simulations_15.0,room,simulations,195,225,train
simulations_15.0,room,simulations,210,240,train
simulations_15.0,room,simulations,225,255,excluded
simulations_15.0,room,simulations,240,270,excluded
simulations_15.0,room,simulations,255,285,excluded
simulations_15.0,room,simulations,270,300,validation
simulations_15.0,room,simulations,285,315,validation
simulations_15.0,room,simulations,300,330,validation
simulations_15.0,room,simulations,315,345,excluded
simulations_15.0,room,simulations,330,360,excluded
simulations_15.0,room,simulations,345,375,excluded
simulations_15.0,room,simulations,360,390,test
simulations_15.0,room,simulations,375,405,test
simulations_15.0,room,simulations,390,420,test
simulations_15.0,sea,simulations,0,30,train
simulations_15.0,sea,simulations,15,45,train
simulations_15.0,sea,simulations,30,60,train
simulations_15.0,sea,simulations,45,75,train
simulations_15.0,sea,simulations,60,90,train
simulations_15.0,sea,simulations,75,105,train
simulations_15.0,sea,simulations,90,120,train
simulations_15.0,sea,simulations,105,135,train
simulations_15.0,sea,simulations,120,150,train
simulations_15.0,sea,simulations,135,165,train
simulations_15.0,sea,simulations,150,180,train
simulations_15.0,sea,simulations,165,195,train
simulations_15.0,sea,simulations,180,210,train
simulations_15.0,sea,simulations,195,225,train
simulations_15.0,sea,simulations,210,240,train
simulations_15.0,sea,simulations,225,255,excluded
simulations_15.0,sea,simulations,240,270,excluded
simulations_15.0,sea,simulations,255,285,excluded
simulations_15.0,sea,simulations,270,300,validation
simulations_15.0,sea,simulations,285,315,validation
simulations_15.0,sea,simulations,300,330,validation
simulations_15.0,sea,simulations,315,345,excluded
simulations_15.0,sea,simulations,330,360,excluded
simulations_15.0,sea,simulations,345,375,excluded
simulations_15.0,sea,simulations,360,390,test
simulations_15.0,sea,simulations,375,405,test
simulations_15.0,sea,simulations,390,420,test
simulations_15.0,walk,simulations,0,30,train
simulations_15.0,walk,simulations,15,45,train
simulations_15.0,walk,simulations,30,60,train
simulations_15.0,walk,simulations,45,75,train
simulations_15.0,walk,simulations,60,90,train
simulations_15.0,walk,simulations,75,105,train
simulations_15.0,walk,simulations,90,120,train
simulations_15.0,walk,simulations,105,135,train
simulations_15.0,walk,simulations,120,150,train
simulations_15.0,walk,simulations,135,165,train
simulations_15.0,walk,simulations,150,180,train
simulations_15.0,walk,simulations,165,195,train
simulations_15.0,walk,simulations,180,210,train
simulations_15.0,walk,simulations,195,225,train
simulations_15.0,walk,simulations,210,240,train
simulations_15.0,walk,simulations,225,255,excluded
simulations_15.0,walk,simulations,240,270,excluded
simulations_15.0,walk,simulations,255,285,excluded
simulations_15.0,walk,simulations,270,300,validation
simulations_15.0,walk,simulations,285,315,validation
simulations_15.0,walk,simulations,300,330,validation
simulations_15.0,walk,simulations,315,345,excluded
simulations_15.0,walk,simulations,330,360,excluded
simulations_15.0,walk,simulations,345,375,excluded
simulations_15.0,walk,simulations,360,390,test
simulations_15.0,walk,simulations,375,405,test
simulations_15.0,walk,simulations,390,420,test
simulations_16.0,beach,simulations,0,30,train
simulations_16.0,beach,simulations,15,45,train
simulations_16.0,beach,simulations,30,60,train
simulations_16.0,beach,simulations,45,75,train
simulations_16.0,beach,simulations,60,90,train
simulations_16.0,beach,simulations,75,105,train
simulations_16.0,beach,simulations,90,120,train
simulations_16.0,beach,simulations,105,135,train
simulations_16.0,beach,simulations,120,150,train
simulations_16.0,beach,simulations,135,165,train
simulations_16.0,beach,simulations,150,180,train
simulations_16.0,beach,simulations,165,195,train
simulations_16.0,beach,simulations,180,210,train
simulations_16.0,beach,simulations,195,225,train
simulations_16.0,beach,simulations,210,240,train
simulations_16.0,beach,simulations,225,255,excluded
simulations_16.0,beach,simulations,240,270,excluded
simulations_16.0,beach,simulations,255,285,excluded
simulations_16.0,beach,simulations,270,300,validation
simulations_16.0,beach,simulations,285,315,validation
simulations_16.0,beach,simulations,300,330,validation
simulations_16.0,beach,simulations,315,345,excluded
simulations_16.0,beach,simulations,330,360,excluded
simulations_16.0,beach,simulations,345,375,excluded
simulations_16.0,beach,simulations,360,390,test
simulations_16.0,beach,simulations,375,405,test
simulations_16.0,beach,simulations,390,420,test
simulations_16.0,roller,simulations,0,30,train
simulations_16.0,roller,simulations,15,45,train
simulations_16.0,roller,simulations,30,60,train
simulations_16.0,roller,simulations,45,75,train
simulations_16.0,roller,simulations,60,90,train
simulations_16.0,roller,simulations,75,105,train
simulations_16.0,roller,simulations,90,120,train
simulations_16.0,roller,simulations,105,135,train
simulations_16.0,roller,simulations,120,150,train
simulations_16.0,roller,simulations,135,165,train
simulations_16.0,roller,simulations,150,180,train
simulations_16.0,roller,simulations,165,195,train
simulations_16.0,roller,simulations,180,210,train
simulations_16.0,roller,simulations,195,225,train
simulations_16.0,roller,simulations,210,240,train
simulations_16.0,roller,simulations,225,255,excluded
simulations_16.0,roller,simulations,240,270,excluded
simulations_16.0,roller,simulations,255,285,excluded
simulations_16.0,roller,simulations,270,300,validation
simulations_16.0,roller,simulations,285,315,validation
simulations_16.0,roller,simulations,300,330,validation
simulations_16.0,roller,simulations,315,345,excluded
simulations_16.0,roller,simulations,330,360,excluded
simulations_16.0,roller,simulations,345,375,excluded
simulations_16.0,roller,simulations,360,390,test
simulations_16.0,roller,simulations,375,405,test
simulations_16.0,roller,simulations,390,420,test
simulations_16.0,room,simulations,0,30,train
simulations_16.0,room,simulations,15,45,train
simulations_16.0,room,simulations,30,60,train
simulations_16.0,room,simulations,45,75,train
simulations_16.0,room,simulations,60,90,train
simulations_16.0,room,simulations,75,105,train
simulations_16.0,room,simulations,90,120,train
simulations_16.0,room,simulations,105,135,train
simulations_16.0,room,simulations,120,150,train
simulations_16.0,room,simulations,135,165,train
simulations_16.0,room,simulations,150,180,train
simulations_16.0,room,simulations,165,195,train
simulations_16.0,room,simulations,180,210,train
simulations_16.0,room,simulations,195,225,train
simulations_16.0,room,simulations,210,240,train
simulations_16.0,room,simulations,225,255,excluded
simulations_16.0,room,simulations,240,270,excluded
simulations_16.0,room,simulations,255,285,excluded
simulations_16.0,room,simulations,270,300,validation
simulations_16.0,room,simulations,285,315,validation
simulations_16.0,room,simulations,300,330,validation
simulations_16.0,room,simulations,315,345,excluded
simulations_16.0,room,simulations,330,360,excluded
simulations_16.0,room,simulations,345,375,excluded
simulations_16.0,room,simulations,360,390,test
simulations_16.0,room,simulations,375,405,test
simulations_16.0,room,simulations,390,420,test
simulations_16.0,sea,simulations,0,30,train
simulations_16.0,sea,simulations,15,45,train
simulations_16.0,sea,simulations,30,60,train
simulations_16.0,sea,simulations,45,75,train
simulations_16.0,sea,simulations,60,90,train
simulations_16.0,sea,simulations,75,105,train
simulations_16.0,sea,simulations,90,120,train
simulations_16.0,sea,simulations,105,135,train
simulations_16.0,sea,simulations,120,150,train
simulations_16.0,sea,simulations,135,165,train
simulations_16.0,sea,simulations,150,180,train
simulations_16.0,sea,simulations,165,195,train
simulations_16.0,sea,simulations,180,210,train
simulations_16.0,sea,simulations,195,225,train
simulations_16.0,sea,simulations,210,240,train
simulations_16.0,sea,simulations,225,255,excluded
simulations_16.0,sea,simulations,240,270,excluded
simulations_16.0,sea,simulations,255,285,excluded
simulations_16.0,sea,simulations,270,300,validation
simulations_16.0,sea,simulations,285,315,validation
simulations_16.0,sea,simulations,300,330,validation
simulations_16.0,sea,simulations,315,345,excluded
simulations_16.0,sea,simulations,330,360,excluded
simulations_16.0,sea,simulations,345,375,excluded
simulations_16.0,sea,simulations,360,390,test
simulations_16.0,sea,simulations,375,405,test
simulations_16.0,sea,simulations,390,420,test
simulations_16.0,walk,simulations,0,30,train
simulations_16.0,walk,simulations,15,45,train
simulations_16.0,walk,simulations,30,60,train
simulations_16.0,walk,simulations,45,75,train
simulations_16.0,walk,simulations,60,90,train
simulations_16.0,walk,simulations,75,105,train
simulations_16.0,walk,simulations,90,120,train
simulations_16.0,walk,simulations,105,135,train
simulations_16.0,walk,simulations,120,150,train
simulations_16.0,walk,simulations,135,165,train
simulations_16.0,walk,simulations,150,180,train
simulations_16.0,walk,simulations,165,195,train
simulations_16.0,walk,simulations,180,210,train
simulations_16.0,walk,simulations,195,225,train
simulations_16.0,walk,simulations,210,240,train
simulations_16.0,walk,simulations,225,255,excluded
simulations_16.0,walk,simulations,240,270,excluded
simulations_16.0,walk,simulations,255,285,excluded
simulations_16.0,walk,simulations,270,300,validation
simulations_16.0,walk,simulations,285,315,validation
simulations_16.0,walk,simulations,300,330,validation
simulations_16.0,walk,simulations,315,345,excluded
simulations_16.0,walk,simulations,330,360,excluded
simulations_16.0,walk,simulations,345,375,excluded
simulations_16.0,walk,simulations,360,390,test
simulations_16.0,walk,simulations,375,405,test
simulations_16.0,walk,simulations,390,420,test
simulations_17.0,beach,simulations,0,30,train
simulations_17.0,beach,simulations,15,45,train
simulations_17.0,beach,simulations,30,60,train
simulations_17.0,beach,simulations,45,75,train
simulations_17.0,beach,simulations,60,90,train
simulations_17.0,beach,simulations,75,105,train
simulations_17.0,beach,simulations,90,120,train
simulations_17.0,beach,simulations,105,135,train
simulations_17.0,beach,simulations,120,150,train
simulations_17.0,beach,simulations,135,165,train
simulations_17.0,beach,simulations,150,180,train
simulations_17.0,beach,simulations,165,195,train
simulations_17.0,beach,simulations,180,210,excluded
simulations_17.0,beach,simulations,195,225,excluded
simulations_17.0,beach,simulations,210,240,excluded
simulations_17.0,beach,simulations,225,255,validation
simulations_17.0,beach,simulations,240,270,excluded
simulations_17.0,beach,simulations,255,285,excluded
simulations_17.0,beach,simulations,270,300,excluded
simulations_17.0,beach,simulations,285,315,test
simulations_17.0,beach,simulations,300,330,test
simulations_17.0,room,simulations,0,30,train
simulations_17.0,room,simulations,15,45,train
simulations_17.0,room,simulations,30,60,train
simulations_17.0,room,simulations,45,75,train
simulations_17.0,room,simulations,60,90,train
simulations_17.0,room,simulations,75,105,train
simulations_17.0,room,simulations,90,120,train
simulations_17.0,room,simulations,105,135,train
simulations_17.0,room,simulations,120,150,train
simulations_17.0,room,simulations,135,165,train
simulations_17.0,room,simulations,150,180,train
simulations_17.0,room,simulations,165,195,train
simulations_17.0,room,simulations,180,210,train
simulations_17.0,room,simulations,195,225,train
simulations_17.0,room,simulations,210,240,excluded
simulations_17.0,room,simulations,225,255,excluded
simulations_17.0,room,simulations,240,270,excluded
simulations_17.0,room,simulations,255,285,validation
simulations_17.0,room,simulations,270,300,validation
simulations_17.0,room,simulations,285,315,excluded
simulations_17.0,room,simulations,300,330,excluded
simulations_17.0,room,simulations,315,345,excluded
simulations_17.0,room,simulations,330,360,test
simulations_17.0,room,simulations,345,375,test
simulations_17.0,room,simulations,360,390,test
simulations_17.0,sea,simulations,0,30,train
simulations_17.0,sea,simulations,15,45,train
simulations_17.0,sea,simulations,30,60,train
simulations_17.0,sea,simulations,45,75,train
simulations_17.0,sea,simulations,60,90,train
simulations_17.0,sea,simulations,75,105,train
simulations_17.0,sea,simulations,90,120,train
simulations_17.0,sea,simulations,105,135,train
simulations_17.0,sea,simulations,120,150,train
simulations_17.0,sea,simulations,135,165,train
simulations_17.0,sea,simulations,150,180,train
simulations_17.0,sea,simulations,165,195,train
simulations_17.0,sea,simulations,180,210,train
simulations_17.0,sea,simulations,195,225,train
simulations_17.0,sea,simulations,210,240,excluded
simulations_17.0,sea,simulations,225,255,excluded
simulations_17.0,sea,simulations,240,270,excluded
simulations_17.0,sea,simulations,255,285,validation
simulations_17.0,sea,simulations,270,300,validation
simulations_17.0,sea,simulations,285,315,excluded
simulations_17.0,sea,simulations,300,330,excluded
simulations_17.0,sea,simulations,315,345,excluded
simulations_17.0,sea,simulations,330,360,test
simulations_17.0,sea,simulations,345,375,test
simulations_17.0,sea,simulations,360,390,test
simulations_17.0,walk,simulations,0,30,train
simulations_17.0,walk,simulations,15,45,train
simulations_17.0,walk,simulations,30,60,train
simulations_17.0,walk,simulations,45,75,train
simulations_17.0,walk,simulations,60,90,train
simulations_17.0,walk,simulations,75,105,train
simulations_17.0,walk,simulations,90,120,train
simulations_17.0,walk,simulations,105,135,train
simulations_17.0,walk,simulations,120,150,train
simulations_17.0,walk,simulations,135,165,train
simulations_17.0,walk,simulations,150,180,train
simulations_17.0,walk,simulations,165,195,train
simulations_17.0,walk,simulations,180,210,train
simulations_17.0,walk,simulations,195,225,train
simulations_17.0,walk,simulations,210,240,excluded
simulations_17.0,walk,simulations,225,255,excluded
simulations_17.0,walk,simulations,240,270,excluded
simulations_17.0,walk,simulations,255,285,validation
simulations_17.0,walk,simulations,270,300,validation
simulations_17.0,walk,simulations,285,315,excluded
simulations_17.0,walk,simulations,300,330,excluded
simulations_17.0,walk,simulations,315,345,excluded
simulations_17.0,walk,simulations,330,360,test
simulations_17.0,walk,simulations,345,375,test
simulations_17.0,walk,simulations,360,390,test
simulations_18.0,beach,simulations,0,30,train
simulations_18.0,beach,simulations,15,45,train
simulations_18.0,beach,simulations,30,60,train
simulations_18.0,beach,simulations,45,75,train
simulations_18.0,beach,simulations,60,90,train
simulations_18.0,beach,simulations,75,105,train
simulations_18.0,beach,simulations,90,120,train
simulations_18.0,beach,simulations,105,135,train
simulations_18.0,beach,simulations,120,150,train
simulations_18.0,beach,simulations,135,165,train
simulations_18.0,beach,simulations,150,180,train
simulations_18.0,beach,simulations,165,195,train
simulations_18.0,beach,simulations,180,210,train
simulations_18.0,beach,simulations,195,225,train
simulations_18.0,beach,simulations,210,240,train
simulations_18.0,beach,simulations,225,255,excluded
simulations_18.0,beach,simulations,240,270,excluded
simulations_18.0,beach,simulations,255,285,excluded
simulations_18.0,beach,simulations,270,300,validation
simulations_18.0,beach,simulations,285,315,validation
simulations_18.0,beach,simulations,300,330,validation
simulations_18.0,beach,simulations,315,345,excluded
simulations_18.0,beach,simulations,330,360,excluded
simulations_18.0,beach,simulations,345,375,excluded
simulations_18.0,beach,simulations,360,390,test
simulations_18.0,beach,simulations,375,405,test
simulations_18.0,beach,simulations,390,420,test
simulations_18.0,roller,simulations,0,30,train
simulations_18.0,roller,simulations,15,45,train
simulations_18.0,roller,simulations,30,60,train
simulations_18.0,roller,simulations,45,75,train
simulations_18.0,roller,simulations,60,90,train
simulations_18.0,roller,simulations,75,105,train
simulations_18.0,roller,simulations,90,120,train
simulations_18.0,roller,simulations,105,135,train
simulations_18.0,roller,simulations,120,150,train
simulations_18.0,roller,simulations,135,165,train
simulations_18.0,roller,simulations,150,180,train
simulations_18.0,roller,simulations,165,195,train
simulations_18.0,roller,simulations,180,210,train
simulations_18.0,roller,simulations,195,225,train
simulations_18.0,roller,simulations,210,240,train
simulations_18.0,roller,simulations,225,255,excluded
simulations_18.0,roller,simulations,240,270,excluded
simulations_18.0,roller,simulations,255,285,excluded
simulations_18.0,roller,simulations,270,300,validation
simulations_18.0,roller,simulations,285,315,validation
simulations_18.0,roller,simulations,300,330,validation
simulations_18.0,roller,simulations,315,345,excluded
simulations_18.0,roller,simulations,330,360,excluded
simulations_18.0,roller,simulations,345,375,excluded
simulations_18.0,roller,simulations,360,390,test
simulations_18.0,roller,simulations,375,405,test
simulations_18.0,roller,simulations,390,420,test
simulations_18.0,room,simulations,0,30,train
simulations_18.0,room,simulations,15,45,train
simulations_18.0,room,simulations,30,60,train
simulations_18.0,room,simulations,45,75,train
simulations_18.0,room,simulations,60,90,train
simulations_18.0,room,simulations,75,105,train
simulations_18.0,room,simulations,90,120,train
simulations_18.0,room,simulations,105,135,train
simulations_18.0,room,simulations,120,150,train
simulations_18.0,room,simulations,135,165,train
simulations_18.0,room,simulations,150,180,train
simulations_18.0,room,simulations,165,195,train
simulations_18.0,room,simulations,180,210,train
simulations_18.0,room,simulations,195,225,train
simulations_18.0,room,simulations,210,240,excluded
simulations_18.0,room,simulations,225,255,excluded
simulations_18.0,room,simulations,240,270,excluded
simulations_18.0,room,simulations,255,285,validation
simulations_18.0,room,simulations,270,300,validation
simulations_18.0,room,simulations,285,315,excluded
simulations_18.0,room,simulations,300,330,excluded
simulations_18.0,room,simulations,315,345,excluded
simulations_18.0,room,simulations,330,360,test
simulations_18.0,room,simulations,345,375,test
simulations_18.0,room,simulations,360,390,test
simulations_18.0,sea,simulations,0,30,train
simulations_18.0,sea,simulations,15,45,train
simulations_18.0,sea,simulations,30,60,train
simulations_18.0,sea,simulations,45,75,train
simulations_18.0,sea,simulations,60,90,train
simulations_18.0,sea,simulations,75,105,train
simulations_18.0,sea,simulations,90,120,train
simulations_18.0,sea,simulations,105,135,train
simulations_18.0,sea,simulations,120,150,train
simulations_18.0,sea,simulations,135,165,train
simulations_18.0,sea,simulations,150,180,train
simulations_18.0,sea,simulations,165,195,train
simulations_18.0,sea,simulations,180,210,train
simulations_18.0,sea,simulations,195,225,train
simulations_18.0,sea,simulations,210,240,train
simulations_18.0,sea,simulations,225,255,excluded
simulations_18.0,sea,simulations,240,270,excluded
simulations_18.0,sea,simulations,255,285,excluded
simulations_18.0,sea,simulations,270,300,validation
simulations_18.0,sea,simulations,285,315,validation
simulations_18.0,sea,simulations,300,330,validation
simulations_18.0,sea,simulations,315,345,excluded
simulations_18.0,sea,simulations,330,360,excluded
simulations_18.0,sea,simulations,345,375,excluded
simulations_18.0,sea,simulations,360,390,test
simulations_18.0,sea,simulations,375,405,test
simulations_18.0,sea,simulations,390,420,test
simulations_18.0,walk,simulations,0,30,train
simulations_18.0,walk,simulations,15,45,train
simulations_18.0,walk,simulations,30,60,train
simulations_18.0,walk,simulations,45,75,train
simulations_18.0,walk,simulations,60,90,train
simulations_18.0,walk,simulations,75,105,train
simulations_18.0,walk,simulations,90,120,train
simulations_18.0,walk,simulations,105,135,train
simulations_18.0,walk,simulations,120,150,train
simulations_18.0,walk,simulations,135,165,train
simulations_18.0,walk,simulations,150,180,train
simulations_18.0,walk,simulations,165,195,excluded
simulations_18.0,walk,simulations,180,210,excluded
simulations_18.0,walk,simulations,195,225,validation
simulations_18.0,walk,simulations,210,240,validation
simulations_18.0,walk,simulations,225,255,excluded
simulations_18.0,walk,simulations,240,270,excluded
simulations_18.0,walk,simulations,255,285,test
simulations_18.0,walk,simulations,270,300,test
simulations_19.0,beach,simulations,0,30,train
simulations_19.0,beach,simulations,15,45,train
simulations_19.0,beach,simulations,30,60,train
simulations_19.0,beach,simulations,45,75,train
simulations_19.0,beach,simulations,60,90,train
simulations_19.0,beach,simulations,75,105,train
simulations_19.0,beach,simulations,90,120,train
simulations_19.0,beach,simulations,105,135,train
simulations_19.0,beach,simulations,120,150,train
simulations_19.0,beach,simulations,135,165,train
simulations_19.0,beach,simulations,150,180,train
simulations_19.0,beach,simulations,165,195,train
simulations_19.0,beach,simulations,180,210,train
simulations_19.0,beach,simulations,195,225,train
simulations_19.0,beach,simulations,210,240,excluded
simulations_19.0,beach,simulations,225,255,excluded
simulations_19.0,beach,simulations,240,270,excluded
simulations_19.0,beach,simulations,255,285,validation
simulations_19.0,beach,simulations,270,300,validation
simulations_19.0,beach,simulations,285,315,excluded
simulations_19.0,beach,simulations,300,330,excluded
simulations_19.0,beach,simulations,315,345,excluded
simulations_19.0,beach,simulations,330,360,test
simulations_19.0,beach,simulations,345,375,test
simulations_19.0,beach,simulations,360,390,test
simulations_19.0,roller,simulations,0,30,train
simulations_19.0,roller,simulations,15,45,train
simulations_19.0,roller,simulations,30,60,train
simulations_19.0,roller,simulations,45,75,train
simulations_19.0,roller,simulations,60,90,train
simulations_19.0,roller,simulations,75,105,train
simulations_19.0,roller,simulations,90,120,train
simulations_19.0,roller,simulations,105,135,train
simulations_19.0,roller,simulations,120,150,excluded
simulations_19.0,roller,simulations,135,165,excluded
simulations_19.0,roller,simulations,150,180,validation
simulations_19.0,roller,simulations,165,195,excluded
simulations_19.0,roller,simulations,180,210,excluded
simulations_19.0,roller,simulations,195,225,test
simulations_19.0,room,simulations,0,30,train
simulations_19.0,room,simulations,15,45,train
simulations_19.0,room,simulations,30,60,train
simulations_19.0,room,simulations,45,75,train
simulations_19.0,room,simulations,60,90,train
simulations_19.0,room,simulations,75,105,train
simulations_19.0,room,simulations,90,120,train
simulations_19.0,room,simulations,105,135,train
simulations_19.0,room,simulations,120,150,train
simulations_19.0,room,simulations,135,165,train
simulations_19.0,room,simulations,150,180,train
simulations_19.0,room,simulations,165,195,train
simulations_19.0,room,simulations,180,210,train
simulations_19.0,room,simulations,195,225,train
simulations_19.0,room,simulations,210,240,excluded
simulations_19.0,room,simulations,225,255,excluded
simulations_19.0,room,simulations,240,270,excluded
simulations_19.0,room,simulations,255,285,validation
simulations_19.0,room,simulations,270,300,validation
simulations_19.0,room,simulations,285,315,excluded
simulations_19.0,room,simulations,300,330,excluded
simulations_19.0,room,simulations,315,345,excluded
simulations_19.0,room,simulations,330,360,test
simulations_19.0,room,simulations,345,375,test
simulations_19.0,room,simulations,360,390,test
simulations_19.0,sea,simulations,0,30,train
simulations_19.0,sea,simulations,15,45,train
simulations_19.0,sea,simulations,30,60,train
simulations_19.0,sea,simulations,45,75,train
simulations_19.0,sea,simulations,60,90,train
simulations_19.0,sea,simulations,75,105,train
simulations_19.0,sea,simulations,90,120,train
simulations_19.0,sea,simulations,105,135,train
simulations_19.0,sea,simulations,120,150,train
simulations_19.0,sea,simulations,135,165,train
simulations_19.0,sea,simulations,150,180,train
simulations_19.0,sea,simulations,165,195,train
simulations_19.0,sea,simulations,180,210,train
simulations_19.0,sea,simulations,195,225,train
simulations_19.0,sea,simulations,210,240,excluded
simulations_19.0,sea,simulations,225,255,excluded
simulations_19.0,sea,simulations,240,270,excluded
simulations_19.0,sea,simulations,255,285,validation
simulations_19.0,sea,simulations,270,300,validation
simulations_19.0,sea,simulations,285,315,excluded
simulations_19.0,sea,simulations,300,330,excluded
simulations_19.0,sea,simulations,315,345,excluded
simulations_19.0,sea,simulations,330,360,test
simulations_19.0,sea,simulations,345,375,test
simulations_19.0,sea,simulations,360,390,test
simulations_19.0,walk,simulations,0,30,train
simulations_19.0,walk,simulations,15,45,train
simulations_19.0,walk,simulations,30,60,train
simulations_19.0,walk,simulations,45,75,train
simulations_19.0,walk,simulations,60,90,train
simulations_19.0,walk,simulations,75,105,train
simulations_19.0,walk,simulations,90,120,train
simulations_19.0,walk,simulations,105,135,train
simulations_19.0,walk,simulations,120,150,train
simulations_19.0,walk,simulations,135,165,train
simulations_19.0,walk,simulations,150,180,train
simulations_19.0,walk,simulations,165,195,train
simulations_19.0,walk,simulations,180,210,train
simulations_19.0,walk,simulations,195,225,train
simulations_19.0,walk,simulations,210,240,excluded
simulations_19.0,walk,simulations,225,255,excluded
simulations_19.0,walk,simulations,240,270,excluded
simulations_19.0,walk,simulations,255,285,validation
simulations_19.0,walk,simulations,270,300,validation
simulations_19.0,walk,simulations,285,315,excluded
simulations_19.0,walk,simulations,300,330,excluded
simulations_19.0,walk,simulations,315,345,excluded
simulations_19.0,walk,simulations,330,360,test
simulations_19.0,walk,simulations,345,375,test
simulations_19.0,walk,simulations,360,390,test
simulations_2.0,beach,simulations,0,30,train
simulations_2.0,beach,simulations,15,45,train
simulations_2.0,beach,simulations,30,60,train
simulations_2.0,beach,simulations,45,75,train
simulations_2.0,beach,simulations,60,90,train
simulations_2.0,beach,simulations,75,105,train
simulations_2.0,beach,simulations,90,120,train
simulations_2.0,beach,simulations,105,135,train
simulations_2.0,beach,simulations,120,150,train
simulations_2.0,beach,simulations,135,165,train
simulations_2.0,beach,simulations,150,180,train
simulations_2.0,beach,simulations,165,195,train
simulations_2.0,beach,simulations,180,210,train
simulations_2.0,beach,simulations,195,225,train
simulations_2.0,beach,simulations,210,240,excluded
simulations_2.0,beach,simulations,225,255,excluded
simulations_2.0,beach,simulations,240,270,excluded
simulations_2.0,beach,simulations,255,285,validation
simulations_2.0,beach,simulations,270,300,validation
simulations_2.0,beach,simulations,285,315,excluded
simulations_2.0,beach,simulations,300,330,excluded
simulations_2.0,beach,simulations,315,345,excluded
simulations_2.0,beach,simulations,330,360,test
simulations_2.0,beach,simulations,345,375,test
simulations_2.0,beach,simulations,360,390,test
simulations_2.0,roller,simulations,0,30,train
simulations_2.0,roller,simulations,15,45,train
simulations_2.0,roller,simulations,30,60,train
simulations_2.0,roller,simulations,45,75,train
simulations_2.0,roller,simulations,60,90,train
simulations_2.0,roller,simulations,75,105,train
simulations_2.0,roller,simulations,90,120,train
simulations_2.0,roller,simulations,105,135,train
simulations_2.0,roller,simulations,120,150,train
simulations_2.0,roller,simulations,135,165,train
simulations_2.0,roller,simulations,150,180,train
simulations_2.0,roller,simulations,165,195,train
simulations_2.0,roller,simulations,180,210,train
simulations_2.0,roller,simulations,195,225,train
simulations_2.0,roller,simulations,210,240,excluded
simulations_2.0,roller,simulations,225,255,excluded
simulations_2.0,roller,simulations,240,270,excluded
simulations_2.0,roller,simulations,255,285,validation
simulations_2.0,roller,simulations,270,300,validation
simulations_2.0,roller,simulations,285,315,excluded
simulations_2.0,roller,simulations,300,330,excluded
simulations_2.0,roller,simulations,315,345,excluded
simulations_2.0,roller,simulations,330,360,test
simulations_2.0,roller,simulations,345,375,test
simulations_2.0,roller,simulations,360,390,test
simulations_2.0,room,simulations,0,30,train
simulations_2.0,room,simulations,15,45,train
simulations_2.0,room,simulations,30,60,train
simulations_2.0,room,simulations,45,75,train
simulations_2.0,room,simulations,60,90,train
simulations_2.0,room,simulations,75,105,train
simulations_2.0,room,simulations,90,120,train
simulations_2.0,room,simulations,105,135,train
simulations_2.0,room,simulations,120,150,train
simulations_2.0,room,simulations,135,165,train
simulations_2.0,room,simulations,150,180,train
simulations_2.0,room,simulations,165,195,train
simulations_2.0,room,simulations,180,210,train
simulations_2.0,room,simulations,195,225,train
simulations_2.0,room,simulations,210,240,excluded
simulations_2.0,room,simulations,225,255,excluded
simulations_2.0,room,simulations,240,270,excluded
simulations_2.0,room,simulations,255,285,validation
simulations_2.0,room,simulations,270,300,validation
simulations_2.0,room,simulations,285,315,excluded
simulations_2.0,room,simulations,300,330,excluded
simulations_2.0,room,simulations,315,345,excluded
simulations_2.0,room,simulations,330,360,test
simulations_2.0,room,simulations,345,375,test
simulations_2.0,room,simulations,360,390,test
simulations_2.0,sea,simulations,0,30,train
simulations_2.0,sea,simulations,15,45,train
simulations_2.0,sea,simulations,30,60,train
simulations_2.0,sea,simulations,45,75,train
simulations_2.0,sea,simulations,60,90,train
simulations_2.0,sea,simulations,75,105,train
simulations_2.0,sea,simulations,90,120,train
simulations_2.0,sea,simulations,105,135,train
simulations_2.0,sea,simulations,120,150,train
simulations_2.0,sea,simulations,135,165,train
simulations_2.0,sea,simulations,150,180,train
simulations_2.0,sea,simulations,165,195,train
simulations_2.0,sea,simulations,180,210,train
simulations_2.0,sea,simulations,195,225,train
simulations_2.0,sea,simulations,210,240,excluded
simulations_2.0,sea,simulations,225,255,excluded
simulations_2.0,sea,simulations,240,270,excluded
simulations_2.0,sea,simulations,255,285,validation
simulations_2.0,sea,simulations,270,300,validation
simulations_2.0,sea,simulations,285,315,excluded
simulations_2.0,sea,simulations,300,330,excluded
simulations_2.0,sea,simulations,315,345,excluded
simulations_2.0,sea,simulations,330,360,test
simulations_2.0,sea,simulations,345,375,test
simulations_2.0,sea,simulations,360,390,test
simulations_2.0,walk,simulations,0,30,train
simulations_2.0,walk,simulations,15,45,train
simulations_2.0,walk,simulations,30,60,train
simulations_2.0,walk,simulations,45,75,train
simulations_2.0,walk,simulations,60,90,train
simulations_2.0,walk,simulations,75,105,train
simulations_2.0,walk,simulations,90,120,train
simulations_2.0,walk,simulations,105,135,train
simulations_2.0,walk,simulations,120,150,train
simulations_2.0,walk,simulations,135,165,train
simulations_2.0,walk,simulations,150,180,train
simulations_2.0,walk,simulations,165,195,train
simulations_2.0,walk,simulations,180,210,train
simulations_2.0,walk,simulations,195,225,train
simulations_2.0,walk,simulations,210,240,excluded
simulations_2.0,walk,simulations,225,255,excluded
simulations_2.0,walk,simulations,240,270,excluded
simulations_2.0,walk,simulations,255,285,validation
simulations_2.0,walk,simulations,270,300,validation
simulations_2.0,walk,simulations,285,315,excluded
simulations_2.0,walk,simulations,300,330,excluded
simulations_2.0,walk,simulations,315,345,excluded
simulations_2.0,walk,simulations,330,360,test
simulations_2.0,walk,simulations,345,375,test
simulations_2.0,walk,simulations,360,390,test
simulations_20.0,beach,simulations,0,30,train
simulations_20.0,beach,simulations,15,45,train
simulations_20.0,beach,simulations,30,60,train
simulations_20.0,beach,simulations,45,75,train
simulations_20.0,beach,simulations,60,90,train
simulations_20.0,beach,simulations,75,105,excluded
simulations_20.0,beach,simulations,90,120,excluded
simulations_20.0,beach,simulations,105,135,excluded
simulations_20.0,beach,simulations,120,150,excluded
simulations_20.0,beach,simulations,135,165,excluded
simulations_20.0,roller,simulations,0,30,train
simulations_20.0,roller,simulations,15,45,train
simulations_20.0,roller,simulations,30,60,train
simulations_20.0,roller,simulations,45,75,train
simulations_20.0,roller,simulations,60,90,train
simulations_20.0,roller,simulations,75,105,train
simulations_20.0,roller,simulations,90,120,train
simulations_20.0,roller,simulations,105,135,train
simulations_20.0,roller,simulations,120,150,train
simulations_20.0,roller,simulations,135,165,train
simulations_20.0,roller,simulations,150,180,train
simulations_20.0,roller,simulations,165,195,train
simulations_20.0,roller,simulations,180,210,train
simulations_20.0,roller,simulations,195,225,train
simulations_20.0,roller,simulations,210,240,excluded
simulations_20.0,roller,simulations,225,255,excluded
simulations_20.0,roller,simulations,240,270,excluded
simulations_20.0,roller,simulations,255,285,validation
simulations_20.0,roller,simulations,270,300,validation
simulations_20.0,roller,simulations,285,315,excluded
simulations_20.0,roller,simulations,300,330,excluded
simulations_20.0,roller,simulations,315,345,excluded
simulations_20.0,roller,simulations,330,360,test
simulations_20.0,roller,simulations,345,375,test
simulations_20.0,roller,simulations,360,390,test
simulations_20.0,room,simulations,0,30,train
simulations_20.0,room,simulations,15,45,train
simulations_20.0,room,simulations,30,60,train
simulations_20.0,room,simulations,45,75,train
simulations_20.0,room,simulations,60,90,train
simulations_20.0,room,simulations,75,105,train
simulations_20.0,room,simulations,90,120,train
simulations_20.0,room,simulations,105,135,train
simulations_20.0,room,simulations,120,150,train
simulations_20.0,room,simulations,135,165,train
simulations_20.0,room,simulations,150,180,train
simulations_20.0,room,simulations,165,195,train
simulations_20.0,room,simulations,180,210,train
simulations_20.0,room,simulations,195,225,train
simulations_20.0,room,simulations,210,240,excluded
simulations_20.0,room,simulations,225,255,excluded
simulations_20.0,room,simulations,240,270,excluded
simulations_20.0,room,simulations,255,285,validation
simulations_20.0,room,simulations,270,300,validation
simulations_20.0,room,simulations,285,315,excluded
simulations_20.0,room,simulations,300,330,excluded
simulations_20.0,room,simulations,315,345,excluded
simulations_20.0,room,simulations,330,360,test
simulations_20.0,room,simulations,345,375,test
simulations_20.0,room,simulations,360,390,test
simulations_20.0,sea,simulations,0,30,train
simulations_20.0,sea,simulations,15,45,train
simulations_20.0,sea,simulations,30,60,train
simulations_20.0,sea,simulations,45,75,train
simulations_20.0,sea,simulations,60,90,train
simulations_20.0,sea,simulations,75,105,train
simulations_20.0,sea,simulations,90,120,train
simulations_20.0,sea,simulations,105,135,train
simulations_20.0,sea,simulations,120,150,train
simulations_20.0,sea,simulations,135,165,train
simulations_20.0,sea,simulations,150,180,train
simulations_20.0,sea,simulations,165,195,train
simulations_20.0,sea,simulations,180,210,train
simulations_20.0,sea,simulations,195,225,train
simulations_20.0,sea,simulations,210,240,excluded
simulations_20.0,sea,simulations,225,255,excluded
simulations_20.0,sea,simulations,240,270,excluded
simulations_20.0,sea,simulations,255,285,validation
simulations_20.0,sea,simulations,270,300,validation
simulations_20.0,sea,simulations,285,315,excluded
simulations_20.0,sea,simulations,300,330,excluded
simulations_20.0,sea,simulations,315,345,excluded
simulations_20.0,sea,simulations,330,360,test
simulations_20.0,sea,simulations,345,375,test
simulations_20.0,sea,simulations,360,390,test
simulations_20.0,walk,simulations,0,30,train
simulations_20.0,walk,simulations,15,45,train
simulations_20.0,walk,simulations,30,60,train
simulations_20.0,walk,simulations,45,75,train
simulations_20.0,walk,simulations,60,90,train
simulations_20.0,walk,simulations,75,105,train
simulations_20.0,walk,simulations,90,120,train
simulations_20.0,walk,simulations,105,135,train
simulations_20.0,walk,simulations,120,150,train
simulations_20.0,walk,simulations,135,165,train
simulations_20.0,walk,simulations,150,180,train
simulations_20.0,walk,simulations,165,195,train
simulations_20.0,walk,simulations,180,210,train
simulations_20.0,walk,simulations,195,225,train
simulations_20.0,walk,simulations,210,240,excluded
simulations_20.0,walk,simulations,225,255,excluded
simulations_20.0,walk,simulations,240,270,excluded
simulations_20.0,walk,simulations,255,285,validation
simulations_20.0,walk,simulations,270,300,validation
simulations_20.0,walk,simulations,285,315,excluded
simulations_20.0,walk,simulations,300,330,excluded
simulations_20.0,walk,simulations,315,345,excluded
simulations_20.0,walk,simulations,330,360,test
simulations_20.0,walk,simulations,345,375,test
simulations_20.0,walk,simulations,360,390,test
simulations_21.0,beach,simulations,0,30,train
simulations_21.0,beach,simulations,15,45,train
simulations_21.0,beach,simulations,30,60,train
simulations_21.0,beach,simulations,45,75,train
simulations_21.0,beach,simulations,60,90,train
simulations_21.0,beach,simulations,75,105,train
simulations_21.0,beach,simulations,90,120,train
simulations_21.0,beach,simulations,105,135,train
simulations_21.0,beach,simulations,120,150,train
simulations_21.0,beach,simulations,135,165,train
simulations_21.0,beach,simulations,150,180,train
simulations_21.0,beach,simulations,165,195,train
simulations_21.0,beach,simulations,180,210,train
simulations_21.0,beach,simulations,195,225,excluded
simulations_21.0,beach,simulations,210,240,excluded
simulations_21.0,beach,simulations,225,255,excluded
simulations_21.0,beach,simulations,240,270,validation
simulations_21.0,beach,simulations,255,285,validation
simulations_21.0,beach,simulations,270,300,excluded
simulations_21.0,beach,simulations,285,315,excluded
simulations_21.0,beach,simulations,300,330,excluded
simulations_21.0,beach,simulations,315,345,test
simulations_21.0,beach,simulations,330,360,test
simulations_21.0,roller,simulations,0,30,train
simulations_21.0,roller,simulations,15,45,train
simulations_21.0,roller,simulations,30,60,train
simulations_21.0,roller,simulations,45,75,train
simulations_21.0,roller,simulations,60,90,train
simulations_21.0,roller,simulations,75,105,train
simulations_21.0,roller,simulations,90,120,train
simulations_21.0,roller,simulations,105,135,train
simulations_21.0,roller,simulations,120,150,train
simulations_21.0,roller,simulations,135,165,train
simulations_21.0,roller,simulations,150,180,train
simulations_21.0,roller,simulations,165,195,train
simulations_21.0,roller,simulations,180,210,train
simulations_21.0,roller,simulations,195,225,train
simulations_21.0,roller,simulations,210,240,excluded
simulations_21.0,roller,simulations,225,255,excluded
simulations_21.0,roller,simulations,240,270,excluded
simulations_21.0,roller,simulations,255,285,validation
simulations_21.0,roller,simulations,270,300,validation
simulations_21.0,roller,simulations,285,315,excluded
simulations_21.0,roller,simulations,300,330,excluded
simulations_21.0,roller,simulations,315,345,excluded
simulations_21.0,roller,simulations,330,360,test
simulations_21.0,roller,simulations,345,375,test
simulations_21.0,roller,simulations,360,390,test
simulations_21.0,room,simulations,0,30,train
simulations_21.0,room,simulations,15,45,train
simulations_21.0,room,simulations,30,60,train
simulations_21.0,room,simulations,45,75,train
simulations_21.0,room,simulations,60,90,train
simulations_21.0,room,simulations,75,105,train
simulations_21.0,room,simulations,90,120,train
simulations_21.0,room,simulations,105,135,train
simulations_21.0,room,simulations,120,150,train
simulations_21.0,room,simulations,135,165,train
simulations_21.0,room,simulations,150,180,train
simulations_21.0,room,simulations,165,195,train
simulations_21.0,room,simulations,180,210,train
simulations_21.0,room,simulations,195,225,train
simulations_21.0,room,simulations,210,240,excluded
simulations_21.0,room,simulations,225,255,excluded
simulations_21.0,room,simulations,240,270,excluded
simulations_21.0,room,simulations,255,285,validation
simulations_21.0,room,simulations,270,300,validation
simulations_21.0,room,simulations,285,315,excluded
simulations_21.0,room,simulations,300,330,excluded
simulations_21.0,room,simulations,315,345,excluded
simulations_21.0,room,simulations,330,360,test
simulations_21.0,room,simulations,345,375,test
simulations_21.0,room,simulations,360,390,test
simulations_21.0,sea,simulations,0,30,train
simulations_21.0,sea,simulations,15,45,train
simulations_21.0,sea,simulations,30,60,train
simulations_21.0,sea,simulations,45,75,train
simulations_21.0,sea,simulations,60,90,train
simulations_21.0,sea,simulations,75,105,train
simulations_21.0,sea,simulations,90,120,train
simulations_21.0,sea,simulations,105,135,train
simulations_21.0,sea,simulations,120,150,train
simulations_21.0,sea,simulations,135,165,train
simulations_21.0,sea,simulations,150,180,train
simulations_21.0,sea,simulations,165,195,train
simulations_21.0,sea,simulations,180,210,train
simulations_21.0,sea,simulations,195,225,train
simulations_21.0,sea,simulations,210,240,excluded
simulations_21.0,sea,simulations,225,255,excluded
simulations_21.0,sea,simulations,240,270,excluded
simulations_21.0,sea,simulations,255,285,validation
simulations_21.0,sea,simulations,270,300,validation
simulations_21.0,sea,simulations,285,315,excluded
simulations_21.0,sea,simulations,300,330,excluded
simulations_21.0,sea,simulations,315,345,excluded
simulations_21.0,sea,simulations,330,360,test
simulations_21.0,sea,simulations,345,375,test
simulations_21.0,sea,simulations,360,390,test
simulations_21.0,walk,simulations,0,30,train
simulations_21.0,walk,simulations,15,45,train
simulations_21.0,walk,simulations,30,60,train
simulations_21.0,walk,simulations,45,75,train
simulations_21.0,walk,simulations,60,90,train
simulations_21.0,walk,simulations,75,105,train
simulations_21.0,walk,simulations,90,120,train
simulations_21.0,walk,simulations,105,135,train
simulations_21.0,walk,simulations,120,150,train
simulations_21.0,walk,simulations,135,165,train
simulations_21.0,walk,simulations,150,180,train
simulations_21.0,walk,simulations,165,195,train
simulations_21.0,walk,simulations,180,210,train
simulations_21.0,walk,simulations,195,225,train
simulations_21.0,walk,simulations,210,240,excluded
simulations_21.0,walk,simulations,225,255,excluded
simulations_21.0,walk,simulations,240,270,excluded
simulations_21.0,walk,simulations,255,285,validation
simulations_21.0,walk,simulations,270,300,validation
simulations_21.0,walk,simulations,285,315,excluded
simulations_21.0,walk,simulations,300,330,excluded
simulations_21.0,walk,simulations,315,345,excluded
simulations_21.0,walk,simulations,330,360,test
simulations_21.0,walk,simulations,345,375,test
simulations_21.0,walk,simulations,360,390,test
simulations_22.0,beach,simulations,0,30,train
simulations_22.0,beach,simulations,15,45,train
simulations_22.0,beach,simulations,30,60,train
simulations_22.0,beach,simulations,45,75,train
simulations_22.0,beach,simulations,60,90,train
simulations_22.0,beach,simulations,75,105,train
simulations_22.0,beach,simulations,90,120,train
simulations_22.0,beach,simulations,105,135,train
simulations_22.0,beach,simulations,120,150,train
simulations_22.0,beach,simulations,135,165,train
simulations_22.0,beach,simulations,150,180,train
simulations_22.0,beach,simulations,165,195,train
simulations_22.0,beach,simulations,180,210,train
simulations_22.0,beach,simulations,195,225,train
simulations_22.0,beach,simulations,210,240,train
simulations_22.0,beach,simulations,225,255,excluded
simulations_22.0,beach,simulations,240,270,excluded
simulations_22.0,beach,simulations,255,285,excluded
simulations_22.0,beach,simulations,270,300,validation
simulations_22.0,beach,simulations,285,315,validation
simulations_22.0,beach,simulations,300,330,validation
simulations_22.0,beach,simulations,315,345,excluded
simulations_22.0,beach,simulations,330,360,excluded
simulations_22.0,beach,simulations,345,375,excluded
simulations_22.0,beach,simulations,360,390,test
simulations_22.0,beach,simulations,375,405,test
simulations_22.0,beach,simulations,390,420,test
simulations_22.0,roller,simulations,0,30,train
simulations_22.0,roller,simulations,15,45,train
simulations_22.0,roller,simulations,30,60,train
simulations_22.0,roller,simulations,45,75,train
simulations_22.0,roller,simulations,60,90,train
simulations_22.0,roller,simulations,75,105,train
simulations_22.0,roller,simulations,90,120,train
simulations_22.0,roller,simulations,105,135,train
simulations_22.0,roller,simulations,120,150,train
simulations_22.0,roller,simulations,135,165,train
simulations_22.0,roller,simulations,150,180,train
simulations_22.0,roller,simulations,165,195,train
simulations_22.0,roller,simulations,180,210,train
simulations_22.0,roller,simulations,195,225,train
simulations_22.0,roller,simulations,210,240,excluded
simulations_22.0,roller,simulations,225,255,excluded
simulations_22.0,roller,simulations,240,270,excluded
simulations_22.0,roller,simulations,255,285,validation
simulations_22.0,roller,simulations,270,300,validation
simulations_22.0,roller,simulations,285,315,excluded
simulations_22.0,roller,simulations,300,330,excluded
simulations_22.0,roller,simulations,315,345,excluded
simulations_22.0,roller,simulations,330,360,test
simulations_22.0,roller,simulations,345,375,test
simulations_22.0,roller,simulations,360,390,test
simulations_22.0,room,simulations,0,30,train
simulations_22.0,room,simulations,15,45,train
simulations_22.0,room,simulations,30,60,train
simulations_22.0,room,simulations,45,75,train
simulations_22.0,room,simulations,60,90,train
simulations_22.0,room,simulations,75,105,train
simulations_22.0,room,simulations,90,120,train
simulations_22.0,room,simulations,105,135,train
simulations_22.0,room,simulations,120,150,train
simulations_22.0,room,simulations,135,165,train
simulations_22.0,room,simulations,150,180,train
simulations_22.0,room,simulations,165,195,train
simulations_22.0,room,simulations,180,210,train
simulations_22.0,room,simulations,195,225,train
simulations_22.0,room,simulations,210,240,train
simulations_22.0,room,simulations,225,255,excluded
simulations_22.0,room,simulations,240,270,excluded
simulations_22.0,room,simulations,255,285,excluded
simulations_22.0,room,simulations,270,300,validation
simulations_22.0,room,simulations,285,315,validation
simulations_22.0,room,simulations,300,330,validation
simulations_22.0,room,simulations,315,345,excluded
simulations_22.0,room,simulations,330,360,excluded
simulations_22.0,room,simulations,345,375,excluded
simulations_22.0,room,simulations,360,390,test
simulations_22.0,room,simulations,375,405,test
simulations_22.0,room,simulations,390,420,test
simulations_22.0,sea,simulations,0,30,train
simulations_22.0,sea,simulations,15,45,train
simulations_22.0,sea,simulations,30,60,train
simulations_22.0,sea,simulations,45,75,train
simulations_22.0,sea,simulations,60,90,train
simulations_22.0,sea,simulations,75,105,train
simulations_22.0,sea,simulations,90,120,train
simulations_22.0,sea,simulations,105,135,train
simulations_22.0,sea,simulations,120,150,train
simulations_22.0,sea,simulations,135,165,train
simulations_22.0,sea,simulations,150,180,train
simulations_22.0,sea,simulations,165,195,train
simulations_22.0,sea,simulations,180,210,train
simulations_22.0,sea,simulations,195,225,train
simulations_22.0,sea,simulations,210,240,train
simulations_22.0,sea,simulations,225,255,excluded
simulations_22.0,sea,simulations,240,270,excluded
simulations_22.0,sea,simulations,255,285,excluded
simulations_22.0,sea,simulations,270,300,validation
simulations_22.0,sea,simulations,285,315,validation
simulations_22.0,sea,simulations,300,330,validation
simulations_22.0,sea,simulations,315,345,excluded
simulations_22.0,sea,simulations,330,360,excluded
simulations_22.0,sea,simulations,345,375,excluded
simulations_22.0,sea,simulations,360,390,test
simulations_22.0,sea,simulations,375,405,test
simulations_22.0,sea,simulations,390,420,test
simulations_22.0,walk,simulations,0,30,train
simulations_22.0,walk,simulations,15,45,train
simulations_22.0,walk,simulations,30,60,train
simulations_22.0,walk,simulations,45,75,train
simulations_22.0,walk,simulations,60,90,train
simulations_22.0,walk,simulations,75,105,train
simulations_22.0,walk,simulations,90,120,train
simulations_22.0,walk,simulations,105,135,train
simulations_22.0,walk,simulations,120,150,train
simulations_22.0,walk,simulations,135,165,train
simulations_22.0,walk,simulations,150,180,train
simulations_22.0,walk,simulations,165,195,train
simulations_22.0,walk,simulations,180,210,train
simulations_22.0,walk,simulations,195,225,train
simulations_22.0,walk,simulations,210,240,excluded
simulations_22.0,walk,simulations,225,255,excluded
simulations_22.0,walk,simulations,240,270,excluded
simulations_22.0,walk,simulations,255,285,validation
simulations_22.0,walk,simulations,270,300,validation
simulations_22.0,walk,simulations,285,315,excluded
simulations_22.0,walk,simulations,300,330,excluded
simulations_22.0,walk,simulations,315,345,excluded
simulations_22.0,walk,simulations,330,360,test
simulations_22.0,walk,simulations,345,375,test
simulations_22.0,walk,simulations,360,390,test
simulations_23.0,beach,simulations,0,30,train
simulations_23.0,beach,simulations,15,45,train
simulations_23.0,beach,simulations,30,60,train
simulations_23.0,beach,simulations,45,75,train
simulations_23.0,beach,simulations,60,90,train
simulations_23.0,beach,simulations,75,105,train
simulations_23.0,beach,simulations,90,120,train
simulations_23.0,beach,simulations,105,135,train
simulations_23.0,beach,simulations,120,150,train
simulations_23.0,beach,simulations,135,165,train
simulations_23.0,beach,simulations,150,180,train
simulations_23.0,beach,simulations,165,195,train
simulations_23.0,beach,simulations,180,210,train
simulations_23.0,beach,simulations,195,225,train
simulations_23.0,beach,simulations,210,240,excluded
simulations_23.0,beach,simulations,225,255,excluded
simulations_23.0,beach,simulations,240,270,excluded
simulations_23.0,beach,simulations,255,285,validation
simulations_23.0,beach,simulations,270,300,validation
simulations_23.0,beach,simulations,285,315,excluded
simulations_23.0,beach,simulations,300,330,excluded
simulations_23.0,beach,simulations,315,345,excluded
simulations_23.0,beach,simulations,330,360,test
simulations_23.0,beach,simulations,345,375,test
simulations_23.0,beach,simulations,360,390,test
simulations_23.0,roller,simulations,0,30,train
simulations_23.0,roller,simulations,15,45,train
simulations_23.0,roller,simulations,30,60,train
simulations_23.0,roller,simulations,45,75,train
simulations_23.0,roller,simulations,60,90,train
simulations_23.0,roller,simulations,75,105,train
simulations_23.0,roller,simulations,90,120,train
simulations_23.0,roller,simulations,105,135,train
simulations_23.0,roller,simulations,120,150,train
simulations_23.0,roller,simulations,135,165,train
simulations_23.0,roller,simulations,150,180,train
simulations_23.0,roller,simulations,165,195,train
simulations_23.0,roller,simulations,180,210,train
simulations_23.0,roller,simulations,195,225,train
simulations_23.0,roller,simulations,210,240,excluded
simulations_23.0,roller,simulations,225,255,excluded
simulations_23.0,roller,simulations,240,270,excluded
simulations_23.0,roller,simulations,255,285,validation
simulations_23.0,roller,simulations,270,300,validation
simulations_23.0,roller,simulations,285,315,excluded
simulations_23.0,roller,simulations,300,330,excluded
simulations_23.0,roller,simulations,315,345,excluded
simulations_23.0,roller,simulations,330,360,test
simulations_23.0,roller,simulations,345,375,test
simulations_23.0,roller,simulations,360,390,test
simulations_23.0,room,simulations,0,30,train
simulations_23.0,room,simulations,15,45,train
simulations_23.0,room,simulations,30,60,train
simulations_23.0,room,simulations,45,75,train
simulations_23.0,room,simulations,60,90,train
simulations_23.0,room,simulations,75,105,train
simulations_23.0,room,simulations,90,120,train
simulations_23.0,room,simulations,105,135,train
simulations_23.0,room,simulations,120,150,train
simulations_23.0,room,simulations,135,165,train
simulations_23.0,room,simulations,150,180,train
simulations_23.0,room,simulations,165,195,train
simulations_23.0,room,simulations,180,210,train
simulations_23.0,room,simulations,195,225,train
simulations_23.0,room,simulations,210,240,excluded
simulations_23.0,room,simulations,225,255,excluded
simulations_23.0,room,simulations,240,270,excluded
simulations_23.0,room,simulations,255,285,validation
simulations_23.0,room,simulations,270,300,validation
simulations_23.0,room,simulations,285,315,excluded
simulations_23.0,room,simulations,300,330,excluded
simulations_23.0,room,simulations,315,345,excluded
simulations_23.0,room,simulations,330,360,test
simulations_23.0,room,simulations,345,375,test
simulations_23.0,room,simulations,360,390,test
simulations_23.0,sea,simulations,0,30,train
simulations_23.0,sea,simulations,15,45,train
simulations_23.0,sea,simulations,30,60,train
simulations_23.0,sea,simulations,45,75,train
simulations_23.0,sea,simulations,60,90,train
simulations_23.0,sea,simulations,75,105,train
simulations_23.0,sea,simulations,90,120,train
simulations_23.0,sea,simulations,105,135,train
simulations_23.0,sea,simulations,120,150,train
simulations_23.0,sea,simulations,135,165,train
simulations_23.0,sea,simulations,150,180,train
simulations_23.0,sea,simulations,165,195,train
simulations_23.0,sea,simulations,180,210,train
simulations_23.0,sea,simulations,195,225,train
simulations_23.0,sea,simulations,210,240,excluded
simulations_23.0,sea,simulations,225,255,excluded
simulations_23.0,sea,simulations,240,270,excluded
simulations_23.0,sea,simulations,255,285,validation
simulations_23.0,sea,simulations,270,300,validation
simulations_23.0,sea,simulations,285,315,excluded
simulations_23.0,sea,simulations,300,330,excluded
simulations_23.0,sea,simulations,315,345,excluded
simulations_23.0,sea,simulations,330,360,test
simulations_23.0,sea,simulations,345,375,test
simulations_23.0,sea,simulations,360,390,test
simulations_23.0,walk,simulations,0,30,train
simulations_23.0,walk,simulations,15,45,train
simulations_23.0,walk,simulations,30,60,train
simulations_23.0,walk,simulations,45,75,train
simulations_23.0,walk,simulations,60,90,train
simulations_23.0,walk,simulations,75,105,train
simulations_23.0,walk,simulations,90,120,train
simulations_23.0,walk,simulations,105,135,train
simulations_23.0,walk,simulations,120,150,train
simulations_23.0,walk,simulations,135,165,train
simulations_23.0,walk,simulations,150,180,train
simulations_23.0,walk,simulations,165,195,train
simulations_23.0,walk,simulations,180,210,train
simulations_23.0,walk,simulations,195,225,train
simulations_23.0,walk,simulations,210,240,excluded
simulations_23.0,walk,simulations,225,255,excluded
simulations_23.0,walk,simulations,240,270,excluded
simulations_23.0,walk,simulations,255,285,validation
simulations_23.0,walk,simulations,270,300,validation
simulations_23.0,walk,simulations,285,315,excluded
simulations_23.0,walk,simulations,300,330,excluded
simulations_23.0,walk,simulations,315,345,excluded
simulations_23.0,walk,simulations,330,360,test
simulations_23.0,walk,simulations,345,375,test
simulations_23.0,walk,simulations,360,390,test
simulations_24.0,beach,simulations,0,30,train
simulations_24.0,beach,simulations,15,45,train
simulations_24.0,beach,simulations,30,60,train
simulations_24.0,beach,simulations,45,75,train
simulations_24.0,beach,simulations,60,90,train
simulations_24.0,beach,simulations,75,105,train
simulations_24.0,beach,simulations,90,120,train
simulations_24.0,beach,simulations,105,135,train
simulations_24.0,beach,simulations,120,150,train
simulations_24.0,beach,simulations,135,165,train
simulations_24.0,beach,simulations,150,180,excluded
simulations_24.0,beach,simulations,165,195,excluded
simulations_24.0,beach,simulations,180,210,excluded
simulations_24.0,beach,simulations,195,225,validation
simulations_24.0,beach,simulations,210,240,excluded
simulations_24.0,beach,simulations,225,255,excluded
simulations_24.0,beach,simulations,240,270,excluded
simulations_24.0,beach,simulations,255,285,test
simulations_24.0,roller,simulations,0,30,train
simulations_24.0,roller,simulations,15,45,train
simulations_24.0,roller,simulations,30,60,train
simulations_24.0,roller,simulations,45,75,train
simulations_24.0,roller,simulations,60,90,train
simulations_24.0,roller,simulations,75,105,train
simulations_24.0,roller,simulations,90,120,train
simulations_24.0,roller,simulations,105,135,train
simulations_24.0,roller,simulations,120,150,train
simulations_24.0,roller,simulations,135,165,train
simulations_24.0,roller,simulations,150,180,train
simulations_24.0,roller,simulations,165,195,train
simulations_24.0,roller,simulations,180,210,train
simulations_24.0,roller,simulations,195,225,train
simulations_24.0,roller,simulations,210,240,train
simulations_24.0,roller,simulations,225,255,excluded
simulations_24.0,roller,simulations,240,270,excluded
simulations_24.0,roller,simulations,255,285,excluded
simulations_24.0,roller,simulations,270,300,validation
simulations_24.0,roller,simulations,285,315,validation
simulations_24.0,roller,simulations,300,330,validation
simulations_24.0,roller,simulations,315,345,excluded
simulations_24.0,roller,simulations,330,360,excluded
simulations_24.0,roller,simulations,345,375,excluded
simulations_24.0,roller,simulations,360,390,test
simulations_24.0,roller,simulations,375,405,test
simulations_24.0,roller,simulations,390,420,test
simulations_25.0,beach,simulations,0,30,train
simulations_25.0,beach,simulations,15,45,train
simulations_25.0,beach,simulations,30,60,train
simulations_25.0,beach,simulations,45,75,train
simulations_25.0,beach,simulations,60,90,train
simulations_25.0,beach,simulations,75,105,train
simulations_25.0,beach,simulations,90,120,train
simulations_25.0,beach,simulations,105,135,train
simulations_25.0,beach,simulations,120,150,train
simulations_25.0,beach,simulations,135,165,train
simulations_25.0,beach,simulations,150,180,train
simulations_25.0,beach,simulations,165,195,train
simulations_25.0,beach,simulations,180,210,train
simulations_25.0,beach,simulations,195,225,train
simulations_25.0,beach,simulations,210,240,train
simulations_25.0,beach,simulations,225,255,excluded
simulations_25.0,beach,simulations,240,270,excluded
simulations_25.0,beach,simulations,255,285,excluded
simulations_25.0,beach,simulations,270,300,validation
simulations_25.0,beach,simulations,285,315,validation
simulations_25.0,beach,simulations,300,330,excluded
simulations_25.0,beach,simulations,315,345,excluded
simulations_25.0,beach,simulations,330,360,excluded
simulations_25.0,beach,simulations,345,375,test
simulations_25.0,beach,simulations,360,390,test
simulations_25.0,beach,simulations,375,405,test
simulations_25.0,roller,simulations,0,30,train
simulations_25.0,roller,simulations,15,45,train
simulations_25.0,roller,simulations,30,60,train
simulations_25.0,roller,simulations,45,75,train
simulations_25.0,roller,simulations,60,90,train
simulations_25.0,roller,simulations,75,105,train
simulations_25.0,roller,simulations,90,120,train
simulations_25.0,roller,simulations,105,135,train
simulations_25.0,roller,simulations,120,150,train
simulations_25.0,roller,simulations,135,165,train
simulations_25.0,roller,simulations,150,180,train
simulations_25.0,roller,simulations,165,195,train
simulations_25.0,roller,simulations,180,210,train
simulations_25.0,roller,simulations,195,225,train
simulations_25.0,roller,simulations,210,240,train
simulations_25.0,roller,simulations,225,255,excluded
simulations_25.0,roller,simulations,240,270,excluded
simulations_25.0,roller,simulations,255,285,excluded
simulations_25.0,roller,simulations,270,300,validation
simulations_25.0,roller,simulations,285,315,validation
simulations_25.0,roller,simulations,300,330,validation
simulations_25.0,roller,simulations,315,345,excluded
simulations_25.0,roller,simulations,330,360,excluded
simulations_25.0,roller,simulations,345,375,excluded
simulations_25.0,roller,simulations,360,390,test
simulations_25.0,roller,simulations,375,405,test
simulations_25.0,roller,simulations,390,420,test
simulations_25.0,room,simulations,0,30,train
simulations_25.0,room,simulations,15,45,train
simulations_25.0,room,simulations,30,60,train
simulations_25.0,room,simulations,45,75,train
simulations_25.0,room,simulations,60,90,train
simulations_25.0,room,simulations,75,105,train
simulations_25.0,room,simulations,90,120,train
simulations_25.0,room,simulations,105,135,train
simulations_25.0,room,simulations,120,150,train
simulations_25.0,room,simulations,135,165,train
simulations_25.0,room,simulations,150,180,train
simulations_25.0,room,simulations,165,195,train
simulations_25.0,room,simulations,180,210,train
simulations_25.0,room,simulations,195,225,train
simulations_25.0,room,simulations,210,240,train
simulations_25.0,room,simulations,225,255,excluded
simulations_25.0,room,simulations,240,270,excluded
simulations_25.0,room,simulations,255,285,excluded
simulations_25.0,room,simulations,270,300,validation
simulations_25.0,room,simulations,285,315,validation
simulations_25.0,room,simulations,300,330,validation
simulations_25.0,room,simulations,315,345,excluded
simulations_25.0,room,simulations,330,360,excluded
simulations_25.0,room,simulations,345,375,excluded
simulations_25.0,room,simulations,360,390,test
simulations_25.0,room,simulations,375,405,test
simulations_25.0,room,simulations,390,420,test
simulations_25.0,sea,simulations,0,30,train
simulations_25.0,sea,simulations,15,45,train
simulations_25.0,sea,simulations,30,60,train
simulations_25.0,sea,simulations,45,75,train
simulations_25.0,sea,simulations,60,90,train
simulations_25.0,sea,simulations,75,105,train
simulations_25.0,sea,simulations,90,120,train
simulations_25.0,sea,simulations,105,135,train
simulations_25.0,sea,simulations,120,150,train
simulations_25.0,sea,simulations,135,165,train
simulations_25.0,sea,simulations,150,180,train
simulations_25.0,sea,simulations,165,195,train
simulations_25.0,sea,simulations,180,210,train
simulations_25.0,sea,simulations,195,225,train
simulations_25.0,sea,simulations,210,240,train
simulations_25.0,sea,simulations,225,255,train
simulations_25.0,sea,simulations,240,270,train
simulations_25.0,sea,simulations,255,285,excluded
simulations_25.0,sea,simulations,270,300,excluded
simulations_25.0,sea,simulations,285,315,validation
simulations_25.0,sea,simulations,300,330,validation
simulations_25.0,sea,simulations,315,345,validation
simulations_25.0,sea,simulations,330,360,validation
simulations_25.0,sea,simulations,345,375,excluded
simulations_25.0,sea,simulations,360,390,excluded
simulations_25.0,sea,simulations,375,405,test
simulations_25.0,sea,simulations,390,420,test
simulations_25.0,sea,simulations,405,435,test
simulations_25.0,sea,simulations,420,450,test
simulations_25.0,walk,simulations,0,30,train
simulations_25.0,walk,simulations,15,45,train
simulations_25.0,walk,simulations,30,60,train
simulations_25.0,walk,simulations,45,75,train
simulations_25.0,walk,simulations,60,90,train
simulations_25.0,walk,simulations,75,105,train
simulations_25.0,walk,simulations,90,120,train
simulations_25.0,walk,simulations,105,135,train
simulations_25.0,walk,simulations,120,150,train
simulations_25.0,walk,simulations,135,165,train
simulations_25.0,walk,simulations,150,180,train
simulations_25.0,walk,simulations,165,195,train
simulations_25.0,walk,simulations,180,210,train
simulations_25.0,walk,simulations,195,225,train
simulations_25.0,walk,simulations,210,240,train
simulations_25.0,walk,simulations,225,255,excluded
simulations_25.0,walk,simulations,240,270,excluded
simulations_25.0,walk,simulations,255,285,excluded
simulations_25.0,walk,simulations,270,300,validation
simulations_25.0,walk,simulations,285,315,validation
simulations_25.0,walk,simulations,300,330,validation
simulations_25.0,walk,simulations,315,345,excluded
simulations_25.0,walk,simulations,330,360,excluded
simulations_25.0,walk,simulations,345,375,excluded
simulations_25.0,walk,simulations,360,390,test
simulations_25.0,walk,simulations,375,405,test
simulations_25.0,walk,simulations,390,420,test
simulations_3.0,beach,simulations,0,30,train
simulations_3.0,beach,simulations,15,45,train
simulations_3.0,beach,simulations,30,60,train
simulations_3.0,beach,simulations,45,75,train
simulations_3.0,beach,simulations,60,90,train
simulations_3.0,beach,simulations,75,105,train
simulations_3.0,beach,simulations,90,120,train
simulations_3.0,beach,simulations,105,135,train
simulations_3.0,beach,simulations,120,150,train
simulations_3.0,beach,simulations,135,165,train
simulations_3.0,beach,simulations,150,180,train
simulations_3.0,beach,simulations,165,195,train
simulations_3.0,beach,simulations,180,210,train
simulations_3.0,beach,simulations,195,225,train
simulations_3.0,beach,simulations,210,240,excluded
simulations_3.0,beach,simulations,225,255,excluded
simulations_3.0,beach,simulations,240,270,excluded
simulations_3.0,beach,simulations,255,285,validation
simulations_3.0,beach,simulations,270,300,validation
simulations_3.0,beach,simulations,285,315,excluded
simulations_3.0,beach,simulations,300,330,excluded
simulations_3.0,beach,simulations,315,345,excluded
simulations_3.0,beach,simulations,330,360,test
simulations_3.0,beach,simulations,345,375,test
simulations_3.0,beach,simulations,360,390,test
simulations_3.0,roller,simulations,0,30,train
simulations_3.0,roller,simulations,15,45,train
simulations_3.0,roller,simulations,30,60,train
simulations_3.0,roller,simulations,45,75,train
simulations_3.0,roller,simulations,60,90,train
simulations_3.0,roller,simulations,75,105,train
simulations_3.0,roller,simulations,90,120,train
simulations_3.0,roller,simulations,105,135,train
simulations_3.0,roller,simulations,120,150,train
simulations_3.0,roller,simulations,135,165,train
simulations_3.0,roller,simulations,150,180,train
simulations_3.0,roller,simulations,165,195,train
simulations_3.0,roller,simulations,180,210,train
simulations_3.0,roller,simulations,195,225,train
simulations_3.0,roller,simulations,210,240,excluded
simulations_3.0,roller,simulations,225,255,excluded
simulations_3.0,roller,simulations,240,270,excluded
simulations_3.0,roller,simulations,255,285,validation
simulations_3.0,roller,simulations,270,300,validation
simulations_3.0,roller,simulations,285,315,excluded
simulations_3.0,roller,simulations,300,330,excluded
simulations_3.0,roller,simulations,315,345,excluded
simulations_3.0,roller,simulations,330,360,test
simulations_3.0,roller,simulations,345,375,test
simulations_3.0,roller,simulations,360,390,test
simulations_3.0,room,simulations,0,30,train
simulations_3.0,room,simulations,15,45,train
simulations_3.0,room,simulations,30,60,train
simulations_3.0,room,simulations,45,75,train
simulations_3.0,room,simulations,60,90,train
simulations_3.0,room,simulations,75,105,train
simulations_3.0,room,simulations,90,120,train
simulations_3.0,room,simulations,105,135,train
simulations_3.0,room,simulations,120,150,train
simulations_3.0,room,simulations,135,165,train
simulations_3.0,room,simulations,150,180,train
simulations_3.0,room,simulations,165,195,train
simulations_3.0,room,simulations,180,210,train
simulations_3.0,room,simulations,195,225,train
simulations_3.0,room,simulations,210,240,excluded
simulations_3.0,room,simulations,225,255,excluded
simulations_3.0,room,simulations,240,270,excluded
simulations_3.0,room,simulations,255,285,validation
simulations_3.0,room,simulations,270,300,validation
simulations_3.0,room,simulations,285,315,excluded
simulations_3.0,room,simulations,300,330,excluded
simulations_3.0,room,simulations,315,345,excluded
simulations_3.0,room,simulations,330,360,test
simulations_3.0,room,simulations,345,375,test
simulations_3.0,room,simulations,360,390,test
simulations_3.0,sea,simulations,0,30,train
simulations_3.0,sea,simulations,15,45,train
simulations_3.0,sea,simulations,30,60,train
simulations_3.0,sea,simulations,45,75,train
simulations_3.0,sea,simulations,60,90,train
simulations_3.0,sea,simulations,75,105,train
simulations_3.0,sea,simulations,90,120,train
simulations_3.0,sea,simulations,105,135,train
simulations_3.0,sea,simulations,120,150,train
simulations_3.0,sea,simulations,135,165,train
simulations_3.0,sea,simulations,150,180,train
simulations_3.0,sea,simulations,165,195,train
simulations_3.0,sea,simulations,180,210,train
simulations_3.0,sea,simulations,195,225,train
simulations_3.0,sea,simulations,210,240,excluded
simulations_3.0,sea,simulations,225,255,excluded
simulations_3.0,sea,simulations,240,270,excluded
simulations_3.0,sea,simulations,255,285,validation
simulations_3.0,sea,simulations,270,300,validation
simulations_3.0,sea,simulations,285,315,excluded
simulations_3.0,sea,simulations,300,330,excluded
simulations_3.0,sea,simulations,315,345,excluded
simulations_3.0,sea,simulations,330,360,test
simulations_3.0,sea,simulations,345,375,test
simulations_3.0,sea,simulations,360,390,test
simulations_3.0,walk,simulations,0,30,train
simulations_3.0,walk,simulations,15,45,train
simulations_3.0,walk,simulations,30,60,train
simulations_3.0,walk,simulations,45,75,train
simulations_3.0,walk,simulations,60,90,train
simulations_3.0,walk,simulations,75,105,train
simulations_3.0,walk,simulations,90,120,train
simulations_3.0,walk,simulations,105,135,train
simulations_3.0,walk,simulations,120,150,train
simulations_3.0,walk,simulations,135,165,train
simulations_3.0,walk,simulations,150,180,train
simulations_3.0,walk,simulations,165,195,train
simulations_3.0,walk,simulations,180,210,train
simulations_3.0,walk,simulations,195,225,excluded
simulations_3.0,walk,simulations,210,240,excluded
simulations_3.0,walk,simulations,225,255,excluded
simulations_3.0,walk,simulations,240,270,validation
simulations_3.0,walk,simulations,255,285,validation
simulations_3.0,walk,simulations,270,300,excluded
simulations_3.0,walk,simulations,285,315,excluded
simulations_3.0,walk,simulations,300,330,excluded
simulations_3.0,walk,simulations,315,345,test
simulations_3.0,walk,simulations,330,360,test
simulations_4.0,beach,simulations,0,30,train
simulations_4.0,beach,simulations,15,45,train
simulations_4.0,beach,simulations,30,60,train
simulations_4.0,beach,simulations,45,75,train
simulations_4.0,beach,simulations,60,90,train
simulations_4.0,beach,simulations,75,105,train
simulations_4.0,beach,simulations,90,120,train
simulations_4.0,beach,simulations,105,135,train
simulations_4.0,beach,simulations,120,150,train
simulations_4.0,beach,simulations,135,165,train
simulations_4.0,beach,simulations,150,180,train
simulations_4.0,beach,simulations,165,195,train
simulations_4.0,beach,simulations,180,210,train
simulations_4.0,beach,simulations,195,225,train
simulations_4.0,beach,simulations,210,240,excluded
simulations_4.0,beach,simulations,225,255,excluded
simulations_4.0,beach,simulations,240,270,excluded
simulations_4.0,beach,simulations,255,285,validation
simulations_4.0,beach,simulations,270,300,validation
simulations_4.0,beach,simulations,285,315,excluded
simulations_4.0,beach,simulations,300,330,excluded
simulations_4.0,beach,simulations,315,345,excluded
simulations_4.0,beach,simulations,330,360,test
simulations_4.0,beach,simulations,345,375,test
simulations_4.0,beach,simulations,360,390,test
simulations_4.0,roller,simulations,0,30,train
simulations_4.0,roller,simulations,15,45,train
simulations_4.0,roller,simulations,30,60,train
simulations_4.0,roller,simulations,45,75,train
simulations_4.0,roller,simulations,60,90,train
simulations_4.0,roller,simulations,75,105,train
simulations_4.0,roller,simulations,90,120,train
simulations_4.0,roller,simulations,105,135,train
simulations_4.0,roller,simulations,120,150,train
simulations_4.0,roller,simulations,135,165,train
simulations_4.0,roller,simulations,150,180,train
simulations_4.0,roller,simulations,165,195,train
simulations_4.0,roller,simulations,180,210,train
simulations_4.0,roller,simulations,195,225,train
simulations_4.0,roller,simulations,210,240,excluded
simulations_4.0,roller,simulations,225,255,excluded
simulations_4.0,roller,simulations,240,270,excluded
simulations_4.0,roller,simulations,255,285,validation
simulations_4.0,roller,simulations,270,300,validation
simulations_4.0,roller,simulations,285,315,excluded
simulations_4.0,roller,simulations,300,330,excluded
simulations_4.0,roller,simulations,315,345,excluded
simulations_4.0,roller,simulations,330,360,test
simulations_4.0,roller,simulations,345,375,test
simulations_4.0,roller,simulations,360,390,test
simulations_4.0,room,simulations,0,30,train
simulations_4.0,room,simulations,15,45,train
simulations_4.0,room,simulations,30,60,train
simulations_4.0,room,simulations,45,75,train
simulations_4.0,room,simulations,60,90,train
simulations_4.0,room,simulations,75,105,train
simulations_4.0,room,simulations,90,120,train
simulations_4.0,room,simulations,105,135,train
simulations_4.0,room,simulations,120,150,train
simulations_4.0,room,simulations,135,165,train
simulations_4.0,room,simulations,150,180,train
simulations_4.0,room,simulations,165,195,train
simulations_4.0,room,simulations,180,210,train
simulations_4.0,room,simulations,195,225,train
simulations_4.0,room,simulations,210,240,excluded
simulations_4.0,room,simulations,225,255,excluded
simulations_4.0,room,simulations,240,270,excluded
simulations_4.0,room,simulations,255,285,validation
simulations_4.0,room,simulations,270,300,validation
simulations_4.0,room,simulations,285,315,excluded
simulations_4.0,room,simulations,300,330,excluded
simulations_4.0,room,simulations,315,345,excluded
simulations_4.0,room,simulations,330,360,test
simulations_4.0,room,simulations,345,375,test
simulations_4.0,room,simulations,360,390,test
simulations_4.0,sea,simulations,0,30,train
simulations_4.0,sea,simulations,15,45,train
simulations_4.0,sea,simulations,30,60,train
simulations_4.0,sea,simulations,45,75,train
simulations_4.0,sea,simulations,60,90,train
simulations_4.0,sea,simulations,75,105,train
simulations_4.0,sea,simulations,90,120,train
simulations_4.0,sea,simulations,105,135,train
simulations_4.0,sea,simulations,120,150,train
simulations_4.0,sea,simulations,135,165,train
simulations_4.0,sea,simulations,150,180,train
simulations_4.0,sea,simulations,165,195,train
simulations_4.0,sea,simulations,180,210,train
simulations_4.0,sea,simulations,195,225,train
simulations_4.0,sea,simulations,210,240,excluded
simulations_4.0,sea,simulations,225,255,excluded
simulations_4.0,sea,simulations,240,270,excluded
simulations_4.0,sea,simulations,255,285,validation
simulations_4.0,sea,simulations,270,300,validation
simulations_4.0,sea,simulations,285,315,excluded
simulations_4.0,sea,simulations,300,330,excluded
simulations_4.0,sea,simulations,315,345,excluded
simulations_4.0,sea,simulations,330,360,test
simulations_4.0,sea,simulations,345,375,test
simulations_4.0,sea,simulations,360,390,test
simulations_4.0,walk,simulations,0,30,train
simulations_4.0,walk,simulations,15,45,train
simulations_4.0,walk,simulations,30,60,train
simulations_4.0,walk,simulations,45,75,train
simulations_4.0,walk,simulations,60,90,train
simulations_4.0,walk,simulations,75,105,train
simulations_4.0,walk,simulations,90,120,train
simulations_4.0,walk,simulations,105,135,train
simulations_4.0,walk,simulations,120,150,train
simulations_4.0,walk,simulations,135,165,train
simulations_4.0,walk,simulations,150,180,train
simulations_4.0,walk,simulations,165,195,train
simulations_4.0,walk,simulations,180,210,train
simulations_4.0,walk,simulations,195,225,train
simulations_4.0,walk,simulations,210,240,excluded
simulations_4.0,walk,simulations,225,255,excluded
simulations_4.0,walk,simulations,240,270,excluded
simulations_4.0,walk,simulations,255,285,validation
simulations_4.0,walk,simulations,270,300,validation
simulations_4.0,walk,simulations,285,315,excluded
simulations_4.0,walk,simulations,300,330,excluded
simulations_4.0,walk,simulations,315,345,excluded
simulations_4.0,walk,simulations,330,360,test
simulations_4.0,walk,simulations,345,375,test
simulations_4.0,walk,simulations,360,390,test
simulations_5.0,beach,simulations,0,30,train
simulations_5.0,beach,simulations,15,45,train
simulations_5.0,beach,simulations,30,60,train
simulations_5.0,beach,simulations,45,75,train
simulations_5.0,beach,simulations,60,90,train
simulations_5.0,beach,simulations,75,105,train
simulations_5.0,beach,simulations,90,120,train
simulations_5.0,beach,simulations,105,135,train
simulations_5.0,beach,simulations,120,150,train
simulations_5.0,beach,simulations,135,165,train
simulations_5.0,beach,simulations,150,180,train
simulations_5.0,beach,simulations,165,195,train
simulations_5.0,beach,simulations,180,210,train
simulations_5.0,beach,simulations,195,225,train
simulations_5.0,beach,simulations,210,240,excluded
simulations_5.0,beach,simulations,225,255,excluded
simulations_5.0,beach,simulations,240,270,excluded
simulations_5.0,beach,simulations,255,285,validation
simulations_5.0,beach,simulations,270,300,validation
simulations_5.0,beach,simulations,285,315,excluded
simulations_5.0,beach,simulations,300,330,excluded
simulations_5.0,beach,simulations,315,345,excluded
simulations_5.0,beach,simulations,330,360,test
simulations_5.0,beach,simulations,345,375,test
simulations_5.0,beach,simulations,360,390,test
simulations_5.0,roller,simulations,0,30,train
simulations_5.0,roller,simulations,15,45,train
simulations_5.0,roller,simulations,30,60,train
simulations_5.0,roller,simulations,45,75,train
simulations_5.0,roller,simulations,60,90,train
simulations_5.0,roller,simulations,75,105,train
simulations_5.0,roller,simulations,90,120,train
simulations_5.0,roller,simulations,105,135,train
simulations_5.0,roller,simulations,120,150,excluded
simulations_5.0,roller,simulations,135,165,excluded
simulations_5.0,roller,simulations,150,180,validation
simulations_5.0,roller,simulations,165,195,excluded
simulations_5.0,roller,simulations,180,210,excluded
simulations_5.0,roller,simulations,195,225,test
simulations_5.0,room,simulations,0,30,train
simulations_5.0,room,simulations,15,45,train
simulations_5.0,room,simulations,30,60,train
simulations_5.0,room,simulations,45,75,train
simulations_5.0,room,simulations,60,90,train
simulations_5.0,room,simulations,75,105,train
simulations_5.0,room,simulations,90,120,train
simulations_5.0,room,simulations,105,135,train
simulations_5.0,room,simulations,120,150,train
simulations_5.0,room,simulations,135,165,train
simulations_5.0,room,simulations,150,180,train
simulations_5.0,room,simulations,165,195,train
simulations_5.0,room,simulations,180,210,train
simulations_5.0,room,simulations,195,225,train
simulations_5.0,room,simulations,210,240,excluded
simulations_5.0,room,simulations,225,255,excluded
simulations_5.0,room,simulations,240,270,excluded
simulations_5.0,room,simulations,255,285,validation
simulations_5.0,room,simulations,270,300,validation
simulations_5.0,room,simulations,285,315,excluded
simulations_5.0,room,simulations,300,330,excluded
simulations_5.0,room,simulations,315,345,excluded
simulations_5.0,room,simulations,330,360,test
simulations_5.0,room,simulations,345,375,test
simulations_5.0,room,simulations,360,390,test
simulations_5.0,sea,simulations,0,30,train
simulations_5.0,sea,simulations,15,45,train
simulations_5.0,sea,simulations,30,60,train
simulations_5.0,sea,simulations,45,75,train
simulations_5.0,sea,simulations,60,90,train
simulations_5.0,sea,simulations,75,105,train
simulations_5.0,sea,simulations,90,120,train
simulations_5.0,sea,simulations,105,135,train
simulations_5.0,sea,simulations,120,150,train
simulations_5.0,sea,simulations,135,165,train
simulations_5.0,sea,simulations,150,180,train
simulations_5.0,sea,simulations,165,195,train
simulations_5.0,sea,simulations,180,210,train
simulations_5.0,sea,simulations,195,225,train
simulations_5.0,sea,simulations,210,240,excluded
simulations_5.0,sea,simulations,225,255,excluded
simulations_5.0,sea,simulations,240,270,excluded
simulations_5.0,sea,simulations,255,285,validation
simulations_5.0,sea,simulations,270,300,validation
simulations_5.0,sea,simulations,285,315,excluded
simulations_5.0,sea,simulations,300,330,excluded
simulations_5.0,sea,simulations,315,345,excluded
simulations_5.0,sea,simulations,330,360,test
simulations_5.0,sea,simulations,345,375,test
simulations_5.0,sea,simulations,360,390,test
simulations_5.0,walk,simulations,0,30,train
simulations_5.0,walk,simulations,15,45,train
simulations_5.0,walk,simulations,30,60,train
simulations_5.0,walk,simulations,45,75,train
simulations_5.0,walk,simulations,60,90,train
simulations_5.0,walk,simulations,75,105,train
simulations_5.0,walk,simulations,90,120,train
simulations_5.0,walk,simulations,105,135,train
simulations_5.0,walk,simulations,120,150,train
simulations_5.0,walk,simulations,135,165,train
simulations_5.0,walk,simulations,150,180,train
simulations_5.0,walk,simulations,165,195,train
simulations_5.0,walk,simulations,180,210,train
simulations_5.0,walk,simulations,195,225,train
simulations_5.0,walk,simulations,210,240,excluded
simulations_5.0,walk,simulations,225,255,excluded
simulations_5.0,walk,simulations,240,270,excluded
simulations_5.0,walk,simulations,255,285,validation
simulations_5.0,walk,simulations,270,300,validation
simulations_5.0,walk,simulations,285,315,excluded
simulations_5.0,walk,simulations,300,330,excluded
simulations_5.0,walk,simulations,315,345,excluded
simulations_5.0,walk,simulations,330,360,test
simulations_5.0,walk,simulations,345,375,test
simulations_5.0,walk,simulations,360,390,test
simulations_6.0,beach,simulations,0,30,train
simulations_6.0,beach,simulations,15,45,train
simulations_6.0,beach,simulations,30,60,train
simulations_6.0,beach,simulations,45,75,train
simulations_6.0,beach,simulations,60,90,train
simulations_6.0,beach,simulations,75,105,train
simulations_6.0,beach,simulations,90,120,train
simulations_6.0,beach,simulations,105,135,train
simulations_6.0,beach,simulations,120,150,train
simulations_6.0,beach,simulations,135,165,train
simulations_6.0,beach,simulations,150,180,train
simulations_6.0,beach,simulations,165,195,train
simulations_6.0,beach,simulations,180,210,train
simulations_6.0,beach,simulations,195,225,train
simulations_6.0,beach,simulations,210,240,train
simulations_6.0,beach,simulations,225,255,excluded
simulations_6.0,beach,simulations,240,270,excluded
simulations_6.0,beach,simulations,255,285,excluded
simulations_6.0,beach,simulations,270,300,validation
simulations_6.0,beach,simulations,285,315,validation
simulations_6.0,beach,simulations,300,330,validation
simulations_6.0,beach,simulations,315,345,excluded
simulations_6.0,beach,simulations,330,360,excluded
simulations_6.0,beach,simulations,345,375,excluded
simulations_6.0,beach,simulations,360,390,test
simulations_6.0,beach,simulations,375,405,test
simulations_6.0,beach,simulations,390,420,test
simulations_6.0,roller,simulations,0,30,train
simulations_6.0,roller,simulations,15,45,train
simulations_6.0,roller,simulations,30,60,train
simulations_6.0,roller,simulations,45,75,train
simulations_6.0,roller,simulations,60,90,train
simulations_6.0,roller,simulations,75,105,train
simulations_6.0,roller,simulations,90,120,train
simulations_6.0,roller,simulations,105,135,train
simulations_6.0,roller,simulations,120,150,train
simulations_6.0,roller,simulations,135,165,train
simulations_6.0,roller,simulations,150,180,train
simulations_6.0,roller,simulations,165,195,train
simulations_6.0,roller,simulations,180,210,train
simulations_6.0,roller,simulations,195,225,train
simulations_6.0,roller,simulations,210,240,train
simulations_6.0,roller,simulations,225,255,excluded
simulations_6.0,roller,simulations,240,270,excluded
simulations_6.0,roller,simulations,255,285,excluded
simulations_6.0,roller,simulations,270,300,validation
simulations_6.0,roller,simulations,285,315,validation
simulations_6.0,roller,simulations,300,330,validation
simulations_6.0,roller,simulations,315,345,excluded
simulations_6.0,roller,simulations,330,360,excluded
simulations_6.0,roller,simulations,345,375,excluded
simulations_6.0,roller,simulations,360,390,test
simulations_6.0,roller,simulations,375,405,test
simulations_6.0,roller,simulations,390,420,test
simulations_6.0,room,simulations,0,30,train
simulations_6.0,room,simulations,15,45,train
simulations_6.0,room,simulations,30,60,train
simulations_6.0,room,simulations,45,75,train
simulations_6.0,room,simulations,60,90,train
simulations_6.0,room,simulations,75,105,train
simulations_6.0,room,simulations,90,120,train
simulations_6.0,room,simulations,105,135,train
simulations_6.0,room,simulations,120,150,train
simulations_6.0,room,simulations,135,165,train
simulations_6.0,room,simulations,150,180,train
simulations_6.0,room,simulations,165,195,train
simulations_6.0,room,simulations,180,210,train
simulations_6.0,room,simulations,195,225,train
simulations_6.0,room,simulations,210,240,train
simulations_6.0,room,simulations,225,255,excluded
simulations_6.0,room,simulations,240,270,excluded
simulations_6.0,room,simulations,255,285,excluded
simulations_6.0,room,simulations,270,300,validation
simulations_6.0,room,simulations,285,315,validation
simulations_6.0,room,simulations,300,330,validation
simulations_6.0,room,simulations,315,345,excluded
simulations_6.0,room,simulations,330,360,excluded
simulations_6.0,room,simulations,345,375,excluded
simulations_6.0,room,simulations,360,390,test
simulations_6.0,room,simulations,375,405,test
simulations_6.0,room,simulations,390,420,test
simulations_6.0,sea,simulations,0,30,train
simulations_6.0,sea,simulations,15,45,train
simulations_6.0,sea,simulations,30,60,train
simulations_6.0,sea,simulations,45,75,train
simulations_6.0,sea,simulations,60,90,train
simulations_6.0,sea,simulations,75,105,train
simulations_6.0,sea,simulations,90,120,train
simulations_6.0,sea,simulations,105,135,train
simulations_6.0,sea,simulations,120,150,train
simulations_6.0,sea,simulations,135,165,train
simulations_6.0,sea,simulations,150,180,train
simulations_6.0,sea,simulations,165,195,train
simulations_6.0,sea,simulations,180,210,train
simulations_6.0,sea,simulations,195,225,train
simulations_6.0,sea,simulations,210,240,train
simulations_6.0,sea,simulations,225,255,train
simulations_6.0,sea,simulations,240,270,train
simulations_6.0,sea,simulations,255,285,excluded
simulations_6.0,sea,simulations,270,300,excluded
simulations_6.0,sea,simulations,285,315,validation
simulations_6.0,sea,simulations,300,330,validation
simulations_6.0,sea,simulations,315,345,validation
simulations_6.0,sea,simulations,330,360,validation
simulations_6.0,sea,simulations,345,375,excluded
simulations_6.0,sea,simulations,360,390,excluded
simulations_6.0,sea,simulations,375,405,test
simulations_6.0,sea,simulations,390,420,test
simulations_6.0,sea,simulations,405,435,test
simulations_6.0,sea,simulations,420,450,test
simulations_6.0,walk,simulations,0,30,train
simulations_6.0,walk,simulations,15,45,train
simulations_6.0,walk,simulations,30,60,train
simulations_6.0,walk,simulations,45,75,train
simulations_6.0,walk,simulations,60,90,train
simulations_6.0,walk,simulations,75,105,train
simulations_6.0,walk,simulations,90,120,train
simulations_6.0,walk,simulations,105,135,train
simulations_6.0,walk,simulations,120,150,train
simulations_6.0,walk,simulations,135,165,train
simulations_6.0,walk,simulations,150,180,train
simulations_6.0,walk,simulations,165,195,train
simulations_6.0,walk,simulations,180,210,train
simulations_6.0,walk,simulations,195,225,train
simulations_6.0,walk,simulations,210,240,train
simulations_6.0,walk,simulations,225,255,excluded
simulations_6.0,walk,simulations,240,270,excluded
simulations_6.0,walk,simulations,255,285,excluded
simulations_6.0,walk,simulations,270,300,validation
simulations_6.0,walk,simulations,285,315,validation
simulations_6.0,walk,simulations,300,330,validation
simulations_6.0,walk,simulations,315,345,excluded
simulations_6.0,walk,simulations,330,360,excluded
simulations_6.0,walk,simulations,345,375,excluded
simulations_6.0,walk,simulations,360,390,test
simulations_6.0,walk,simulations,375,405,test
simulations_6.0,walk,simulations,390,420,test
simulations_7.0,beach,simulations,0,30,train
simulations_7.0,beach,simulations,15,45,train
simulations_7.0,beach,simulations,30,60,train
simulations_7.0,beach,simulations,45,75,train
simulations_7.0,beach,simulations,60,90,train
simulations_7.0,beach,simulations,75,105,train
simulations_7.0,beach,simulations,90,120,train
simulations_7.0,beach,simulations,105,135,train
simulations_7.0,beach,simulations,120,150,train
simulations_7.0,beach,simulations,135,165,train
simulations_7.0,beach,simulations,150,180,train
simulations_7.0,beach,simulations,165,195,train
simulations_7.0,beach,simulations,180,210,train
simulations_7.0,beach,simulations,195,225,train
simulations_7.0,beach,simulations,210,240,train
simulations_7.0,beach,simulations,225,255,excluded
simulations_7.0,beach,simulations,240,270,excluded
simulations_7.0,beach,simulations,255,285,excluded
simulations_7.0,beach,simulations,270,300,validation
simulations_7.0,beach,simulations,285,315,validation
simulations_7.0,beach,simulations,300,330,validation
simulations_7.0,beach,simulations,315,345,excluded
simulations_7.0,beach,simulations,330,360,excluded
simulations_7.0,beach,simulations,345,375,excluded
simulations_7.0,beach,simulations,360,390,test
simulations_7.0,beach,simulations,375,405,test
simulations_7.0,beach,simulations,390,420,test
simulations_7.0,room,simulations,0,30,train
simulations_7.0,room,simulations,15,45,train
simulations_7.0,room,simulations,30,60,train
simulations_7.0,room,simulations,45,75,train
simulations_7.0,room,simulations,60,90,train
simulations_7.0,room,simulations,75,105,train
simulations_7.0,room,simulations,90,120,train
simulations_7.0,room,simulations,105,135,train
simulations_7.0,room,simulations,120,150,train
simulations_7.0,room,simulations,135,165,train
simulations_7.0,room,simulations,150,180,train
simulations_7.0,room,simulations,165,195,train
simulations_7.0,room,simulations,180,210,train
simulations_7.0,room,simulations,195,225,train
simulations_7.0,room,simulations,210,240,train
simulations_7.0,room,simulations,225,255,excluded
simulations_7.0,room,simulations,240,270,excluded
simulations_7.0,room,simulations,255,285,excluded
simulations_7.0,room,simulations,270,300,validation
simulations_7.0,room,simulations,285,315,validation
simulations_7.0,room,simulations,300,330,validation
simulations_7.0,room,simulations,315,345,excluded
simulations_7.0,room,simulations,330,360,excluded
simulations_7.0,room,simulations,345,375,excluded
simulations_7.0,room,simulations,360,390,test
simulations_7.0,room,simulations,375,405,test
simulations_7.0,room,simulations,390,420,test
simulations_7.0,sea,simulations,0,30,train
simulations_7.0,sea,simulations,15,45,train
simulations_7.0,sea,simulations,30,60,train
simulations_7.0,sea,simulations,45,75,train
simulations_7.0,sea,simulations,60,90,train
simulations_7.0,sea,simulations,75,105,train
simulations_7.0,sea,simulations,90,120,train
simulations_7.0,sea,simulations,105,135,train
simulations_7.0,sea,simulations,120,150,excluded
simulations_7.0,sea,simulations,135,165,excluded
simulations_7.0,sea,simulations,150,180,excluded
simulations_7.0,sea,simulations,165,195,excluded
simulations_7.0,sea,simulations,180,210,excluded
simulations_7.0,sea,simulations,195,225,excluded
simulations_7.0,sea,simulations,210,240,test
simulations_7.0,walk,simulations,0,30,train
simulations_7.0,walk,simulations,15,45,train
simulations_7.0,walk,simulations,30,60,train
simulations_7.0,walk,simulations,45,75,train
simulations_7.0,walk,simulations,60,90,train
simulations_7.0,walk,simulations,75,105,train
simulations_7.0,walk,simulations,90,120,train
simulations_7.0,walk,simulations,105,135,train
simulations_7.0,walk,simulations,120,150,train
simulations_7.0,walk,simulations,135,165,train
simulations_7.0,walk,simulations,150,180,train
simulations_7.0,walk,simulations,165,195,train
simulations_7.0,walk,simulations,180,210,train
simulations_7.0,walk,simulations,195,225,train
simulations_7.0,walk,simulations,210,240,excluded
simulations_7.0,walk,simulations,225,255,excluded
simulations_7.0,walk,simulations,240,270,excluded
simulations_7.0,walk,simulations,255,285,validation
simulations_7.0,walk,simulations,270,300,validation
simulations_7.0,walk,simulations,285,315,excluded
simulations_7.0,walk,simulations,300,330,excluded
simulations_7.0,walk,simulations,315,345,excluded
simulations_7.0,walk,simulations,330,360,test
simulations_7.0,walk,simulations,345,375,test
simulations_7.0,walk,simulations,360,390,test
simulations_8.0,beach,simulations,0,30,train
simulations_8.0,beach,simulations,15,45,train
simulations_8.0,beach,simulations,30,60,train
simulations_8.0,beach,simulations,45,75,train
simulations_8.0,beach,simulations,60,90,train
simulations_8.0,beach,simulations,75,105,train
simulations_8.0,beach,simulations,90,120,train
simulations_8.0,beach,simulations,105,135,train
simulations_8.0,beach,simulations,120,150,train
simulations_8.0,beach,simulations,135,165,train
simulations_8.0,beach,simulations,150,180,train
simulations_8.0,beach,simulations,165,195,train
simulations_8.0,beach,simulations,180,210,train
simulations_8.0,beach,simulations,195,225,train
simulations_8.0,beach,simulations,210,240,excluded
simulations_8.0,beach,simulations,225,255,excluded
simulations_8.0,beach,simulations,240,270,excluded
simulations_8.0,beach,simulations,255,285,validation
simulations_8.0,beach,simulations,270,300,validation
simulations_8.0,beach,simulations,285,315,excluded
simulations_8.0,beach,simulations,300,330,excluded
simulations_8.0,beach,simulations,315,345,excluded
simulations_8.0,beach,simulations,330,360,test
simulations_8.0,beach,simulations,345,375,test
simulations_8.0,beach,simulations,360,390,test
simulations_8.0,roller,simulations,0,30,train
simulations_8.0,roller,simulations,15,45,train
simulations_8.0,roller,simulations,30,60,train
simulations_8.0,roller,simulations,45,75,train
simulations_8.0,roller,simulations,60,90,train
simulations_8.0,roller,simulations,75,105,train
simulations_8.0,roller,simulations,90,120,train
simulations_8.0,roller,simulations,105,135,train
simulations_8.0,roller,simulations,120,150,train
simulations_8.0,roller,simulations,135,165,train
simulations_8.0,roller,simulations,150,180,train
simulations_8.0,roller,simulations,165,195,train
simulations_8.0,roller,simulations,180,210,train
simulations_8.0,roller,simulations,195,225,train
simulations_8.0,roller,simulations,210,240,excluded
simulations_8.0,roller,simulations,225,255,excluded
simulations_8.0,roller,simulations,240,270,excluded
simulations_8.0,roller,simulations,255,285,validation
simulations_8.0,roller,simulations,270,300,validation
simulations_8.0,roller,simulations,285,315,excluded
simulations_8.0,roller,simulations,300,330,excluded
simulations_8.0,roller,simulations,315,345,excluded
simulations_8.0,roller,simulations,330,360,test
simulations_8.0,roller,simulations,345,375,test
simulations_8.0,roller,simulations,360,390,test
simulations_8.0,room,simulations,0,30,train
simulations_8.0,room,simulations,15,45,train
simulations_8.0,room,simulations,30,60,train
simulations_8.0,room,simulations,45,75,train
simulations_8.0,room,simulations,60,90,train
simulations_8.0,room,simulations,75,105,train
simulations_8.0,room,simulations,90,120,train
simulations_8.0,room,simulations,105,135,train
simulations_8.0,room,simulations,120,150,train
simulations_8.0,room,simulations,135,165,train
simulations_8.0,room,simulations,150,180,train
simulations_8.0,room,simulations,165,195,train
simulations_8.0,room,simulations,180,210,train
simulations_8.0,room,simulations,195,225,train
simulations_8.0,room,simulations,210,240,excluded
simulations_8.0,room,simulations,225,255,excluded
simulations_8.0,room,simulations,240,270,excluded
simulations_8.0,room,simulations,255,285,validation
simulations_8.0,room,simulations,270,300,validation
simulations_8.0,room,simulations,285,315,excluded
simulations_8.0,room,simulations,300,330,excluded
simulations_8.0,room,simulations,315,345,excluded
simulations_8.0,room,simulations,330,360,test
simulations_8.0,room,simulations,345,375,test
simulations_8.0,room,simulations,360,390,test
simulations_8.0,sea,simulations,0,30,train
simulations_8.0,sea,simulations,15,45,train
simulations_8.0,sea,simulations,30,60,train
simulations_8.0,sea,simulations,45,75,train
simulations_8.0,sea,simulations,60,90,train
simulations_8.0,sea,simulations,75,105,train
simulations_8.0,sea,simulations,90,120,train
simulations_8.0,sea,simulations,105,135,train
simulations_8.0,sea,simulations,120,150,train
simulations_8.0,sea,simulations,135,165,train
simulations_8.0,sea,simulations,150,180,train
simulations_8.0,sea,simulations,165,195,train
simulations_8.0,sea,simulations,180,210,train
simulations_8.0,sea,simulations,195,225,train
simulations_8.0,sea,simulations,210,240,excluded
simulations_8.0,sea,simulations,225,255,excluded
simulations_8.0,sea,simulations,240,270,excluded
simulations_8.0,sea,simulations,255,285,validation
simulations_8.0,sea,simulations,270,300,validation
simulations_8.0,sea,simulations,285,315,excluded
simulations_8.0,sea,simulations,300,330,excluded
simulations_8.0,sea,simulations,315,345,excluded
simulations_8.0,sea,simulations,330,360,test
simulations_8.0,sea,simulations,345,375,test
simulations_8.0,sea,simulations,360,390,test
simulations_8.0,walk,simulations,0,30,train
simulations_8.0,walk,simulations,15,45,train
simulations_8.0,walk,simulations,30,60,train
simulations_8.0,walk,simulations,45,75,train
simulations_8.0,walk,simulations,60,90,train
simulations_8.0,walk,simulations,75,105,train
simulations_8.0,walk,simulations,90,120,train
simulations_8.0,walk,simulations,105,135,train
simulations_8.0,walk,simulations,120,150,train
simulations_8.0,walk,simulations,135,165,train
simulations_8.0,walk,simulations,150,180,train
simulations_8.0,walk,simulations,165,195,train
simulations_8.0,walk,simulations,180,210,train
simulations_8.0,walk,simulations,195,225,train
simulations_8.0,walk,simulations,210,240,excluded
simulations_8.0,walk,simulations,225,255,excluded
simulations_8.0,walk,simulations,240,270,excluded
simulations_8.0,walk,simulations,255,285,validation
simulations_8.0,walk,simulations,270,300,validation
simulations_8.0,walk,simulations,285,315,excluded
simulations_8.0,walk,simulations,300,330,excluded
simulations_8.0,walk,simulations,315,345,excluded
simulations_8.0,walk,simulations,330,360,test
simulations_8.0,walk,simulations,345,375,test
simulations_8.0,walk,simulations,360,390,test
simulations_9.0,beach,simulations,0,30,train
simulations_9.0,beach,simulations,15,45,train
simulations_9.0,beach,simulations,30,60,train
simulations_9.0,beach,simulations,45,75,train
simulations_9.0,beach,simulations,60,90,train
simulations_9.0,beach,simulations,75,105,train
simulations_9.0,beach,simulations,90,120,train
simulations_9.0,beach,simulations,105,135,train
simulations_9.0,beach,simulations,120,150,train
simulations_9.0,beach,simulations,135,165,train
simulations_9.0,beach,simulations,150,180,train
simulations_9.0,beach,simulations,165,195,train
simulations_9.0,beach,simulations,180,210,train
simulations_9.0,beach,simulations,195,225,train
simulations_9.0,beach,simulations,210,240,train
simulations_9.0,beach,simulations,225,255,excluded
simulations_9.0,beach,simulations,240,270,excluded
simulations_9.0,beach,simulations,255,285,excluded
simulations_9.0,beach,simulations,270,300,validation
simulations_9.0,beach,simulations,285,315,validation
simulations_9.0,beach,simulations,300,330,validation
simulations_9.0,beach,simulations,315,345,excluded
simulations_9.0,beach,simulations,330,360,excluded
simulations_9.0,beach,simulations,345,375,excluded
simulations_9.0,beach,simulations,360,390,test
simulations_9.0,beach,simulations,375,405,test
simulations_9.0,beach,simulations,390,420,test
simulations_9.0,roller,simulations,0,30,train
simulations_9.0,roller,simulations,15,45,train
simulations_9.0,roller,simulations,30,60,train
simulations_9.0,roller,simulations,45,75,train
simulations_9.0,roller,simulations,60,90,train
simulations_9.0,roller,simulations,75,105,train
simulations_9.0,roller,simulations,90,120,train
simulations_9.0,roller,simulations,105,135,train
simulations_9.0,roller,simulations,120,150,train
simulations_9.0,roller,simulations,135,165,train
simulations_9.0,roller,simulations,150,180,train
simulations_9.0,roller,simulations,165,195,train
simulations_9.0,roller,simulations,180,210,train
simulations_9.0,roller,simulations,195,225,train
simulations_9.0,roller,simulations,210,240,train
simulations_9.0,roller,simulations,225,255,excluded
simulations_9.0,roller,simulations,240,270,excluded
simulations_9.0,roller,simulations,255,285,excluded
simulations_9.0,roller,simulations,270,300,validation
simulations_9.0,roller,simulations,285,315,validation
simulations_9.0,roller,simulations,300,330,validation
simulations_9.0,roller,simulations,315,345,excluded
simulations_9.0,roller,simulations,330,360,excluded
simulations_9.0,roller,simulations,345,375,excluded
simulations_9.0,roller,simulations,360,390,test
simulations_9.0,roller,simulations,375,405,test
simulations_9.0,roller,simulations,390,420,test
simulations_9.0,room,simulations,0,30,train
simulations_9.0,room,simulations,15,45,train
simulations_9.0,room,simulations,30,60,train
simulations_9.0,room,simulations,45,75,train
simulations_9.0,room,simulations,60,90,train
simulations_9.0,room,simulations,75,105,train
simulations_9.0,room,simulations,90,120,train
simulations_9.0,room,simulations,105,135,train
simulations_9.0,room,simulations,120,150,train
simulations_9.0,room,simulations,135,165,train
simulations_9.0,room,simulations,150,180,train
simulations_9.0,room,simulations,165,195,train
simulations_9.0,room,simulations,180,210,train
simulations_9.0,room,simulations,195,225,train
simulations_9.0,room,simulations,210,240,train
simulations_9.0,room,simulations,225,255,excluded
simulations_9.0,room,simulations,240,270,excluded
simulations_9.0,room,simulations,255,285,excluded
simulations_9.0,room,simulations,270,300,validation
simulations_9.0,room,simulations,285,315,validation
simulations_9.0,room,simulations,300,330,validation
simulations_9.0,room,simulations,315,345,excluded
simulations_9.0,room,simulations,330,360,excluded
simulations_9.0,room,simulations,345,375,excluded
simulations_9.0,room,simulations,360,390,test
simulations_9.0,room,simulations,375,405,test
simulations_9.0,room,simulations,390,420,test
simulations_9.0,sea,simulations,0,30,train
simulations_9.0,sea,simulations,15,45,train
simulations_9.0,sea,simulations,30,60,train
simulations_9.0,sea,simulations,45,75,train
simulations_9.0,sea,simulations,60,90,train
simulations_9.0,sea,simulations,75,105,train
simulations_9.0,sea,simulations,90,120,train
simulations_9.0,sea,simulations,105,135,train
simulations_9.0,sea,simulations,120,150,train
simulations_9.0,sea,simulations,135,165,train
simulations_9.0,sea,simulations,150,180,train
simulations_9.0,sea,simulations,165,195,train
simulations_9.0,sea,simulations,180,210,train
simulations_9.0,sea,simulations,195,225,train
simulations_9.0,sea,simulations,210,240,train
simulations_9.0,sea,simulations,225,255,train
simulations_9.0,sea,simulations,240,270,train
simulations_9.0,sea,simulations,255,285,excluded
simulations_9.0,sea,simulations,270,300,excluded
simulations_9.0,sea,simulations,285,315,validation
simulations_9.0,sea,simulations,300,330,validation
simulations_9.0,sea,simulations,315,345,validation
simulations_9.0,sea,simulations,330,360,validation
simulations_9.0,sea,simulations,345,375,excluded
simulations_9.0,sea,simulations,360,390,excluded
simulations_9.0,sea,simulations,375,405,test
simulations_9.0,sea,simulations,390,420,test
simulations_9.0,sea,simulations,405,435,test
simulations_9.0,sea,simulations,420,450,test
simulations_9.0,walk,simulations,0,30,train
simulations_9.0,walk,simulations,15,45,train
simulations_9.0,walk,simulations,30,60,train
simulations_9.0,walk,simulations,45,75,train
simulations_9.0,walk,simulations,60,90,train
simulations_9.0,walk,simulations,75,105,train
simulations_9.0,walk,simulations,90,120,train
simulations_9.0,walk,simulations,105,135,train
simulations_9.0,walk,simulations,120,150,train
simulations_9.0,walk,simulations,135,165,train
simulations_9.0,walk,simulations,150,180,train
simulations_9.0,walk,simulations,165,195,train
simulations_9.0,walk,simulations,180,210,train
simulations_9.0,walk,simulations,195,225,train
simulations_9.0,walk,simulations,210,240,train
simulations_9.0,walk,simulations,225,255,excluded
simulations_9.0,walk,simulations,240,270,excluded
simulations_9.0,walk,simulations,255,285,excluded
simulations_9.0,walk,simulations,270,300,validation
simulations_9.0,walk,simulations,285,315,validation
simulations_9.0,walk,simulations,300,330,validation
simulations_9.0,walk,simulations,315,345,excluded
simulations_9.0,walk,simulations,330,360,excluded
simulations_9.0,walk,simulations,345,375,excluded
simulations_9.0,walk,simulations,360,390,test
simulations_9.0,walk,simulations,375,405,test
simulations_9.0,walk,simulations,390,420,test
terrain_101.0,flat,terrain,0,30,train
terrain_101.0,flat,terrain,15,45,train
terrain_101.0,flat,terrain,30,60,train
terrain_101.0,flat,terrain,45,75,train
terrain_101.0,flat,terrain,60,90,train
terrain_101.0,flat,terrain,75,105,train
terrain_101.0,flat,terrain,90,120,train
terrain_101.0,flat,terrain,105,135,train
terrain_101.0,flat,terrain,120,150,train
terrain_101.0,flat,terrain,135,165,train
terrain_101.0,flat,terrain,150,180,train
terrain_101.0,flat,terrain,165,195,excluded
terrain_101.0,flat,terrain,180,210,excluded
terrain_101.0,flat,terrain,195,225,validation
terrain_101.0,flat,terrain,210,240,validation
terrain_101.0,flat,terrain,225,255,excluded
terrain_101.0,flat,terrain,240,270,excluded
terrain_101.0,flat,terrain,255,285,test
terrain_101.0,flat,terrain,270,300,test
terrain_101.0,noise,terrain,0,30,train
terrain_101.0,noise,terrain,15,45,train
terrain_101.0,noise,terrain,30,60,train
terrain_101.0,noise,terrain,45,75,train
terrain_101.0,noise,terrain,60,90,train
terrain_101.0,noise,terrain,75,105,train
terrain_101.0,noise,terrain,90,120,train
terrain_101.0,noise,terrain,105,135,train
terrain_101.0,noise,terrain,120,150,train
terrain_101.0,noise,terrain,135,165,train
terrain_101.0,noise,terrain,150,180,train
terrain_101.0,noise,terrain,165,195,excluded
terrain_101.0,noise,terrain,180,210,excluded
terrain_101.0,noise,terrain,195,225,validation
terrain_101.0,noise,terrain,210,240,validation
terrain_101.0,noise,terrain,225,255,excluded
terrain_101.0,noise,terrain,240,270,excluded
terrain_101.0,noise,terrain,255,285,test
terrain_101.0,noise,terrain,270,300,test
terrain_101.0,speedbumps,terrain,0,30,train
terrain_101.0,speedbumps,terrain,15,45,train
terrain_101.0,speedbumps,terrain,30,60,train
terrain_101.0,speedbumps,terrain,45,75,train
terrain_101.0,speedbumps,terrain,60,90,train
terrain_101.0,speedbumps,terrain,75,105,train
terrain_101.0,speedbumps,terrain,90,120,train
terrain_101.0,speedbumps,terrain,105,135,train
terrain_101.0,speedbumps,terrain,120,150,train
terrain_101.0,speedbumps,terrain,135,165,train
terrain_101.0,speedbumps,terrain,150,180,train
terrain_101.0,speedbumps,terrain,165,195,excluded
terrain_101.0,speedbumps,terrain,180,210,excluded
terrain_101.0,speedbumps,terrain,195,225,validation
terrain_101.0,speedbumps,terrain,210,240,validation
terrain_101.0,speedbumps,terrain,225,255,excluded
terrain_101.0,speedbumps,terrain,240,270,excluded
terrain_101.0,speedbumps,terrain,255,285,test
terrain_101.0,speedbumps,terrain,270,300,test
terrain_102.0,flat,terrain,0,30,train
terrain_102.0,flat,terrain,15,45,train
terrain_102.0,flat,terrain,30,60,train
terrain_102.0,flat,terrain,45,75,train
terrain_102.0,flat,terrain,60,90,train
terrain_102.0,flat,terrain,75,105,train
terrain_102.0,flat,terrain,90,120,train
terrain_102.0,flat,terrain,105,135,train
terrain_102.0,flat,terrain,120,150,train
terrain_102.0,flat,terrain,135,165,train
terrain_102.0,flat,terrain,150,180,train
terrain_102.0,flat,terrain,165,195,excluded
terrain_102.0,flat,terrain,180,210,excluded
terrain_102.0,flat,terrain,195,225,validation
terrain_102.0,flat,terrain,210,240,validation
terrain_102.0,flat,terrain,225,255,excluded
terrain_102.0,flat,terrain,240,270,excluded
terrain_102.0,flat,terrain,255,285,test
terrain_102.0,flat,terrain,270,300,test
terrain_102.0,noise,terrain,0,30,train
terrain_102.0,noise,terrain,15,45,train
terrain_102.0,noise,terrain,30,60,train
terrain_102.0,noise,terrain,45,75,train
terrain_102.0,noise,terrain,60,90,train
terrain_102.0,noise,terrain,75,105,train
terrain_102.0,noise,terrain,90,120,train
terrain_102.0,noise,terrain,105,135,train
terrain_102.0,noise,terrain,120,150,train
terrain_102.0,noise,terrain,135,165,train
terrain_102.0,noise,terrain,150,180,train
terrain_102.0,noise,terrain,165,195,excluded
terrain_102.0,noise,terrain,180,210,excluded
terrain_102.0,noise,terrain,195,225,validation
terrain_102.0,noise,terrain,210,240,validation
terrain_102.0,noise,terrain,225,255,excluded
terrain_102.0,noise,terrain,240,270,excluded
terrain_102.0,noise,terrain,255,285,test
terrain_102.0,noise,terrain,270,300,test
terrain_102.0,speedbumps,terrain,0,30,train
terrain_102.0,speedbumps,terrain,15,45,train
terrain_102.0,speedbumps,terrain,30,60,train
terrain_102.0,speedbumps,terrain,45,75,train
terrain_102.0,speedbumps,terrain,60,90,train
terrain_102.0,speedbumps,terrain,75,105,train
terrain_102.0,speedbumps,terrain,90,120,train
terrain_102.0,speedbumps,terrain,105,135,train
terrain_102.0,speedbumps,terrain,120,150,train
terrain_102.0,speedbumps,terrain,135,165,train
terrain_102.0,speedbumps,terrain,150,180,train
terrain_102.0,speedbumps,terrain,165,195,excluded
terrain_102.0,speedbumps,terrain,180,210,excluded
terrain_102.0,speedbumps,terrain,195,225,validation
terrain_102.0,speedbumps,terrain,210,240,validation
terrain_102.0,speedbumps,terrain,225,255,excluded
terrain_102.0,speedbumps,terrain,240,270,excluded
terrain_102.0,speedbumps,terrain,255,285,test
terrain_102.0,speedbumps,terrain,270,300,test
terrain_103.0,flat,terrain,0,30,train
terrain_103.0,flat,terrain,15,45,train
terrain_103.0,flat,terrain,30,60,train
terrain_103.0,flat,terrain,45,75,train
terrain_103.0,flat,terrain,60,90,train
terrain_103.0,flat,terrain,75,105,train
terrain_103.0,flat,terrain,90,120,train
terrain_103.0,flat,terrain,105,135,train
terrain_103.0,flat,terrain,120,150,train
terrain_103.0,flat,terrain,135,165,train
terrain_103.0,flat,terrain,150,180,train
terrain_103.0,flat,terrain,165,195,excluded
terrain_103.0,flat,terrain,180,210,excluded
terrain_103.0,flat,terrain,195,225,validation
terrain_103.0,flat,terrain,210,240,validation
terrain_103.0,flat,terrain,225,255,excluded
terrain_103.0,flat,terrain,240,270,excluded
terrain_103.0,flat,terrain,255,285,test
terrain_103.0,flat,terrain,270,300,test
terrain_103.0,noise,terrain,0,30,train
terrain_103.0,noise,terrain,15,45,train
terrain_103.0,noise,terrain,30,60,train
terrain_103.0,noise,terrain,45,75,train
terrain_103.0,noise,terrain,60,90,train
terrain_103.0,noise,terrain,75,105,train
terrain_103.0,noise,terrain,90,120,train
terrain_103.0,noise,terrain,105,135,train
terrain_103.0,noise,terrain,120,150,train
terrain_103.0,noise,terrain,135,165,train
terrain_103.0,noise,terrain,150,180,train
terrain_103.0,noise,terrain,165,195,excluded
terrain_103.0,noise,terrain,180,210,excluded
terrain_103.0,noise,terrain,195,225,validation
terrain_103.0,noise,terrain,210,240,validation
terrain_103.0,noise,terrain,225,255,excluded
terrain_103.0,noise,terrain,240,270,excluded
terrain_103.0,noise,terrain,255,285,test
terrain_103.0,noise,terrain,270,300,test
terrain_103.0,speedbumps,terrain,0,30,train
terrain_103.0,speedbumps,terrain,15,45,train
terrain_103.0,speedbumps,terrain,30,60,train
terrain_103.0,speedbumps,terrain,45,75,train
terrain_103.0,speedbumps,terrain,60,90,train
terrain_103.0,speedbumps,terrain,75,105,train
terrain_103.0,speedbumps,terrain,90,120,train
terrain_103.0,speedbumps,terrain,105,135,train
terrain_103.0,speedbumps,terrain,120,150,train
terrain_103.0,speedbumps,terrain,135,165,train
terrain_103.0,speedbumps,terrain,150,180,train
terrain_103.0,speedbumps,terrain,165,195,excluded
terrain_103.0,speedbumps,terrain,180,210,excluded
terrain_103.0,speedbumps,terrain,195,225,validation
terrain_103.0,speedbumps,terrain,210,240,validation
terrain_103.0,speedbumps,terrain,225,255,excluded
terrain_103.0,speedbumps,terrain,240,270,excluded
terrain_103.0,speedbumps,terrain,255,285,test
terrain_103.0,speedbumps,terrain,270,300,test
terrain_104.0,flat,terrain,0,30,train
terrain_104.0,flat,terrain,15,45,train
terrain_104.0,flat,terrain,30,60,train
terrain_104.0,flat,terrain,45,75,train
terrain_104.0,flat,terrain,60,90,train
terrain_104.0,flat,terrain,75,105,train
terrain_104.0,flat,terrain,90,120,train
terrain_104.0,flat,terrain,105,135,train
terrain_104.0,flat,terrain,120,150,train
terrain_104.0,flat,terrain,135,165,train
terrain_104.0,flat,terrain,150,180,train
terrain_104.0,flat,terrain,165,195,excluded
terrain_104.0,flat,terrain,180,210,excluded
terrain_104.0,flat,terrain,195,225,validation
terrain_104.0,flat,terrain,210,240,validation
terrain_104.0,flat,terrain,225,255,excluded
terrain_104.0,flat,terrain,240,270,excluded
terrain_104.0,flat,terrain,255,285,test
terrain_104.0,flat,terrain,270,300,test
terrain_104.0,noise,terrain,0,30,train
terrain_104.0,noise,terrain,15,45,train
terrain_104.0,noise,terrain,30,60,train
terrain_104.0,noise,terrain,45,75,train
terrain_104.0,noise,terrain,60,90,train
terrain_104.0,noise,terrain,75,105,train
terrain_104.0,noise,terrain,90,120,train
terrain_104.0,noise,terrain,105,135,train
terrain_104.0,noise,terrain,120,150,train
terrain_104.0,noise,terrain,135,165,train
terrain_104.0,noise,terrain,150,180,train
terrain_104.0,noise,terrain,165,195,excluded
terrain_104.0,noise,terrain,180,210,excluded
terrain_104.0,noise,terrain,195,225,validation
terrain_104.0,noise,terrain,210,240,validation
terrain_104.0,noise,terrain,225,255,excluded
terrain_104.0,noise,terrain,240,270,excluded
terrain_104.0,noise,terrain,255,285,test
terrain_104.0,noise,terrain,270,300,test
terrain_104.0,speedbumps,terrain,0,30,train
terrain_104.0,speedbumps,terrain,15,45,train
terrain_104.0,speedbumps,terrain,30,60,train
terrain_104.0,speedbumps,terrain,45,75,train
terrain_104.0,speedbumps,terrain,60,90,train
terrain_104.0,speedbumps,terrain,75,105,train
terrain_104.0,speedbumps,terrain,90,120,train
terrain_104.0,speedbumps,terrain,105,135,train
terrain_104.0,speedbumps,terrain,120,150,train
terrain_104.0,speedbumps,terrain,135,165,train
terrain_104.0,speedbumps,terrain,150,180,train
terrain_104.0,speedbumps,terrain,165,195,excluded
terrain_104.0,speedbumps,terrain,180,210,excluded
terrain_104.0,speedbumps,terrain,195,225,validation
terrain_104.0,speedbumps,terrain,210,240,validation
terrain_104.0,speedbumps,terrain,225,255,excluded
terrain_104.0,speedbumps,terrain,240,270,excluded
terrain_104.0,speedbumps,terrain,255,285,test
terrain_104.0,speedbumps,terrain,270,300,test
terrain_105.0,flat,terrain,0,30,train
terrain_105.0,flat,terrain,15,45,train
terrain_105.0,flat,terrain,30,60,train
terrain_105.0,flat,terrain,45,75,train
terrain_105.0,flat,terrain,60,90,train
terrain_105.0,flat,terrain,75,105,train
terrain_105.0,flat,terrain,90,120,train
terrain_105.0,flat,terrain,105,135,train
terrain_105.0,flat,terrain,120,150,train
terrain_105.0,flat,terrain,135,165,train
terrain_105.0,flat,terrain,150,180,train
terrain_105.0,flat,terrain,165,195,excluded
terrain_105.0,flat,terrain,180,210,excluded
terrain_105.0,flat,terrain,195,225,validation
terrain_105.0,flat,terrain,210,240,validation
terrain_105.0,flat,terrain,225,255,excluded
terrain_105.0,flat,terrain,240,270,excluded
terrain_105.0,flat,terrain,255,285,test
terrain_105.0,flat,terrain,270,300,test
terrain_105.0,noise,terrain,0,30,train
terrain_105.0,noise,terrain,15,45,train
terrain_105.0,noise,terrain,30,60,train
terrain_105.0,noise,terrain,45,75,train
terrain_105.0,noise,terrain,60,90,train
terrain_105.0,noise,terrain,75,105,train
terrain_105.0,noise,terrain,90,120,train
terrain_105.0,noise,terrain,105,135,train
terrain_105.0,noise,terrain,120,150,train
terrain_105.0,noise,terrain,135,165,train
terrain_105.0,noise,terrain,150,180,train
terrain_105.0,noise,terrain,165,195,excluded
terrain_105.0,noise,terrain,180,210,excluded
terrain_105.0,noise,terrain,195,225,validation
terrain_105.0,noise,terrain,210,240,validation
terrain_105.0,noise,terrain,225,255,excluded
terrain_105.0,noise,terrain,240,270,excluded
terrain_105.0,noise,terrain,255,285,test
terrain_105.0,noise,terrain,270,300,test
terrain_105.0,speedbumps,terrain,0,30,train
terrain_105.0,speedbumps,terrain,15,45,train
terrain_105.0,speedbumps,terrain,30,60,train
terrain_105.0,speedbumps,terrain,45,75,train
terrain_105.0,speedbumps,terrain,60,90,train
terrain_105.0,speedbumps,terrain,75,105,train
terrain_105.0,speedbumps,terrain,90,120,train
terrain_105.0,speedbumps,terrain,105,135,train
terrain_105.0,speedbumps,terrain,120,150,train
terrain_105.0,speedbumps,terrain,135,165,train
terrain_105.0,speedbumps,terrain,150,180,train
terrain_105.0,speedbumps,terrain,165,195,excluded
terrain_105.0,speedbumps,terrain,180,210,excluded
terrain_105.0,speedbumps,terrain,195,225,validation
terrain_105.0,speedbumps,terrain,210,240,validation
terrain_105.0,speedbumps,terrain,225,255,excluded
terrain_105.0,speedbumps,terrain,240,270,excluded
terrain_105.0,speedbumps,terrain,255,285,test
terrain_105.0,speedbumps,terrain,270,300,test
terrain_106.0,flat,terrain,0,30,train
terrain_106.0,flat,terrain,15,45,train
terrain_106.0,flat,terrain,30,60,train
terrain_106.0,flat,terrain,45,75,train
terrain_106.0,flat,terrain,60,90,train
terrain_106.0,flat,terrain,75,105,train
terrain_106.0,flat,terrain,90,120,train
terrain_106.0,flat,terrain,105,135,train
terrain_106.0,flat,terrain,120,150,train
terrain_106.0,flat,terrain,135,165,train
terrain_106.0,flat,terrain,150,180,train
terrain_106.0,flat,terrain,165,195,excluded
terrain_106.0,flat,terrain,180,210,excluded
terrain_106.0,flat,terrain,195,225,validation
terrain_106.0,flat,terrain,210,240,validation
terrain_106.0,flat,terrain,225,255,excluded
terrain_106.0,flat,terrain,240,270,excluded
terrain_106.0,flat,terrain,255,285,test
terrain_106.0,flat,terrain,270,300,test
terrain_106.0,noise,terrain,0,30,train
terrain_106.0,noise,terrain,15,45,train
terrain_106.0,noise,terrain,30,60,train
terrain_106.0,noise,terrain,45,75,train
terrain_106.0,noise,terrain,60,90,train
terrain_106.0,noise,terrain,75,105,train
terrain_106.0,noise,terrain,90,120,train
terrain_106.0,noise,terrain,105,135,train
terrain_106.0,noise,terrain,120,150,train
terrain_106.0,noise,terrain,135,165,train
terrain_106.0,noise,terrain,150,180,train
terrain_106.0,noise,terrain,165,195,excluded
terrain_106.0,noise,terrain,180,210,excluded
terrain_106.0,noise,terrain,195,225,validation
terrain_106.0,noise,terrain,210,240,validation
terrain_106.0,noise,terrain,225,255,excluded
terrain_106.0,noise,terrain,240,270,excluded
terrain_106.0,noise,terrain,255,285,test
terrain_106.0,noise,terrain,270,300,test
terrain_106.0,speedbumps,terrain,0,30,train
terrain_106.0,speedbumps,terrain,15,45,train
terrain_106.0,speedbumps,terrain,30,60,train
terrain_106.0,speedbumps,terrain,45,75,train
terrain_106.0,speedbumps,terrain,60,90,train
terrain_106.0,speedbumps,terrain,75,105,train
terrain_106.0,speedbumps,terrain,90,120,train
terrain_106.0,speedbumps,terrain,105,135,train
terrain_106.0,speedbumps,terrain,120,150,train
terrain_106.0,speedbumps,terrain,135,165,train
terrain_106.0,speedbumps,terrain,150,180,train
terrain_106.0,speedbumps,terrain,165,195,excluded
terrain_106.0,speedbumps,terrain,180,210,excluded
terrain_106.0,speedbumps,terrain,195,225,validation
terrain_106.0,speedbumps,terrain,210,240,validation
terrain_106.0,speedbumps,terrain,225,255,excluded
terrain_106.0,speedbumps,terrain,240,270,excluded
terrain_106.0,speedbumps,terrain,255,285,test
terrain_106.0,speedbumps,terrain,270,300,test
terrain_107.0,flat,terrain,0,30,train
terrain_107.0,flat,terrain,15,45,train
terrain_107.0,flat,terrain,30,60,train
terrain_107.0,flat,terrain,45,75,train
terrain_107.0,flat,terrain,60,90,train
terrain_107.0,flat,terrain,75,105,train
terrain_107.0,flat,terrain,90,120,train
terrain_107.0,flat,terrain,105,135,train
terrain_107.0,flat,terrain,120,150,train
terrain_107.0,flat,terrain,135,165,train
terrain_107.0,flat,terrain,150,180,train
terrain_107.0,flat,terrain,165,195,excluded
terrain_107.0,flat,terrain,180,210,excluded
terrain_107.0,flat,terrain,195,225,validation
terrain_107.0,flat,terrain,210,240,validation
terrain_107.0,flat,terrain,225,255,excluded
terrain_107.0,flat,terrain,240,270,excluded
terrain_107.0,flat,terrain,255,285,test
terrain_107.0,flat,terrain,270,300,test
terrain_107.0,noise,terrain,0,30,train
terrain_107.0,noise,terrain,15,45,train
terrain_107.0,noise,terrain,30,60,train
terrain_107.0,noise,terrain,45,75,train
terrain_107.0,noise,terrain,60,90,train
terrain_107.0,noise,terrain,75,105,train
terrain_107.0,noise,terrain,90,120,train
terrain_107.0,noise,terrain,105,135,train
terrain_107.0,noise,terrain,120,150,train
terrain_107.0,noise,terrain,135,165,train
terrain_107.0,noise,terrain,150,180,train
terrain_107.0,noise,terrain,165,195,excluded
terrain_107.0,noise,terrain,180,210,excluded
terrain_107.0,noise,terrain,195,225,validation
terrain_107.0,noise,terrain,210,240,validation
terrain_107.0,noise,terrain,225,255,excluded
terrain_107.0,noise,terrain,240,270,excluded
terrain_107.0,noise,terrain,255,285,test
terrain_107.0,noise,terrain,270,300,test
terrain_107.0,speedbumps,terrain,0,30,train
terrain_107.0,speedbumps,terrain,15,45,train
terrain_107.0,speedbumps,terrain,30,60,train
terrain_107.0,speedbumps,terrain,45,75,train
terrain_107.0,speedbumps,terrain,60,90,train
terrain_107.0,speedbumps,terrain,75,105,train
terrain_107.0,speedbumps,terrain,90,120,train
terrain_107.0,speedbumps,terrain,105,135,train
terrain_107.0,speedbumps,terrain,120,150,train
terrain_107.0,speedbumps,terrain,135,165,train
terrain_107.0,speedbumps,terrain,150,180,train
terrain_107.0,speedbumps,terrain,165,195,excluded
terrain_107.0,speedbumps,terrain,180,210,excluded
terrain_107.0,speedbumps,terrain,195,225,validation
terrain_107.0,speedbumps,terrain,210,240,validation
terrain_107.0,speedbumps,terrain,225,255,excluded
terrain_107.0,speedbumps,terrain,240,270,excluded
terrain_107.0,speedbumps,terrain,255,285,test
terrain_107.0,speedbumps,terrain,270,300,test
terrain_108.0,noise,terrain,0,30,train
terrain_108.0,noise,terrain,15,45,train
terrain_108.0,noise,terrain,30,60,train
terrain_108.0,noise,terrain,45,75,train
terrain_108.0,noise,terrain,60,90,train
terrain_108.0,noise,terrain,75,105,train
terrain_108.0,noise,terrain,90,120,train
terrain_108.0,noise,terrain,105,135,train
terrain_108.0,noise,terrain,120,150,train
terrain_108.0,noise,terrain,135,165,train
terrain_108.0,noise,terrain,150,180,train
terrain_108.0,noise,terrain,165,195,excluded
terrain_108.0,noise,terrain,180,210,excluded
terrain_108.0,noise,terrain,195,225,validation
terrain_108.0,noise,terrain,210,240,validation
terrain_108.0,noise,terrain,225,255,excluded
terrain_108.0,noise,terrain,240,270,excluded
terrain_108.0,noise,terrain,255,285,test
terrain_108.0,noise,terrain,270,300,test
terrain_108.0,speedbumps,terrain,0,30,train
terrain_108.0,speedbumps,terrain,15,45,train
terrain_108.0,speedbumps,terrain,30,60,train
terrain_108.0,speedbumps,terrain,45,75,train
terrain_108.0,speedbumps,terrain,60,90,train
terrain_108.0,speedbumps,terrain,75,105,train
terrain_108.0,speedbumps,terrain,90,120,train
terrain_108.0,speedbumps,terrain,105,135,train
terrain_108.0,speedbumps,terrain,120,150,train
terrain_108.0,speedbumps,terrain,135,165,train
terrain_108.0,speedbumps,terrain,150,180,train
terrain_108.0,speedbumps,terrain,165,195,excluded
terrain_108.0,speedbumps,terrain,180,210,excluded
terrain_108.0,speedbumps,terrain,195,225,validation
terrain_108.0,speedbumps,terrain,210,240,validation
terrain_108.0,speedbumps,terrain,225,255,excluded
terrain_108.0,speedbumps,terrain,240,270,excluded
terrain_108.0,speedbumps,terrain,255,285,test
terrain_108.0,speedbumps,terrain,270,300,test
terrain_109.0,flat,terrain,0,30,train
terrain_109.0,flat,terrain,15,45,train
terrain_109.0,flat,terrain,30,60,train
terrain_109.0,flat,terrain,45,75,train
terrain_109.0,flat,terrain,60,90,train
terrain_109.0,flat,terrain,75,105,train
terrain_109.0,flat,terrain,90,120,train
terrain_109.0,flat,terrain,105,135,train
terrain_109.0,flat,terrain,120,150,train
terrain_109.0,flat,terrain,135,165,train
terrain_109.0,flat,terrain,150,180,train
terrain_109.0,flat,terrain,165,195,excluded
terrain_109.0,flat,terrain,180,210,excluded
terrain_109.0,flat,terrain,195,225,validation
terrain_109.0,flat,terrain,210,240,validation
terrain_109.0,flat,terrain,225,255,excluded
terrain_109.0,flat,terrain,240,270,excluded
terrain_109.0,flat,terrain,255,285,test
terrain_109.0,flat,terrain,270,300,test
terrain_109.0,noise,terrain,0,30,train
terrain_109.0,noise,terrain,15,45,train
terrain_109.0,noise,terrain,30,60,train
terrain_109.0,noise,terrain,45,75,train
terrain_109.0,noise,terrain,60,90,train
terrain_109.0,noise,terrain,75,105,train
terrain_109.0,noise,terrain,90,120,train
terrain_109.0,noise,terrain,105,135,train
terrain_109.0,noise,terrain,120,150,train
terrain_109.0,noise,terrain,135,165,train
terrain_109.0,noise,terrain,150,180,train
terrain_109.0,noise,terrain,165,195,excluded
terrain_109.0,noise,terrain,180,210,excluded
terrain_109.0,noise,terrain,195,225,validation
terrain_109.0,noise,terrain,210,240,validation
terrain_109.0,noise,terrain,225,255,excluded
terrain_109.0,noise,terrain,240,270,excluded
terrain_109.0,noise,terrain,255,285,test
terrain_109.0,noise,terrain,270,300,test
terrain_109.0,speedbumps,terrain,0,30,train
terrain_109.0,speedbumps,terrain,15,45,train
terrain_109.0,speedbumps,terrain,30,60,train
terrain_109.0,speedbumps,terrain,45,75,train
terrain_109.0,speedbumps,terrain,60,90,train
terrain_109.0,speedbumps,terrain,75,105,train
terrain_109.0,speedbumps,terrain,90,120,train
terrain_109.0,speedbumps,terrain,105,135,train
terrain_109.0,speedbumps,terrain,120,150,train
terrain_109.0,speedbumps,terrain,135,165,train
terrain_109.0,speedbumps,terrain,150,180,train
terrain_109.0,speedbumps,terrain,165,195,excluded
terrain_109.0,speedbumps,terrain,180,210,excluded
terrain_109.0,speedbumps,terrain,195,225,validation
terrain_109.0,speedbumps,terrain,210,240,validation
terrain_109.0,speedbumps,terrain,225,255,excluded
terrain_109.0,speedbumps,terrain,240,270,excluded
terrain_109.0,speedbumps,terrain,255,285,test
terrain_109.0,speedbumps,terrain,270,300,test
terrain_110.0,flat,terrain,0,30,train
terrain_110.0,flat,terrain,15,45,train
terrain_110.0,flat,terrain,30,60,train
terrain_110.0,flat,terrain,45,75,train
terrain_110.0,flat,terrain,60,90,train
terrain_110.0,flat,terrain,75,105,train
terrain_110.0,flat,terrain,90,120,train
terrain_110.0,flat,terrain,105,135,train
terrain_110.0,flat,terrain,120,150,train
terrain_110.0,flat,terrain,135,165,train
terrain_110.0,flat,terrain,150,180,train
terrain_110.0,flat,terrain,165,195,excluded
terrain_110.0,flat,terrain,180,210,excluded
terrain_110.0,flat,terrain,195,225,validation
terrain_110.0,flat,terrain,210,240,validation
terrain_110.0,flat,terrain,225,255,excluded
terrain_110.0,flat,terrain,240,270,excluded
terrain_110.0,flat,terrain,255,285,test
terrain_110.0,flat,terrain,270,300,test
terrain_110.0,noise,terrain,0,30,train
terrain_110.0,noise,terrain,15,45,train
terrain_110.0,noise,terrain,30,60,train
terrain_110.0,noise,terrain,45,75,train
terrain_110.0,noise,terrain,60,90,train
terrain_110.0,noise,terrain,75,105,train
terrain_110.0,noise,terrain,90,120,train
terrain_110.0,noise,terrain,105,135,train
terrain_110.0,noise,terrain,120,150,train
terrain_110.0,noise,terrain,135,165,train
terrain_110.0,noise,terrain,150,180,train
terrain_110.0,noise,terrain,165,195,excluded
terrain_110.0,noise,terrain,180,210,excluded
terrain_110.0,noise,terrain,195,225,validation
terrain_110.0,noise,terrain,210,240,validation
terrain_110.0,noise,terrain,225,255,excluded
terrain_110.0,noise,terrain,240,270,excluded
terrain_110.0,noise,terrain,255,285,test
terrain_110.0,noise,terrain,270,300,test
terrain_110.0,speedbumps,terrain,0,30,train
terrain_110.0,speedbumps,terrain,15,45,train
terrain_110.0,speedbumps,terrain,30,60,train
terrain_110.0,speedbumps,terrain,45,75,train
terrain_110.0,speedbumps,terrain,60,90,train
terrain_110.0,speedbumps,terrain,75,105,train
terrain_110.0,speedbumps,terrain,90,120,train
terrain_110.0,speedbumps,terrain,105,135,train
terrain_110.0,speedbumps,terrain,120,150,train
terrain_110.0,speedbumps,terrain,135,165,train
terrain_110.0,speedbumps,terrain,150,180,train
terrain_110.0,speedbumps,terrain,165,195,excluded
terrain_110.0,speedbumps,terrain,180,210,excluded
terrain_110.0,speedbumps,terrain,195,225,validation
terrain_110.0,speedbumps,terrain,210,240,validation
terrain_110.0,speedbumps,terrain,225,255,excluded
terrain_110.0,speedbumps,terrain,240,270,excluded
terrain_110.0,speedbumps,terrain,255,285,test
terrain_110.0,speedbumps,terrain,270,300,test
terrain_111.0,flat,terrain,0,30,train
terrain_111.0,flat,terrain,15,45,train
terrain_111.0,flat,terrain,30,60,train
terrain_111.0,flat,terrain,45,75,train
terrain_111.0,flat,terrain,60,90,train
terrain_111.0,flat,terrain,75,105,train
terrain_111.0,flat,terrain,90,120,train
terrain_111.0,flat,terrain,105,135,train
terrain_111.0,flat,terrain,120,150,train
terrain_111.0,flat,terrain,135,165,train
terrain_111.0,flat,terrain,150,180,train
terrain_111.0,flat,terrain,165,195,excluded
terrain_111.0,flat,terrain,180,210,excluded
terrain_111.0,flat,terrain,195,225,validation
terrain_111.0,flat,terrain,210,240,validation
terrain_111.0,flat,terrain,225,255,excluded
terrain_111.0,flat,terrain,240,270,excluded
terrain_111.0,flat,terrain,255,285,test
terrain_111.0,flat,terrain,270,300,test
terrain_111.0,speedbumps,terrain,0,30,train
terrain_111.0,speedbumps,terrain,15,45,train
terrain_111.0,speedbumps,terrain,30,60,train
terrain_111.0,speedbumps,terrain,45,75,train
terrain_111.0,speedbumps,terrain,60,90,train
terrain_111.0,speedbumps,terrain,75,105,train
terrain_111.0,speedbumps,terrain,90,120,train
terrain_111.0,speedbumps,terrain,105,135,train
terrain_111.0,speedbumps,terrain,120,150,train
terrain_111.0,speedbumps,terrain,135,165,train
terrain_111.0,speedbumps,terrain,150,180,train
terrain_111.0,speedbumps,terrain,165,195,excluded
terrain_111.0,speedbumps,terrain,180,210,excluded
terrain_111.0,speedbumps,terrain,195,225,validation
terrain_111.0,speedbumps,terrain,210,240,validation
terrain_111.0,speedbumps,terrain,225,255,excluded
terrain_111.0,speedbumps,terrain,240,270,excluded
terrain_111.0,speedbumps,terrain,255,285,test
terrain_111.0,speedbumps,terrain,270,300,test
terrain_112.0,flat,terrain,0,30,train
terrain_112.0,flat,terrain,15,45,train
terrain_112.0,flat,terrain,30,60,train
terrain_112.0,flat,terrain,45,75,train
terrain_112.0,flat,terrain,60,90,train
terrain_112.0,flat,terrain,75,105,train
terrain_112.0,flat,terrain,90,120,train
terrain_112.0,flat,terrain,105,135,train
terrain_112.0,flat,terrain,120,150,train
terrain_112.0,flat,terrain,135,165,train
terrain_112.0,flat,terrain,150,180,train
terrain_112.0,flat,terrain,165,195,excluded
terrain_112.0,flat,terrain,180,210,excluded
terrain_112.0,flat,terrain,195,225,validation
terrain_112.0,flat,terrain,210,240,validation
terrain_112.0,flat,terrain,225,255,excluded
terrain_112.0,flat,terrain,240,270,excluded
terrain_112.0,flat,terrain,255,285,test
terrain_112.0,flat,terrain,270,300,test
terrain_112.0,noise,terrain,0,30,train
terrain_112.0,noise,terrain,15,45,train
terrain_112.0,noise,terrain,30,60,train
terrain_112.0,noise,terrain,45,75,train
terrain_112.0,noise,terrain,60,90,train
terrain_112.0,noise,terrain,75,105,train
terrain_112.0,noise,terrain,90,120,train
terrain_112.0,noise,terrain,105,135,train
terrain_112.0,noise,terrain,120,150,train
terrain_112.0,noise,terrain,135,165,train
terrain_112.0,noise,terrain,150,180,train
terrain_112.0,noise,terrain,165,195,excluded
terrain_112.0,noise,terrain,180,210,excluded
terrain_112.0,noise,terrain,195,225,validation
terrain_112.0,noise,terrain,210,240,validation
terrain_112.0,noise,terrain,225,255,excluded
terrain_112.0,noise,terrain,240,270,excluded
terrain_112.0,noise,terrain,255,285,test
terrain_112.0,noise,terrain,270,300,test
terrain_112.0,speedbumps,terrain,0,30,train
terrain_112.0,speedbumps,terrain,15,45,train
terrain_112.0,speedbumps,terrain,30,60,train
terrain_112.0,speedbumps,terrain,45,75,train
terrain_112.0,speedbumps,terrain,60,90,train
terrain_112.0,speedbumps,terrain,75,105,train
terrain_112.0,speedbumps,terrain,90,120,train
terrain_112.0,speedbumps,terrain,105,135,train
terrain_112.0,speedbumps,terrain,120,150,train
terrain_112.0,speedbumps,terrain,135,165,train
terrain_112.0,speedbumps,terrain,150,180,train
terrain_112.0,speedbumps,terrain,165,195,excluded
terrain_112.0,speedbumps,terrain,180,210,excluded
terrain_112.0,speedbumps,terrain,195,225,validation
terrain_112.0,speedbumps,terrain,210,240,validation
terrain_112.0,speedbumps,terrain,225,255,excluded
terrain_112.0,speedbumps,terrain,240,270,excluded
terrain_112.0,speedbumps,terrain,255,285,test
terrain_112.0,speedbumps,terrain,270,300,test
terrain_113.0,flat,terrain,0,30,train
terrain_113.0,flat,terrain,15,45,train
terrain_113.0,flat,terrain,30,60,train
terrain_113.0,flat,terrain,45,75,train
terrain_113.0,flat,terrain,60,90,train
terrain_113.0,flat,terrain,75,105,train
terrain_113.0,flat,terrain,90,120,train
terrain_113.0,flat,terrain,105,135,train
terrain_113.0,flat,terrain,120,150,train
terrain_113.0,flat,terrain,135,165,train
terrain_113.0,flat,terrain,150,180,train
terrain_113.0,flat,terrain,165,195,excluded
terrain_113.0,flat,terrain,180,210,excluded
terrain_113.0,flat,terrain,195,225,validation
terrain_113.0,flat,terrain,210,240,validation
terrain_113.0,flat,terrain,225,255,excluded
terrain_113.0,flat,terrain,240,270,excluded
terrain_113.0,flat,terrain,255,285,test
terrain_113.0,flat,terrain,270,300,test
terrain_113.0,noise,terrain,0,30,train
terrain_113.0,noise,terrain,15,45,train
terrain_113.0,noise,terrain,30,60,train
terrain_113.0,noise,terrain,45,75,train
terrain_113.0,noise,terrain,60,90,train
terrain_113.0,noise,terrain,75,105,train
terrain_113.0,noise,terrain,90,120,train
terrain_113.0,noise,terrain,105,135,train
terrain_113.0,noise,terrain,120,150,train
terrain_113.0,noise,terrain,135,165,train
terrain_113.0,noise,terrain,150,180,train
terrain_113.0,noise,terrain,165,195,excluded
terrain_113.0,noise,terrain,180,210,excluded
terrain_113.0,noise,terrain,195,225,validation
terrain_113.0,noise,terrain,210,240,validation
terrain_113.0,noise,terrain,225,255,excluded
terrain_113.0,noise,terrain,240,270,excluded
terrain_113.0,noise,terrain,255,285,test
terrain_113.0,noise,terrain,270,300,test
terrain_113.0,speedbumps,terrain,0,30,train
terrain_113.0,speedbumps,terrain,15,45,train
terrain_113.0,speedbumps,terrain,30,60,train
terrain_113.0,speedbumps,terrain,45,75,train
terrain_113.0,speedbumps,terrain,60,90,train
terrain_113.0,speedbumps,terrain,75,105,train
terrain_113.0,speedbumps,terrain,90,120,train
terrain_113.0,speedbumps,terrain,105,135,train
terrain_113.0,speedbumps,terrain,120,150,train
terrain_113.0,speedbumps,terrain,135,165,train
terrain_113.0,speedbumps,terrain,150,180,train
terrain_113.0,speedbumps,terrain,165,195,excluded
terrain_113.0,speedbumps,terrain,180,210,excluded
terrain_113.0,speedbumps,terrain,195,225,validation
terrain_113.0,speedbumps,terrain,210,240,validation
terrain_113.0,speedbumps,terrain,225,255,excluded
terrain_113.0,speedbumps,terrain,240,270,excluded
terrain_113.0,speedbumps,terrain,255,285,test
terrain_113.0,speedbumps,terrain,270,300,test
terrain_114.0,flat,terrain,0,30,train
terrain_114.0,flat,terrain,15,45,train
terrain_114.0,flat,terrain,30,60,train
terrain_114.0,flat,terrain,45,75,train
terrain_114.0,flat,terrain,60,90,train
terrain_114.0,flat,terrain,75,105,train
terrain_114.0,flat,terrain,90,120,train
terrain_114.0,flat,terrain,105,135,train
terrain_114.0,flat,terrain,120,150,train
terrain_114.0,flat,terrain,135,165,train
terrain_114.0,flat,terrain,150,180,train
terrain_114.0,flat,terrain,165,195,excluded
terrain_114.0,flat,terrain,180,210,excluded
terrain_114.0,flat,terrain,195,225,validation
terrain_114.0,flat,terrain,210,240,validation
terrain_114.0,flat,terrain,225,255,excluded
terrain_114.0,flat,terrain,240,270,excluded
terrain_114.0,flat,terrain,255,285,test
terrain_114.0,flat,terrain,270,300,test
terrain_114.0,noise,terrain,0,30,train
terrain_114.0,noise,terrain,15,45,train
terrain_114.0,noise,terrain,30,60,train
terrain_114.0,noise,terrain,45,75,train
terrain_114.0,noise,terrain,60,90,train
terrain_114.0,noise,terrain,75,105,train
terrain_114.0,noise,terrain,90,120,train
terrain_114.0,noise,terrain,105,135,train
terrain_114.0,noise,terrain,120,150,train
terrain_114.0,noise,terrain,135,165,train
terrain_114.0,noise,terrain,150,180,train
terrain_114.0,noise,terrain,165,195,excluded
terrain_114.0,noise,terrain,180,210,excluded
terrain_114.0,noise,terrain,195,225,validation
terrain_114.0,noise,terrain,210,240,validation
terrain_114.0,noise,terrain,225,255,excluded
terrain_114.0,noise,terrain,240,270,excluded
terrain_114.0,noise,terrain,255,285,test
terrain_114.0,noise,terrain,270,300,test
terrain_114.0,speedbumps,terrain,0,30,train
terrain_114.0,speedbumps,terrain,15,45,train
terrain_114.0,speedbumps,terrain,30,60,train
terrain_114.0,speedbumps,terrain,45,75,train
terrain_114.0,speedbumps,terrain,60,90,train
terrain_114.0,speedbumps,terrain,75,105,train
terrain_114.0,speedbumps,terrain,90,120,train
terrain_114.0,speedbumps,terrain,105,135,train
terrain_114.0,speedbumps,terrain,120,150,train
terrain_114.0,speedbumps,terrain,135,165,train
terrain_114.0,speedbumps,terrain,150,180,train
terrain_114.0,speedbumps,terrain,165,195,excluded
terrain_114.0,speedbumps,terrain,180,210,excluded
terrain_114.0,speedbumps,terrain,195,225,validation
terrain_114.0,speedbumps,terrain,210,240,validation
terrain_114.0,speedbumps,terrain,225,255,excluded
terrain_114.0,speedbumps,terrain,240,270,excluded
terrain_114.0,speedbumps,terrain,255,285,test
terrain_114.0,speedbumps,terrain,270,300,test
terrain_115.0,noise,terrain,0,30,train
terrain_115.0,noise,terrain,15,45,train
terrain_115.0,noise,terrain,30,60,train
terrain_115.0,noise,terrain,45,75,train
terrain_115.0,noise,terrain,60,90,train
terrain_115.0,noise,terrain,75,105,train
terrain_115.0,noise,terrain,90,120,train
terrain_115.0,noise,terrain,105,135,train
terrain_115.0,noise,terrain,120,150,train
terrain_115.0,noise,terrain,135,165,train
terrain_115.0,noise,terrain,150,180,train
terrain_115.0,noise,terrain,165,195,excluded
terrain_115.0,noise,terrain,180,210,excluded
terrain_115.0,noise,terrain,195,225,validation
terrain_115.0,noise,terrain,210,240,validation
terrain_115.0,noise,terrain,225,255,excluded
terrain_115.0,noise,terrain,240,270,excluded
terrain_115.0,noise,terrain,255,285,test
terrain_115.0,noise,terrain,270,300,test
terrain_115.0,speedbumps,terrain,0,30,train
terrain_115.0,speedbumps,terrain,15,45,train
terrain_115.0,speedbumps,terrain,30,60,train
terrain_115.0,speedbumps,terrain,45,75,train
terrain_115.0,speedbumps,terrain,60,90,train
terrain_115.0,speedbumps,terrain,75,105,train
terrain_115.0,speedbumps,terrain,90,120,train
terrain_115.0,speedbumps,terrain,105,135,train
terrain_115.0,speedbumps,terrain,120,150,train
terrain_115.0,speedbumps,terrain,135,165,train
terrain_115.0,speedbumps,terrain,150,180,train
terrain_115.0,speedbumps,terrain,165,195,excluded
terrain_115.0,speedbumps,terrain,180,210,excluded
terrain_115.0,speedbumps,terrain,195,225,validation
terrain_115.0,speedbumps,terrain,210,240,validation
terrain_115.0,speedbumps,terrain,225,255,excluded
terrain_115.0,speedbumps,terrain,240,270,excluded
terrain_115.0,speedbumps,terrain,255,285,test
terrain_115.0,speedbumps,terrain,270,300,test
terrain_116.0,flat,terrain,0,30,train
terrain_116.0,flat,terrain,15,45,train
terrain_116.0,flat,terrain,30,60,train
terrain_116.0,flat,terrain,45,75,train
terrain_116.0,flat,terrain,60,90,train
terrain_116.0,flat,terrain,75,105,train
terrain_116.0,flat,terrain,90,120,train
terrain_116.0,flat,terrain,105,135,train
terrain_116.0,flat,terrain,120,150,train
terrain_116.0,flat,terrain,135,165,train
terrain_116.0,flat,terrain,150,180,train
terrain_116.0,flat,terrain,165,195,excluded
terrain_116.0,flat,terrain,180,210,excluded
terrain_116.0,flat,terrain,195,225,validation
terrain_116.0,flat,terrain,210,240,validation
terrain_116.0,flat,terrain,225,255,excluded
terrain_116.0,flat,terrain,240,270,excluded
terrain_116.0,flat,terrain,255,285,test
terrain_116.0,flat,terrain,270,300,test
terrain_116.0,noise,terrain,0,30,train
terrain_116.0,noise,terrain,15,45,train
terrain_116.0,noise,terrain,30,60,train
terrain_116.0,noise,terrain,45,75,train
terrain_116.0,noise,terrain,60,90,train
terrain_116.0,noise,terrain,75,105,train
terrain_116.0,noise,terrain,90,120,train
terrain_116.0,noise,terrain,105,135,train
terrain_116.0,noise,terrain,120,150,train
terrain_116.0,noise,terrain,135,165,train
terrain_116.0,noise,terrain,150,180,train
terrain_116.0,noise,terrain,165,195,excluded
terrain_116.0,noise,terrain,180,210,excluded
terrain_116.0,noise,terrain,195,225,validation
terrain_116.0,noise,terrain,210,240,validation
terrain_116.0,noise,terrain,225,255,excluded
terrain_116.0,noise,terrain,240,270,excluded
terrain_116.0,noise,terrain,255,285,test
terrain_116.0,noise,terrain,270,300,test
terrain_116.0,speedbumps,terrain,0,30,train
terrain_116.0,speedbumps,terrain,15,45,train
terrain_116.0,speedbumps,terrain,30,60,train
terrain_116.0,speedbumps,terrain,45,75,train
terrain_116.0,speedbumps,terrain,60,90,train
terrain_116.0,speedbumps,terrain,75,105,train
terrain_116.0,speedbumps,terrain,90,120,train
terrain_116.0,speedbumps,terrain,105,135,train
terrain_116.0,speedbumps,terrain,120,150,train
terrain_116.0,speedbumps,terrain,135,165,train
terrain_116.0,speedbumps,terrain,150,180,train
terrain_116.0,speedbumps,terrain,165,195,excluded
terrain_116.0,speedbumps,terrain,180,210,excluded
terrain_116.0,speedbumps,terrain,195,225,validation
terrain_116.0,speedbumps,terrain,210,240,validation
terrain_116.0,speedbumps,terrain,225,255,excluded
terrain_116.0,speedbumps,terrain,240,270,excluded
terrain_116.0,speedbumps,terrain,255,285,test
terrain_116.0,speedbumps,terrain,270,300,test
terrain_117.0,flat,terrain,0,30,train
terrain_117.0,flat,terrain,15,45,train
terrain_117.0,flat,terrain,30,60,train
terrain_117.0,flat,terrain,45,75,train
terrain_117.0,flat,terrain,60,90,train
terrain_117.0,flat,terrain,75,105,train
terrain_117.0,flat,terrain,90,120,train
terrain_117.0,flat,terrain,105,135,train
terrain_117.0,flat,terrain,120,150,train
terrain_117.0,flat,terrain,135,165,train
terrain_117.0,flat,terrain,150,180,train
terrain_117.0,flat,terrain,165,195,excluded
terrain_117.0,flat,terrain,180,210,excluded
terrain_117.0,flat,terrain,195,225,validation
terrain_117.0,flat,terrain,210,240,validation
terrain_117.0,flat,terrain,225,255,excluded
terrain_117.0,flat,terrain,240,270,excluded
terrain_117.0,flat,terrain,255,285,test
terrain_117.0,flat,terrain,270,300,test
terrain_117.0,noise,terrain,0,30,train
terrain_117.0,noise,terrain,15,45,train
terrain_117.0,noise,terrain,30,60,train
terrain_117.0,noise,terrain,45,75,train
terrain_117.0,noise,terrain,60,90,train
terrain_117.0,noise,terrain,75,105,train
terrain_117.0,noise,terrain,90,120,train
terrain_117.0,noise,terrain,105,135,train
terrain_117.0,noise,terrain,120,150,train
terrain_117.0,noise,terrain,135,165,train
terrain_117.0,noise,terrain,150,180,train
terrain_117.0,noise,terrain,165,195,excluded
terrain_117.0,noise,terrain,180,210,excluded
terrain_117.0,noise,terrain,195,225,validation
terrain_117.0,noise,terrain,210,240,validation
terrain_117.0,noise,terrain,225,255,excluded
terrain_117.0,noise,terrain,240,270,excluded
terrain_117.0,noise,terrain,255,285,test
terrain_117.0,noise,terrain,270,300,test
terrain_117.0,speedbumps,terrain,0,30,train
terrain_117.0,speedbumps,terrain,15,45,train
terrain_117.0,speedbumps,terrain,30,60,train
terrain_117.0,speedbumps,terrain,45,75,train
terrain_117.0,speedbumps,terrain,60,90,train
terrain_117.0,speedbumps,terrain,75,105,train
terrain_117.0,speedbumps,terrain,90,120,train
terrain_117.0,speedbumps,terrain,105,135,train
terrain_117.0,speedbumps,terrain,120,150,train
terrain_117.0,speedbumps,terrain,135,165,train
terrain_117.0,speedbumps,terrain,150,180,train
terrain_117.0,speedbumps,terrain,165,195,excluded
terrain_117.0,speedbumps,terrain,180,210,excluded
terrain_117.0,speedbumps,terrain,195,225,validation
terrain_117.0,speedbumps,terrain,210,240,validation
terrain_117.0,speedbumps,terrain,225,255,excluded
terrain_117.0,speedbumps,terrain,240,270,excluded
terrain_117.0,speedbumps,terrain,255,285,test
terrain_117.0,speedbumps,terrain,270,300,test
terrain_118.0,flat,terrain,0,30,train
terrain_118.0,flat,terrain,15,45,train
terrain_118.0,flat,terrain,30,60,train
terrain_118.0,flat,terrain,45,75,train
terrain_118.0,flat,terrain,60,90,train
terrain_118.0,flat,terrain,75,105,train
terrain_118.0,flat,terrain,90,120,train
terrain_118.0,flat,terrain,105,135,train
terrain_118.0,flat,terrain,120,150,train
terrain_118.0,flat,terrain,135,165,train
terrain_118.0,flat,terrain,150,180,train
terrain_118.0,flat,terrain,165,195,excluded
terrain_118.0,flat,terrain,180,210,excluded
terrain_118.0,flat,terrain,195,225,validation
terrain_118.0,flat,terrain,210,240,validation
terrain_118.0,flat,terrain,225,255,excluded
terrain_118.0,flat,terrain,240,270,excluded
terrain_118.0,flat,terrain,255,285,test
terrain_118.0,flat,terrain,270,300,test
terrain_118.0,noise,terrain,0,30,train
terrain_118.0,noise,terrain,15,45,train
terrain_118.0,noise,terrain,30,60,train
terrain_118.0,noise,terrain,45,75,train
terrain_118.0,noise,terrain,60,90,train
terrain_118.0,noise,terrain,75,105,train
terrain_118.0,noise,terrain,90,120,train
terrain_118.0,noise,terrain,105,135,train
terrain_118.0,noise,terrain,120,150,train
terrain_118.0,noise,terrain,135,165,train
terrain_118.0,noise,terrain,150,180,train
terrain_118.0,noise,terrain,165,195,excluded
terrain_118.0,noise,terrain,180,210,excluded
terrain_118.0,noise,terrain,195,225,validation
terrain_118.0,noise,terrain,210,240,validation
terrain_118.0,noise,terrain,225,255,excluded
terrain_118.0,noise,terrain,240,270,excluded
terrain_118.0,noise,terrain,255,285,test
terrain_118.0,noise,terrain,270,300,test
terrain_118.0,speedbumps,terrain,0,30,train
terrain_118.0,speedbumps,terrain,15,45,train
terrain_118.0,speedbumps,terrain,30,60,train
terrain_118.0,speedbumps,terrain,45,75,train
terrain_118.0,speedbumps,terrain,60,90,train
terrain_118.0,speedbumps,terrain,75,105,train
terrain_118.0,speedbumps,terrain,90,120,train
terrain_118.0,speedbumps,terrain,105,135,train
terrain_118.0,speedbumps,terrain,120,150,train
terrain_118.0,speedbumps,terrain,135,165,train
terrain_118.0,speedbumps,terrain,150,180,train
terrain_118.0,speedbumps,terrain,165,195,excluded
terrain_118.0,speedbumps,terrain,180,210,excluded
terrain_118.0,speedbumps,terrain,195,225,validation
terrain_118.0,speedbumps,terrain,210,240,validation
terrain_118.0,speedbumps,terrain,225,255,excluded
terrain_118.0,speedbumps,terrain,240,270,excluded
terrain_118.0,speedbumps,terrain,255,285,test
terrain_118.0,speedbumps,terrain,270,300,test
terrain_119.0,flat,terrain,0,30,train
terrain_119.0,flat,terrain,15,45,train
terrain_119.0,flat,terrain,30,60,train
terrain_119.0,flat,terrain,45,75,train
terrain_119.0,flat,terrain,60,90,train
terrain_119.0,flat,terrain,75,105,train
terrain_119.0,flat,terrain,90,120,train
terrain_119.0,flat,terrain,105,135,train
terrain_119.0,flat,terrain,120,150,train
terrain_119.0,flat,terrain,135,165,train
terrain_119.0,flat,terrain,150,180,train
terrain_119.0,flat,terrain,165,195,excluded
terrain_119.0,flat,terrain,180,210,excluded
terrain_119.0,flat,terrain,195,225,validation
terrain_119.0,flat,terrain,210,240,validation
terrain_119.0,flat,terrain,225,255,excluded
terrain_119.0,flat,terrain,240,270,excluded
terrain_119.0,flat,terrain,255,285,test
terrain_119.0,flat,terrain,270,300,test
terrain_119.0,noise,terrain,0,30,train
terrain_119.0,noise,terrain,15,45,train
terrain_119.0,noise,terrain,30,60,train
terrain_119.0,noise,terrain,45,75,train
terrain_119.0,noise,terrain,60,90,train
terrain_119.0,noise,terrain,75,105,train
terrain_119.0,noise,terrain,90,120,train
terrain_119.0,noise,terrain,105,135,train
terrain_119.0,noise,terrain,120,150,train
terrain_119.0,noise,terrain,135,165,train
terrain_119.0,noise,terrain,150,180,train
terrain_119.0,noise,terrain,165,195,excluded
terrain_119.0,noise,terrain,180,210,excluded
terrain_119.0,noise,terrain,195,225,validation
terrain_119.0,noise,terrain,210,240,validation
terrain_119.0,noise,terrain,225,255,excluded
terrain_119.0,noise,terrain,240,270,excluded
terrain_119.0,noise,terrain,255,285,test
terrain_119.0,noise,terrain,270,300,test
terrain_119.0,speedbumps,terrain,0,30,train
terrain_119.0,speedbumps,terrain,15,45,train
terrain_119.0,speedbumps,terrain,30,60,train
terrain_119.0,speedbumps,terrain,45,75,train
terrain_119.0,speedbumps,terrain,60,90,train
terrain_119.0,speedbumps,terrain,75,105,train
terrain_119.0,speedbumps,terrain,90,120,train
terrain_119.0,speedbumps,terrain,105,135,train
terrain_119.0,speedbumps,terrain,120,150,train
terrain_119.0,speedbumps,terrain,135,165,train
terrain_119.0,speedbumps,terrain,150,180,train
terrain_119.0,speedbumps,terrain,165,195,excluded
terrain_119.0,speedbumps,terrain,180,210,excluded
terrain_119.0,speedbumps,terrain,195,225,validation
terrain_119.0,speedbumps,terrain,210,240,validation
terrain_119.0,speedbumps,terrain,225,255,excluded
terrain_119.0,speedbumps,terrain,240,270,excluded
terrain_119.0,speedbumps,terrain,255,285,test
terrain_119.0,speedbumps,terrain,270,300,test
terrain_120.0,flat,terrain,0,30,train
terrain_120.0,flat,terrain,15,45,train
terrain_120.0,flat,terrain,30,60,train
terrain_120.0,flat,terrain,45,75,train
terrain_120.0,flat,terrain,60,90,train
terrain_120.0,flat,terrain,75,105,train
terrain_120.0,flat,terrain,90,120,train
terrain_120.0,flat,terrain,105,135,train
terrain_120.0,flat,terrain,120,150,train
terrain_120.0,flat,terrain,135,165,train
terrain_120.0,flat,terrain,150,180,train
terrain_120.0,flat,terrain,165,195,excluded
terrain_120.0,flat,terrain,180,210,excluded
terrain_120.0,flat,terrain,195,225,validation
terrain_120.0,flat,terrain,210,240,validation
terrain_120.0,flat,terrain,225,255,excluded
terrain_120.0,flat,terrain,240,270,excluded
terrain_120.0,flat,terrain,255,285,test
terrain_120.0,flat,terrain,270,300,test
terrain_120.0,noise,terrain,0,30,train
terrain_120.0,noise,terrain,15,45,train
terrain_120.0,noise,terrain,30,60,train
terrain_120.0,noise,terrain,45,75,train
terrain_120.0,noise,terrain,60,90,train
terrain_120.0,noise,terrain,75,105,train
terrain_120.0,noise,terrain,90,120,train
terrain_120.0,noise,terrain,105,135,train
terrain_120.0,noise,terrain,120,150,train
terrain_120.0,noise,terrain,135,165,train
terrain_120.0,noise,terrain,150,180,train
terrain_120.0,noise,terrain,165,195,excluded
terrain_120.0,noise,terrain,180,210,excluded
terrain_120.0,noise,terrain,195,225,validation
terrain_120.0,noise,terrain,210,240,validation
terrain_120.0,noise,terrain,225,255,excluded
terrain_120.0,noise,terrain,240,270,excluded
terrain_120.0,noise,terrain,255,285,test
terrain_120.0,noise,terrain,270,300,test
terrain_120.0,speedbumps,terrain,0,30,train
terrain_120.0,speedbumps,terrain,15,45,train
terrain_120.0,speedbumps,terrain,30,60,train
terrain_120.0,speedbumps,terrain,45,75,train
terrain_120.0,speedbumps,terrain,60,90,train
terrain_120.0,speedbumps,terrain,75,105,train
terrain_120.0,speedbumps,terrain,90,120,train
terrain_120.0,speedbumps,terrain,105,135,train
terrain_120.0,speedbumps,terrain,120,150,train
terrain_120.0,speedbumps,terrain,135,165,train
terrain_120.0,speedbumps,terrain,150,180,train
terrain_120.0,speedbumps,terrain,165,195,excluded
terrain_120.0,speedbumps,terrain,180,210,excluded
terrain_120.0,speedbumps,terrain,195,225,validation
terrain_120.0,speedbumps,terrain,210,240,validation
terrain_120.0,speedbumps,terrain,225,255,excluded
terrain_120.0,speedbumps,terrain,240,270,excluded
terrain_120.0,speedbumps,terrain,255,285,test
terrain_120.0,speedbumps,terrain,270,300,test
terrain_121.0,flat,terrain,0,30,train
terrain_121.0,flat,terrain,15,45,train
terrain_121.0,flat,terrain,30,60,train
terrain_121.0,flat,terrain,45,75,train
terrain_121.0,flat,terrain,60,90,train
terrain_121.0,flat,terrain,75,105,train
terrain_121.0,flat,terrain,90,120,train
terrain_121.0,flat,terrain,105,135,train
terrain_121.0,flat,terrain,120,150,train
terrain_121.0,flat,terrain,135,165,train
terrain_121.0,flat,terrain,150,180,train
terrain_121.0,flat,terrain,165,195,excluded
terrain_121.0,flat,terrain,180,210,excluded
terrain_121.0,flat,terrain,195,225,validation
terrain_121.0,flat,terrain,210,240,validation
terrain_121.0,flat,terrain,225,255,excluded
terrain_121.0,flat,terrain,240,270,excluded
terrain_121.0,flat,terrain,255,285,test
terrain_121.0,flat,terrain,270,300,test
terrain_121.0,noise,terrain,0,30,train
terrain_121.0,noise,terrain,15,45,train
terrain_121.0,noise,terrain,30,60,train
terrain_121.0,noise,terrain,45,75,train
terrain_121.0,noise,terrain,60,90,train
terrain_121.0,noise,terrain,75,105,train
terrain_121.0,noise,terrain,90,120,train
terrain_121.0,noise,terrain,105,135,train
terrain_121.0,noise,terrain,120,150,train
terrain_121.0,noise,terrain,135,165,train
terrain_121.0,noise,terrain,150,180,train
terrain_121.0,noise,terrain,165,195,excluded
terrain_121.0,noise,terrain,180,210,excluded
terrain_121.0,noise,terrain,195,225,validation
terrain_121.0,noise,terrain,210,240,validation
terrain_121.0,noise,terrain,225,255,excluded
terrain_121.0,noise,terrain,240,270,excluded
terrain_121.0,noise,terrain,255,285,test
terrain_121.0,noise,terrain,270,300,test
terrain_121.0,speedbumps,terrain,0,30,train
terrain_121.0,speedbumps,terrain,15,45,train
terrain_121.0,speedbumps,terrain,30,60,train
terrain_121.0,speedbumps,terrain,45,75,train
terrain_121.0,speedbumps,terrain,60,90,train
terrain_121.0,speedbumps,terrain,75,105,train
terrain_121.0,speedbumps,terrain,90,120,train
terrain_121.0,speedbumps,terrain,105,135,train
terrain_121.0,speedbumps,terrain,120,150,train
terrain_121.0,speedbumps,terrain,135,165,train
terrain_121.0,speedbumps,terrain,150,180,train
terrain_121.0,speedbumps,terrain,165,195,excluded
terrain_121.0,speedbumps,terrain,180,210,excluded
terrain_121.0,speedbumps,terrain,195,225,validation
terrain_121.0,speedbumps,terrain,210,240,validation
terrain_121.0,speedbumps,terrain,225,255,excluded
terrain_121.0,speedbumps,terrain,240,270,excluded
terrain_121.0,speedbumps,terrain,255,285,test
terrain_121.0,speedbumps,terrain,270,300,test
terrain_122.0,flat,terrain,0,30,train
terrain_122.0,flat,terrain,15,45,train
terrain_122.0,flat,terrain,30,60,train
terrain_122.0,flat,terrain,45,75,train
terrain_122.0,flat,terrain,60,90,train
terrain_122.0,flat,terrain,75,105,train
terrain_122.0,flat,terrain,90,120,train
terrain_122.0,flat,terrain,105,135,train
terrain_122.0,flat,terrain,120,150,train
terrain_122.0,flat,terrain,135,165,train
terrain_122.0,flat,terrain,150,180,train
terrain_122.0,flat,terrain,165,195,excluded
terrain_122.0,flat,terrain,180,210,excluded
terrain_122.0,flat,terrain,195,225,validation
terrain_122.0,flat,terrain,210,240,validation
terrain_122.0,flat,terrain,225,255,excluded
terrain_122.0,flat,terrain,240,270,excluded
terrain_122.0,flat,terrain,255,285,test
terrain_122.0,flat,terrain,270,300,test
terrain_122.0,noise,terrain,0,30,train
terrain_122.0,noise,terrain,15,45,train
terrain_122.0,noise,terrain,30,60,train
terrain_122.0,noise,terrain,45,75,train
terrain_122.0,noise,terrain,60,90,train
terrain_122.0,noise,terrain,75,105,train
terrain_122.0,noise,terrain,90,120,train
terrain_122.0,noise,terrain,105,135,train
terrain_122.0,noise,terrain,120,150,train
terrain_122.0,noise,terrain,135,165,train
terrain_122.0,noise,terrain,150,180,train
terrain_122.0,noise,terrain,165,195,excluded
terrain_122.0,noise,terrain,180,210,excluded
terrain_122.0,noise,terrain,195,225,validation
terrain_122.0,noise,terrain,210,240,validation
terrain_122.0,noise,terrain,225,255,excluded
terrain_122.0,noise,terrain,240,270,excluded
terrain_122.0,noise,terrain,255,285,test
terrain_122.0,noise,terrain,270,300,test
terrain_122.0,speedbumps,terrain,0,30,train
terrain_122.0,speedbumps,terrain,15,45,train
terrain_122.0,speedbumps,terrain,30,60,train
terrain_122.0,speedbumps,terrain,45,75,train
terrain_122.0,speedbumps,terrain,60,90,train
terrain_122.0,speedbumps,terrain,75,105,train
terrain_122.0,speedbumps,terrain,90,120,train
terrain_122.0,speedbumps,terrain,105,135,train
terrain_122.0,speedbumps,terrain,120,150,train
terrain_122.0,speedbumps,terrain,135,165,train
terrain_122.0,speedbumps,terrain,150,180,train
terrain_122.0,speedbumps,terrain,165,195,excluded
terrain_122.0,speedbumps,terrain,180,210,excluded
terrain_122.0,speedbumps,terrain,195,225,validation
terrain_122.0,speedbumps,terrain,210,240,validation
terrain_122.0,speedbumps,terrain,225,255,excluded
terrain_122.0,speedbumps,terrain,240,270,excluded
terrain_122.0,speedbumps,terrain,255,285,test
terrain_122.0,speedbumps,terrain,270,300,test
