threshold,true_positive,false_positive,false_negative,true_negative,sensitivity,specificity,false_alarm_rate,precision,negative_predictive_value,alert_rate,balanced_accuracy,youden_j
0.19812938570976257,115,653,0,0,1.0,0.0,1.0,0.14973958333333334,,1.0,0.5,0.0
0.2016582190990448,115,652,0,1,1.0,0.0015313935681470138,0.998468606431853,0.14993481095176012,1.0,0.9986979166666666,0.5007656967840735,0.0015313935681469104
0.21587491035461426,115,651,0,2,1.0,0.0030627871362940277,0.996937212863706,0.15013054830287206,1.0,0.9973958333333334,0.501531393568147,0.003062787136294043
0.2178049385547638,115,650,0,3,1.0,0.004594180704441042,0.9954058192955589,0.1503267973856209,1.0,0.99609375,0.5022970903522205,0.004594180704440953
0.22901368141174316,115,649,0,4,1.0,0.006125574272588055,0.9938744257274119,0.1505235602094241,1.0,0.9947916666666666,0.503062787136294,0.006125574272588086
0.2311108112335205,115,648,0,5,1.0,0.007656967840735069,0.9923430321592649,0.15072083879423329,1.0,0.9934895833333334,0.5038284839203675,0.007656967840734996
0.23467755317687988,115,647,0,6,1.0,0.009188361408882083,0.9908116385911179,0.15091863517060367,1.0,0.9921875,0.5045941807044411,0.009188361408882129
0.23527832329273224,115,646,0,7,1.0,0.010719754977029096,0.9892802450229708,0.15111695137976347,1.0,0.9908854166666666,0.5053598774885145,0.010719754977029039
0.24290378391742706,115,645,0,8,1.0,0.01225114854517611,0.9877488514548239,0.1513157894736842,1.0,0.9895833333333334,0.5061255742725881,0.012251148545176171
0.2470332682132721,115,644,0,9,1.0,0.013782542113323124,0.9862174578866769,0.15151515151515152,1.0,0.98828125,0.5068912710566615,0.013782542113323082
0.24804380536079407,115,643,0,10,1.0,0.015313935681470138,0.9846860643185299,0.1517150395778364,1.0,0.9869791666666666,0.5076569678407351,0.015313935681470214
0.2491910457611084,115,642,0,11,1.0,0.016845329249617153,0.9831546707503829,0.15191545574636725,1.0,0.9856770833333334,0.5084226646248086,0.016845329249617125
0.2518696188926697,115,641,0,12,1.0,0.018376722817764167,0.9816232771822359,0.15211640211640212,1.0,0.984375,0.5091883614088821,0.018376722817764257
0.2527567744255066,115,640,0,13,1.0,0.019908116385911178,0.9800918836140888,0.152317880794702,1.0,0.9830729166666666,0.5099540581929556,0.019908116385911168
0.25331228971481323,115,639,0,14,1.0,0.021439509954058193,0.9785604900459418,0.15251989389920426,1.0,0.9817708333333334,0.5107197549770292,0.0214395099540583
0.25386881828308105,115,638,0,15,1.0,0.022970903522205207,0.9770290964777948,0.15272244355909695,1.0,0.98046875,0.5114854517611026,0.02297090352220521
0.2544659972190857,115,637,0,16,1.0,0.02450229709035222,0.9754977029096478,0.1529255319148936,1.0,0.9791666666666666,0.5122511485451761,0.02450229709035212
0.25530511140823364,115,636,0,17,1.0,0.026033690658499236,0.9739663093415007,0.15312916111850866,1.0,0.9778645833333334,0.5130168453292496,0.026033690658499253
0.2559267282485962,115,635,0,18,1.0,0.027565084226646247,0.9724349157733537,0.15333333333333332,1.0,0.9765625,0.5137825421133231,0.027565084226646164
0.25613412261009216,115,634,0,19,1.0,0.02909647779479326,0.9709035222052067,0.15353805073431243,1.0,0.9752604166666666,0.5145482388973966,0.029096477794793296
0.25648555159568787,115,633,0,20,1.0,0.030627871362940276,0.9693721286370597,0.1537433155080214,1.0,0.9739583333333334,0.5153139356814701,0.030627871362940207
0.25652024149894714,115,632,0,21,1.0,0.03215926493108729,0.9678407350689127,0.1539491298527443,1.0,0.97265625,0.5160796324655437,0.03215926493108734
0.25700151920318604,115,631,0,22,1.0,0.033690658499234305,0.9663093415007658,0.15415549597855227,1.0,0.9713541666666666,0.5168453292496171,0.03369065849923425
0.2576020359992981,115,630,0,23,1.0,0.03522205206738132,0.9647779479326187,0.15436241610738255,1.0,0.9700520833333334,0.5176110260336907,0.03522205206738138
0.25792983174324036,115,629,0,24,1.0,0.036753445635528334,0.9632465543644717,0.15456989247311828,1.0,0.96875,0.5183767228177641,0.03675344563552829
0.25859376788139343,115,628,0,25,1.0,0.03828483920367534,0.9617151607963247,0.15477792732166892,1.0,0.9674479166666666,0.5191424196018377,0.038284839203675425
0.2589039206504822,115,627,0,26,1.0,0.039816232771822356,0.9601837672281777,0.15498652291105122,1.0,0.9661458333333334,0.5199081163859112,0.039816232771822335
0.2603543698787689,115,626,0,27,1.0,0.04134762633996937,0.9586523736600306,0.15519568151147098,1.0,0.96484375,0.5206738131699847,0.04134762633996947
0.2606191635131836,115,625,0,28,1.0,0.042879019908116385,0.9571209800918836,0.1554054054054054,1.0,0.9635416666666666,0.5214395099540582,0.04287901990811638
0.26312485337257385,115,624,0,29,1.0,0.0444104134762634,0.9555895865237366,0.15561569688768606,1.0,0.9622395833333334,0.5222052067381318,0.04441041347626351
0.2634696066379547,115,623,0,30,1.0,0.045941807044410414,0.9540581929555896,0.15582655826558264,1.0,0.9609375,0.5229709035222052,0.04594180704441042
0.26525411009788513,115,622,0,31,1.0,0.04747320061255743,0.9525267993874426,0.1560379918588874,1.0,0.9596354166666666,0.5237366003062787,0.04747320061255733
0.26655280590057373,115,621,0,32,1.0,0.04900459418070444,0.9509954058192955,0.15625,1.0,0.9583333333333334,0.5245022970903522,0.049004594180704464
0.26672860980033875,115,620,0,33,1.0,0.05053598774885146,0.9494640122511485,0.1564625850340136,1.0,0.95703125,0.5252679938744257,0.050535987748851374
0.2678544521331787,115,619,0,34,1.0,0.05206738131699847,0.9479326186830015,0.1566757493188011,1.0,0.9557291666666666,0.5260336906584993,0.05206738131699851
0.2682251036167145,115,618,0,35,1.0,0.05359877488514548,0.9464012251148545,0.15688949522510232,1.0,0.9544270833333334,0.5267993874425727,0.05359877488514542
0.26863986253738403,115,617,0,36,1.0,0.055130168453292494,0.9448698315467075,0.15710382513661203,1.0,0.953125,0.5275650842266463,0.05513016845329255
0.2686398923397064,115,616,0,37,1.0,0.05666156202143951,0.9433384379785605,0.1573187414500684,1.0,0.9518229166666666,0.5283307810107197,0.05666156202143946
0.269540399312973,115,615,0,38,1.0,0.05819295558958652,0.9418070444104135,0.15753424657534246,1.0,0.9505208333333334,0.5290964777947933,0.05819295558958659
0.2699863314628601,115,614,0,39,1.0,0.05972434915773354,0.9402756508422665,0.15775034293552812,1.0,0.94921875,0.5298621745788668,0.0597243491577335
0.270150750875473,115,613,0,40,1.0,0.06125574272588055,0.9387442572741195,0.15796703296703296,1.0,0.9479166666666666,0.5306278713629403,0.061255742725880635
0.270394504070282,115,612,0,41,1.0,0.06278713629402756,0.9372128637059725,0.15818431911966988,1.0,0.9466145833333334,0.5313935681470138,0.06278713629402755
0.2712218761444092,115,611,0,42,1.0,0.06431852986217458,0.9356814701378254,0.1584022038567493,1.0,0.9453125,0.5321592649310873,0.06431852986217468
0.27176380157470703,115,610,0,43,1.0,0.06584992343032159,0.9341500765696784,0.15862068965517243,1.0,0.9440104166666666,0.5329249617151608,0.06584992343032159
0.2740734815597534,115,609,0,44,1.0,0.06738131699846861,0.9326186830015314,0.15883977900552487,1.0,0.9427083333333334,0.5336906584992342,0.0673813169984685
0.2766754627227783,115,608,0,45,1.0,0.06891271056661562,0.9310872894333844,0.1590594744121715,1.0,0.94140625,0.5344563552833078,0.06891271056661563
0.27732986211776733,115,607,0,46,1.0,0.07044410413476264,0.9295558958652373,0.1592797783933518,1.0,0.9401041666666666,0.5352220520673813,0.07044410413476254
0.2773899435997009,115,606,0,47,1.0,0.07197549770290965,0.9280245022970903,0.15950069348127602,1.0,0.9388020833333334,0.5359877488514548,0.07197549770290967
0.27782756090164185,115,605,0,48,1.0,0.07350689127105667,0.9264931087289433,0.1597222222222222,1.0,0.9375,0.5367534456355283,0.07350689127105658
0.2780054211616516,115,604,0,49,1.0,0.07503828483920368,0.9249617151607963,0.1599443671766342,1.0,0.9361979166666666,0.5375191424196019,0.07503828483920372
0.27946048974990845,115,603,0,50,1.0,0.07656967840735068,0.9234303215926493,0.16016713091922005,1.0,0.9348958333333334,0.5382848392036753,0.07656967840735063
0.2799283564090729,115,602,0,51,1.0,0.0781010719754977,0.9218989280245024,0.1603905160390516,1.0,0.93359375,0.5390505359877489,0.07810107197549776
0.2806362211704254,115,601,0,52,1.0,0.07963246554364471,0.9203675344563553,0.16061452513966482,1.0,0.9322916666666666,0.5398162327718223,0.07963246554364467
0.28089025616645813,115,600,0,53,1.0,0.08116385911179173,0.9188361408882083,0.16083916083916083,1.0,0.9309895833333334,0.5405819295558959,0.0811638591117918
0.28109997510910034,115,599,0,54,1.0,0.08269525267993874,0.9173047473200613,0.16106442577030813,1.0,0.9296875,0.5413476263399694,0.08269525267993871
0.28149181604385376,115,598,0,55,1.0,0.08422664624808576,0.9157733537519143,0.16129032258064516,1.0,0.9283854166666666,0.5421133231240429,0.08422664624808585
0.2853821814060211,115,597,0,56,1.0,0.08575803981623277,0.9142419601837672,0.16151685393258428,1.0,0.9270833333333334,0.5428790199081164,0.08575803981623276
0.2858920097351074,115,596,0,57,1.0,0.08728943338437979,0.9127105666156202,0.1617440225035162,1.0,0.92578125,0.5436447166921899,0.08728943338437989
0.2859742045402527,115,595,0,58,1.0,0.0888208269525268,0.9111791730474732,0.1619718309859155,1.0,0.9244791666666666,0.5444104134762634,0.0888208269525268
0.2869616448879242,115,594,0,59,1.0,0.0903522205206738,0.9096477794793262,0.1622002820874471,1.0,0.9231770833333334,0.5451761102603369,0.09035222052067371
0.28736671805381775,115,593,0,60,1.0,0.09188361408882083,0.9081163859111792,0.16242937853107345,1.0,0.921875,0.5459418070444104,0.09188361408882084
0.28853076696395874,115,592,0,61,1.0,0.09341500765696784,0.9065849923430321,0.16265912305516267,1.0,0.9205729166666666,0.5467075038284839,0.09341500765696775
0.288771390914917,115,591,0,62,1.0,0.09494640122511486,0.9050535987748851,0.16288951841359772,1.0,0.9192708333333334,0.5474732006125574,0.09494640122511488
0.28887563943862915,115,590,0,63,1.0,0.09647779479326186,0.9035222052067381,0.16312056737588654,1.0,0.91796875,0.5482388973966309,0.0964777947932618
0.2890544533729553,115,589,0,64,1.0,0.09800918836140889,0.9019908116385911,0.16335227272727273,1.0,0.9166666666666666,0.5490045941807045,0.09800918836140893
0.28981661796569824,115,588,0,65,1.0,0.0995405819295559,0.900459418070444,0.16358463726884778,1.0,0.9153645833333334,0.5497702909647779,0.09954058192955584
0.29110953211784363,115,587,0,66,1.0,0.10107197549770292,0.8989280245022971,0.16381766381766383,1.0,0.9140625,0.5505359877488515,0.10107197549770297
0.2911682724952698,115,586,0,67,1.0,0.10260336906584992,0.8973966309341501,0.16405135520684735,1.0,0.9127604166666666,0.5513016845329249,0.10260336906584988
0.2914975881576538,115,585,0,68,1.0,0.10413476263399694,0.8958652373660031,0.16428571428571428,1.0,0.9114583333333334,0.5520673813169985,0.10413476263399701
0.2925606667995453,115,584,0,69,1.0,0.10566615620214395,0.8943338437978561,0.16452074391988555,1.0,0.91015625,0.552833078101072,0.10566615620214392
0.2926355302333832,115,583,0,70,1.0,0.10719754977029096,0.892802450229709,0.16475644699140402,1.0,0.9088541666666666,0.5535987748851455,0.10719754977029106
0.2942867577075958,115,582,0,71,1.0,0.10872894333843798,0.891271056661562,0.1649928263988522,1.0,0.9075520833333334,0.554364471669219,0.10872894333843797
0.29470545053482056,115,581,0,72,1.0,0.11026033690658499,0.889739663093415,0.16522988505747127,1.0,0.90625,0.5551301684532925,0.1102603369065851
0.2949608862400055,115,580,0,73,1.0,0.11179173047473201,0.888208269525268,0.16546762589928057,1.0,0.9049479166666666,0.555895865237366,0.11179173047473201
0.29538941383361816,115,579,0,74,1.0,0.11332312404287902,0.886676875957121,0.16570605187319884,1.0,0.9036458333333334,0.5566615620214395,0.11332312404287892
0.2954019010066986,115,578,0,75,1.0,0.11485451761102604,0.885145482388974,0.16594516594516595,1.0,0.90234375,0.557427258805513,0.11485451761102605
0.2955337166786194,115,577,0,76,1.0,0.11638591117917305,0.8836140888208269,0.16618497109826588,1.0,0.9010416666666666,0.5581929555895865,0.11638591117917296
0.29583269357681274,115,576,0,77,1.0,0.11791730474732007,0.8820826952526799,0.16642547033285093,1.0,0.8997395833333334,0.55895865237366,0.1179173047473201
0.29638853669166565,115,575,0,78,1.0,0.11944869831546708,0.8805513016845329,0.16666666666666666,1.0,0.8984375,0.5597243491577335,0.119448698315467
0.2964842915534973,115,574,0,79,1.0,0.12098009188361408,0.8790199081163859,0.16690856313497823,1.0,0.8971354166666666,0.5604900459418071,0.12098009188361414
0.2970796525478363,115,573,0,80,1.0,0.1225114854517611,0.877488514548239,0.16715116279069767,1.0,0.8958333333333334,0.5612557427258805,0.12251148545176105
0.29764634370803833,115,572,0,81,1.0,0.12404287901990811,0.8759571209800919,0.16739446870451238,1.0,0.89453125,0.5620214395099541,0.12404287901990818
0.29842060804367065,115,571,0,82,1.0,0.12557427258805512,0.8744257274119449,0.16763848396501457,1.0,0.8932291666666666,0.5627871362940275,0.1255742725880551
0.29977598786354065,115,570,0,83,1.0,0.12710566615620214,0.8728943338437979,0.1678832116788321,1.0,0.8919270833333334,0.5635528330781011,0.12710566615620222
0.29985982179641724,115,569,0,84,1.0,0.12863705972434916,0.8713629402756509,0.16812865497076024,1.0,0.890625,0.5643185298621746,0.12863705972434913
0.30000150203704834,115,568,0,85,1.0,0.13016845329249618,0.8698315467075038,0.1683748169838946,1.0,0.8893229166666666,0.5650842266462481,0.13016845329249627
0.30167582631111145,115,567,0,86,1.0,0.13169984686064318,0.8683001531393568,0.16862170087976538,1.0,0.8880208333333334,0.5658499234303216,0.13169984686064318
0.3016917109489441,115,566,0,87,1.0,0.1332312404287902,0.8667687595712098,0.16886930983847284,1.0,0.88671875,0.566615620214395,0.1332312404287901
0.3022236227989197,115,565,0,88,1.0,0.13476263399693722,0.8652373660030628,0.16911764705882354,1.0,0.8854166666666666,0.5673813169984686,0.13476263399693722
0.3028334975242615,115,564,0,89,1.0,0.1362940275650842,0.8637059724349158,0.16936671575846834,1.0,0.8841145833333334,0.5681470137825421,0.13629402756508413
0.30312684178352356,115,563,0,90,1.0,0.13782542113323124,0.8621745788667687,0.1696165191740413,1.0,0.8828125,0.5689127105666156,0.13782542113323126
0.30360493063926697,115,562,0,91,1.0,0.13935681470137826,0.8606431852986217,0.16986706056129985,1.0,0.8815104166666666,0.5696784073506891,0.13935681470137817
0.3056197762489319,115,561,0,92,1.0,0.14088820826952528,0.8591117917304747,0.17011834319526628,1.0,0.8802083333333334,0.5704441041347627,0.1408882082695253
0.3056805431842804,115,560,0,93,1.0,0.14241960183767227,0.8575803981623277,0.17037037037037037,1.0,0.87890625,0.5712098009188361,0.14241960183767222
0.30575186014175415,115,559,0,94,1.0,0.1439509954058193,0.8560490045941807,0.17062314540059348,1.0,0.8776041666666666,0.5719754977029097,0.14395099540581935
0.30579113960266113,115,558,0,95,1.0,0.14548238897396631,0.8545176110260337,0.17087667161961367,1.0,0.8763020833333334,0.5727411944869831,0.14548238897396626
0.3066886365413666,115,557,0,96,1.0,0.14701378254211334,0.8529862174578867,0.17113095238095238,1.0,0.875,0.5735068912710567,0.1470137825421134
0.30756378173828125,115,556,0,97,1.0,0.14854517611026033,0.8514548238897397,0.17138599105812222,1.0,0.8736979166666666,0.5742725880551302,0.1485451761102603
0.30938977003097534,115,555,0,98,1.0,0.15007656967840735,0.8499234303215927,0.17164179104477612,1.0,0.8723958333333334,0.5750382848392037,0.15007656967840743
0.30990952253341675,115,554,0,99,1.0,0.15160796324655437,0.8483920367534457,0.17189835575485798,1.0,0.87109375,0.5758039816232772,0.15160796324655434
0.31206029653549194,115,553,0,100,1.0,0.15313935681470137,0.8468606431852986,0.1721556886227545,1.0,0.8697916666666666,0.5765696784073506,0.15313935681470126
0.3128044605255127,115,552,0,101,1.0,0.1546707503828484,0.8453292496171516,0.1724137931034483,1.0,0.8684895833333334,0.5773353751914242,0.1546707503828484
0.31283634901046753,115,551,0,102,1.0,0.1562021439509954,0.8437978560490046,0.17267267267267267,1.0,0.8671875,0.5781010719754978,0.15620214395099552
0.31333479285240173,115,550,0,103,1.0,0.15773353751914243,0.8422664624808576,0.17293233082706766,1.0,0.8658854166666666,0.5788667687595712,0.15773353751914243
0.3137790560722351,115,549,0,104,1.0,0.15926493108728942,0.8407350689127105,0.17319277108433734,1.0,0.8645833333333334,0.5796324655436447,0.15926493108728934
0.31424400210380554,115,548,0,105,1.0,0.16079632465543645,0.8392036753445635,0.17345399698340874,1.0,0.86328125,0.5803981623277182,0.16079632465543647
0.3146201968193054,115,547,0,106,1.0,0.16232771822358347,0.8376722817764165,0.17371601208459214,1.0,0.8619791666666666,0.5811638591117917,0.16232771822358338
0.316547691822052,115,546,0,107,1.0,0.1638591117917305,0.8361408882082695,0.17397881996974282,1.0,0.8606770833333334,0.5819295558958653,0.16385911179173052
0.31710106134414673,115,545,0,108,1.0,0.16539050535987748,0.8346094946401225,0.17424242424242425,1.0,0.859375,0.5826952526799387,0.16539050535987743
0.317108690738678,115,544,0,109,1.0,0.1669218989280245,0.8330781010719756,0.17450682852807284,1.0,0.8580729166666666,0.5834609494640123,0.16692189892802456
0.3181169033050537,115,543,0,110,1.0,0.16845329249617153,0.8315467075038285,0.17477203647416414,1.0,0.8567708333333334,0.5842266462480857,0.16845329249617147
0.3183310925960541,115,542,0,111,1.0,0.16998468606431852,0.8300153139356815,0.1750380517503805,1.0,0.85546875,0.5849923430321593,0.1699846860643186
0.3183901906013489,115,541,0,112,1.0,0.17151607963246554,0.8284839203675345,0.17530487804878048,1.0,0.8541666666666666,0.5857580398162328,0.1715160796324655
0.3195749521255493,115,540,0,113,1.0,0.17304747320061256,0.8269525267993875,0.17557251908396945,1.0,0.8528645833333334,0.5865237366003063,0.17304747320061264
0.3201153874397278,115,539,0,114,1.0,0.17457886676875958,0.8254211332312404,0.17584097859327216,1.0,0.8515625,0.5872894333843798,0.17457886676875956
0.320331871509552,115,538,0,115,1.0,0.17611026033690658,0.8238897396630934,0.17611026033690658,1.0,0.8502604166666666,0.5880551301684533,0.1761102603369067
0.32092908024787903,115,537,0,116,1.0,0.1776416539050536,0.8223583460949464,0.17638036809815952,1.0,0.8489583333333334,0.5888208269525268,0.1776416539050536
0.32127565145492554,115,536,0,117,1.0,0.17917304747320062,0.8208269525267994,0.17665130568356374,1.0,0.84765625,0.5895865237366003,0.1791730474732005
0.32131803035736084,115,535,0,118,1.0,0.1807044410413476,0.8192955589586524,0.17692307692307693,1.0,0.8463541666666666,0.5903522205206738,0.18070444104134764
0.32144397497177124,115,534,0,119,1.0,0.18223583460949463,0.8177641653905053,0.17719568567026195,1.0,0.8450520833333334,0.5911179173047473,0.18223583460949455
0.3221418261528015,115,533,0,120,1.0,0.18376722817764166,0.8162327718223583,0.17746913580246915,1.0,0.84375,0.5918836140888208,0.18376722817764168
0.32267552614212036,115,532,0,121,1.0,0.18529862174578868,0.8147013782542113,0.1777434312210201,1.0,0.8424479166666666,0.5926493108728943,0.1852986217457886
0.32303357124328613,115,531,0,122,1.0,0.18683001531393567,0.8131699846860643,0.1780185758513932,1.0,0.8411458333333334,0.5934150076569679,0.18683001531393573
0.3243790864944458,115,530,0,123,1.0,0.1883614088820827,0.8116385911179173,0.17829457364341086,1.0,0.83984375,0.5941807044410413,0.18836140888208264
0.32439902424812317,115,529,0,124,1.0,0.18989280245022971,0.8101071975497703,0.17857142857142858,1.0,0.8385416666666666,0.5949464012251149,0.18989280245022977
0.3248952329158783,115,528,0,125,1.0,0.19142419601837674,0.8085758039816233,0.17884914463452567,1.0,0.8372395833333334,0.5957120980091883,0.19142419601837668
0.32523244619369507,115,527,0,126,1.0,0.19295558958652373,0.8070444104134763,0.1791277258566978,1.0,0.8359375,0.5964777947932619,0.1929555895865238
0.3258228003978729,115,526,0,127,1.0,0.19448698315467075,0.8055130168453293,0.1794071762870515,1.0,0.8346354166666666,0.5972434915773354,0.19448698315467072
0.326179176568985,115,525,0,128,1.0,0.19601837672281777,0.8039816232771823,0.1796875,1.0,0.8333333333333334,0.5980091883614089,0.19601837672281786
0.3263006806373596,115,524,0,129,1.0,0.19754977029096477,0.8024502297090352,0.17996870109546165,1.0,0.83203125,0.5987748851454824,0.19754977029096477
0.3279882073402405,115,523,0,130,1.0,0.1990811638591118,0.8009188361408882,0.18025078369905956,1.0,0.8307291666666666,0.5995405819295558,0.19908116385911168
0.3283724784851074,115,522,0,131,1.0,0.2006125574272588,0.7993874425727412,0.18053375196232338,1.0,0.8294270833333334,0.6003062787136294,0.2006125574272588
0.3286992907524109,115,521,0,132,1.0,0.20214395099540583,0.7978560490045942,0.18081761006289307,1.0,0.828125,0.601071975497703,0.20214395099540594
0.3290460705757141,115,520,0,133,1.0,0.20367534456355282,0.7963246554364471,0.18110236220472442,1.0,0.8268229166666666,0.6018376722817764,0.20367534456355285
0.32975733280181885,115,519,0,134,1.0,0.20520673813169985,0.7947932618683001,0.18138801261829654,1.0,0.8255208333333334,0.6026033690658499,0.20520673813169976
0.3298077881336212,115,518,0,135,1.0,0.20673813169984687,0.7932618683001531,0.18167456556082148,1.0,0.82421875,0.6033690658499234,0.2067381316998469
0.32994064688682556,115,517,0,136,1.0,0.2082695252679939,0.7917304747320061,0.1819620253164557,1.0,0.8229166666666666,0.6041347626339969,0.2082695252679938
0.3308688700199127,115,516,0,137,1.0,0.20980091883614088,0.7901990811638591,0.18225039619651348,1.0,0.8216145833333334,0.6049004594180705,0.20980091883614094
0.33115649223327637,115,515,0,138,1.0,0.2113323124042879,0.7886676875957122,0.18253968253968253,1.0,0.8203125,0.6056661562021439,0.21133231240428785
0.3315339982509613,115,514,0,139,1.0,0.21286370597243492,0.7871362940275651,0.18282988871224165,1.0,0.8190104166666666,0.6064318529862175,0.21286370597243498
0.33156856894493103,115,513,0,140,1.0,0.21439509954058192,0.7856049004594181,0.18312101910828024,1.0,0.8177083333333334,0.607197549770291,0.2143950995405819
0.3321695923805237,115,512,0,141,1.0,0.21592649310872894,0.7840735068912711,0.18341307814992025,1.0,0.81640625,0.6079632465543645,0.21592649310872902
0.33268454670906067,115,511,0,142,1.0,0.21745788667687596,0.7825421133231241,0.18370607028753994,1.0,0.8151041666666666,0.608728943338438,0.21745788667687593
0.33286839723587036,115,510,0,143,1.0,0.21898928024502298,0.781010719754977,0.184,1.0,0.8138020833333334,0.6094946401225115,0.21898928024502307
0.3334684371948242,115,509,0,144,1.0,0.22052067381316998,0.77947932618683,0.1842948717948718,1.0,0.8125,0.610260336906585,0.22052067381316998
0.33458366990089417,115,508,0,145,1.0,0.222052067381317,0.777947932618683,0.18459069020866772,1.0,0.8111979166666666,0.6110260336906586,0.2220520673813171
0.3357190489768982,115,507,0,146,1.0,0.22358346094946402,0.776416539050536,0.18488745980707397,1.0,0.8098958333333334,0.611791730474732,0.22358346094946402
0.3359861969947815,115,506,0,147,1.0,0.225114854517611,0.774885145482389,0.18518518518518517,1.0,0.80859375,0.6125574272588055,0.22511485451761093
0.3364599347114563,115,505,0,148,1.0,0.22664624808575803,0.7733537519142419,0.18548387096774194,1.0,0.8072916666666666,0.613323124042879,0.22664624808575806
0.3366190493106842,115,504,0,149,1.0,0.22817764165390506,0.7718223583460949,0.18578352180936994,1.0,0.8059895833333334,0.6140888208269525,0.22817764165390497
0.33724209666252136,115,503,0,150,1.0,0.22970903522205208,0.7702909647779479,0.18608414239482202,1.0,0.8046875,0.614854517611026,0.2297090352220521
0.3399732708930969,115,502,0,151,1.0,0.23124042879019907,0.7687595712098009,0.18638573743922204,1.0,0.8033854166666666,0.6156202143950995,0.23124042879019902
0.34052014350891113,115,501,0,152,1.0,0.2327718223583461,0.7672281776416539,0.18668831168831168,1.0,0.8020833333333334,0.6163859111791731,0.23277182235834615
0.34057289361953735,115,500,0,153,1.0,0.2343032159264931,0.7656967840735069,0.18699186991869918,1.0,0.80078125,0.6171516079632465,0.23430321592649306
0.34061771631240845,115,499,0,154,1.0,0.23583460949464014,0.7641653905053599,0.18729641693811075,1.0,0.7994791666666666,0.6179173047473201,0.2358346094946402
0.3418697118759155,115,498,0,155,1.0,0.23736600306278713,0.7626339969372129,0.18760195758564438,1.0,0.7981770833333334,0.6186830015313936,0.2373660030627871
0.34206047654151917,115,497,0,156,1.0,0.23889739663093415,0.7611026033690659,0.18790849673202614,1.0,0.796875,0.6194486983154671,0.23889739663093423
0.34363624453544617,115,496,0,157,1.0,0.24042879019908117,0.7595712098009189,0.18821603927986907,1.0,0.7955729166666666,0.6202143950995406,0.24042879019908114
0.3438563942909241,115,495,0,158,1.0,0.24196018376722817,0.7580398162327718,0.1885245901639344,1.0,0.7942708333333334,0.6209800918836141,0.24196018376722828
0.34467312693595886,115,494,0,159,1.0,0.2434915773353752,0.7565084226646248,0.18883415435139572,1.0,0.79296875,0.6217457886676876,0.2434915773353752
0.3447754979133606,115,493,0,160,1.0,0.2450229709035222,0.7549770290964778,0.18914473684210525,1.0,0.7916666666666666,0.622511485451761,0.2450229709035221
0.3452140986919403,115,492,0,161,1.0,0.24655436447166923,0.7534456355283308,0.18945634266886327,1.0,0.7903645833333334,0.6232771822358346,0.24655436447166923
0.34774667024612427,115,491,0,162,1.0,0.24808575803981622,0.7519142419601837,0.18976897689768976,1.0,0.7890625,0.6240428790199081,0.24808575803981614
0.3479631543159485,115,490,0,163,1.0,0.24961715160796324,0.7503828483920367,0.19008264462809918,1.0,0.7877604166666666,0.6248085758039816,0.24961715160796327
0.34893423318862915,115,489,0,164,1.0,0.25114854517611024,0.7488514548238897,0.19039735099337748,1.0,0.7864583333333334,0.6255742725880551,0.2511485451761102
0.3490216135978699,115,488,0,165,1.0,0.25267993874425726,0.7473200612557427,0.19071310116086235,1.0,0.78515625,0.6263399693721287,0.2526799387442573
0.3500165045261383,115,487,0,166,1.0,0.2542113323124043,0.7457886676875957,0.19102990033222592,1.0,0.7838541666666666,0.6271056661562021,0.2542113323124042
0.3504844009876251,115,486,0,167,1.0,0.2557427258805513,0.7442572741194488,0.1913477537437604,1.0,0.7825520833333334,0.6278713629402757,0.25574272588055136
0.3548683822154999,115,485,0,168,1.0,0.2572741194486983,0.7427258805513017,0.19166666666666668,1.0,0.78125,0.6286370597243491,0.25727411944869827
0.35535046458244324,115,484,0,169,1.0,0.25880551301684535,0.7411944869831547,0.19198664440734559,1.0,0.7799479166666666,0.6294027565084227,0.2588055130168454
0.3554931581020355,115,483,0,170,1.0,0.26033690658499237,0.7396630934150077,0.19230769230769232,1.0,0.7786458333333334,0.6301684532924962,0.2603369065849923
0.3555256426334381,115,482,0,171,1.0,0.26186830015313933,0.7381316998468607,0.19262981574539365,1.0,0.77734375,0.6309341500765697,0.26186830015313944
0.35605481266975403,115,481,0,172,1.0,0.26339969372128635,0.7366003062787136,0.1929530201342282,1.0,0.7760416666666666,0.6316998468606432,0.26339969372128635
0.3565952777862549,115,480,0,173,1.0,0.2649310872894334,0.7350689127105666,0.19327731092436976,1.0,0.7747395833333334,0.6324655436447166,0.26493108728943326
0.35758647322654724,115,479,0,174,1.0,0.2664624808575804,0.7335375191424196,0.1936026936026936,1.0,0.7734375,0.6332312404287902,0.2664624808575804
0.3585955500602722,115,478,0,175,1.0,0.2679938744257274,0.7320061255742726,0.19392917369308602,1.0,0.7721354166666666,0.6339969372128638,0.26799387442572753
0.3591288924217224,115,477,0,176,1.0,0.26952526799387444,0.7304747320061256,0.19425675675675674,1.0,0.7708333333333334,0.6347626339969372,0.26952526799387444
0.3594699203968048,115,476,0,177,1.0,0.27105666156202146,0.7289433384379785,0.19458544839255498,1.0,0.76953125,0.6355283307810107,0.27105666156202135
0.35988086462020874,115,475,0,178,1.0,0.2725880551301684,0.7274119448698315,0.19491525423728814,1.0,0.7682291666666666,0.6362940275650842,0.2725880551301685
0.3612227737903595,115,474,0,179,1.0,0.27411944869831545,0.7258805513016845,0.19524617996604415,1.0,0.7669270833333334,0.6370597243491577,0.2741194486983154
0.36142924427986145,115,473,0,180,1.0,0.27565084226646247,0.7243491577335375,0.195578231292517,1.0,0.765625,0.6378254211332313,0.2756508422664625
0.36236804723739624,115,472,0,181,1.0,0.2771822358346095,0.7228177641653905,0.19591141396933562,1.0,0.7643229166666666,0.6385911179173047,0.27718223583460944
0.3646286129951477,115,471,0,182,1.0,0.2787136294027565,0.7212863705972435,0.1962457337883959,1.0,0.7630208333333334,0.6393568147013783,0.27871362940275657
0.36519819498062134,115,470,0,183,1.0,0.28024502297090353,0.7197549770290965,0.19658119658119658,1.0,0.76171875,0.6401225114854517,0.2802450229709035
0.3671236038208008,115,469,0,184,1.0,0.28177641653905056,0.7182235834609495,0.1969178082191781,1.0,0.7604166666666666,0.6408882082695253,0.2817764165390506
0.3680134415626526,115,468,0,185,1.0,0.2833078101071976,0.7166921898928025,0.19725557461406518,1.0,0.7591145833333334,0.6416539050535988,0.2833078101071975
0.36815863847732544,115,467,0,186,1.0,0.28483920367534454,0.7151607963246555,0.19759450171821305,1.0,0.7578125,0.6424196018376722,0.28483920367534443
0.3682805597782135,115,466,0,187,1.0,0.28637059724349156,0.7136294027565084,0.19793459552495696,1.0,0.7565104166666666,0.6431852986217458,0.28637059724349156
0.36892828345298767,115,465,0,188,1.0,0.2879019908116386,0.7120980091883614,0.19827586206896552,1.0,0.7552083333333334,0.6439509954058193,0.2879019908116387
0.37053459882736206,115,464,0,189,1.0,0.2894333843797856,0.7105666156202144,0.19861830742659758,1.0,0.75390625,0.6447166921898928,0.2894333843797856
0.3711792528629303,115,463,0,190,1.0,0.29096477794793263,0.7090352220520674,0.19896193771626297,1.0,0.7526041666666666,0.6454823889739663,0.2909647779479325
0.3713662028312683,115,462,0,191,1.0,0.29249617151607965,0.7075038284839203,0.19930675909878684,1.0,0.7513020833333334,0.6462480857580398,0.29249617151607965
0.3752024173736572,115,461,0,192,1.0,0.29402756508422667,0.7059724349157733,0.1996527777777778,1.0,0.75,0.6470137825421134,0.2940275650842268
0.37600255012512207,115,460,0,193,1.0,0.29555895865237364,0.7044410413476263,0.2,1.0,0.7486979166666666,0.6477794793261868,0.2955589586523737
0.3766402304172516,115,459,0,194,1.0,0.29709035222052066,0.7029096477794793,0.20034843205574912,1.0,0.7473958333333334,0.6485451761102603,0.2970903522205206
0.3780995309352875,115,458,0,195,1.0,0.2986217457886677,0.7013782542113323,0.2006980802792321,1.0,0.74609375,0.6493108728943339,0.29862174578866774
0.3800133466720581,115,457,0,196,1.0,0.3001531393568147,0.6998468606431854,0.20104895104895104,1.0,0.7447916666666666,0.6500765696784073,0.30015313935681465
0.38018351793289185,115,456,0,197,1.0,0.3016845329249617,0.6983154670750383,0.20140105078809106,1.0,0.7434895833333334,0.6508422664624809,0.3016845329249618
0.38087835907936096,115,455,0,198,1.0,0.30321592649310875,0.6967840735068913,0.20175438596491227,1.0,0.7421875,0.6516079632465543,0.3032159264931087
0.3810122311115265,115,454,0,199,1.0,0.30474732006125577,0.6952526799387443,0.20210896309314588,1.0,0.7408854166666666,0.6523736600306279,0.3047473200612558
0.3816748261451721,115,453,0,200,1.0,0.30627871362940273,0.6937212863705973,0.20246478873239437,1.0,0.7395833333333334,0.6531393568147014,0.30627871362940273
0.38169559836387634,115,452,0,201,1.0,0.30781010719754975,0.6921898928024502,0.20282186948853614,1.0,0.73828125,0.6539050535987749,0.30781010719754986
0.38315367698669434,115,451,0,202,1.0,0.3093415007656968,0.6906584992343032,0.20318021201413428,1.0,0.7369791666666666,0.6546707503828484,0.3093415007656968
0.38328200578689575,115,450,0,203,1.0,0.3108728943338438,0.6891271056661562,0.20353982300884957,1.0,0.7356770833333334,0.6554364471669218,0.3108728943338437
0.3834962844848633,115,449,0,204,1.0,0.3124042879019908,0.6875957120980092,0.20390070921985815,1.0,0.734375,0.6562021439509954,0.3124042879019908
0.3845255970954895,115,448,0,205,1.0,0.31393568147013784,0.6860643185298622,0.20426287744227353,1.0,0.7330729166666666,0.656967840735069,0.31393568147013795
0.3849518895149231,115,447,0,206,1.0,0.31546707503828486,0.6845329249617151,0.20462633451957296,1.0,0.7317708333333334,0.6577335375191424,0.31546707503828486
0.3861578106880188,115,446,0,207,1.0,0.3169984686064318,0.6830015313935681,0.20499108734402852,1.0,0.73046875,0.6584992343032159,0.31699846860643177
0.38688889145851135,115,445,0,208,1.0,0.31852986217457885,0.6814701378254211,0.20535714285714285,1.0,0.7291666666666666,0.6592649310872895,0.3185298621745789
0.3873019814491272,115,444,0,209,1.0,0.32006125574272587,0.6799387442572741,0.20572450805008943,1.0,0.7278645833333334,0.6600306278713629,0.3200612557427258
0.3881862759590149,115,443,0,210,1.0,0.3215926493108729,0.678407350689127,0.2060931899641577,1.0,0.7265625,0.6607963246554365,0.32159264931087295
0.3883908689022064,115,442,0,211,1.0,0.3231240428790199,0.6768759571209801,0.20646319569120286,1.0,0.7252604166666666,0.6615620214395099,0.32312404287901986
0.3900814950466156,115,441,0,212,1.0,0.32465543644716693,0.6753445635528331,0.2068345323741007,1.0,0.7239583333333334,0.6623277182235835,0.324655436447167
0.3901304304599762,115,440,0,213,1.0,0.32618683001531396,0.6738131699846861,0.2072072072072072,1.0,0.72265625,0.663093415007657,0.3261868300153139
0.3909429907798767,115,439,0,214,1.0,0.327718223583461,0.6722817764165391,0.2075812274368231,1.0,0.7213541666666666,0.6638591117917305,0.32771822358346103
0.3909625709056854,115,438,0,215,1.0,0.32924961715160794,0.6707503828483921,0.20795660036166366,1.0,0.7200520833333334,0.664624808575804,0.32924961715160794
0.3916395306587219,115,437,0,216,1.0,0.33078101071975496,0.669218989280245,0.20833333333333334,1.0,0.71875,0.6653905053598774,0.33078101071975485
0.3917880058288574,115,436,0,217,1.0,0.332312404287902,0.667687595712098,0.20871143375680581,1.0,0.7174479166666666,0.666156202143951,0.332312404287902
0.3920060098171234,115,435,0,218,1.0,0.333843797856049,0.666156202143951,0.20909090909090908,1.0,0.7161458333333334,0.6669218989280246,0.3338437978560491
0.3924851417541504,115,434,0,219,1.0,0.33537519142419603,0.664624808575804,0.20947176684881602,1.0,0.71484375,0.667687595712098,0.33537519142419603
0.3934778869152069,115,433,0,220,1.0,0.33690658499234305,0.663093415007657,0.20985401459854014,1.0,0.7135416666666666,0.6684532924961715,0.33690658499234294
0.39445310831069946,115,432,0,221,1.0,0.33843797856049007,0.6615620214395099,0.21023765996343693,1.0,0.7122395833333334,0.669218989280245,0.33843797856049007
0.3946233093738556,115,431,0,222,1.0,0.33996937212863704,0.6600306278713629,0.21062271062271062,1.0,0.7109375,0.6699846860643185,0.339969372128637
0.3965243697166443,115,430,0,223,1.0,0.34150076569678406,0.6584992343032159,0.21100917431192662,1.0,0.7096354166666666,0.6707503828483921,0.3415007656967841
0.39716070890426636,115,429,0,224,1.0,0.3430321592649311,0.6569678407350689,0.2113970588235294,1.0,0.7083333333333334,0.6715160796324655,0.343032159264931
0.4000510573387146,115,428,0,225,1.0,0.3445635528330781,0.655436447166922,0.21178637200736647,1.0,0.70703125,0.6722817764165391,0.34456355283307816
0.4014968276023865,115,427,0,226,1.0,0.3460949464012251,0.6539050535987749,0.21217712177121772,1.0,0.7057291666666666,0.6730474732006125,0.34609494640122507
0.40291628241539,115,426,0,227,1.0,0.34762633996937214,0.6523736600306279,0.21256931608133087,1.0,0.7044270833333334,0.6738131699846861,0.3476263399693722
0.40333476662635803,115,425,0,228,1.0,0.34915773353751917,0.6508422664624809,0.21296296296296297,1.0,0.703125,0.6745788667687596,0.3491577335375191
0.40658265352249146,115,424,0,229,1.0,0.35068912710566613,0.6493108728943339,0.21335807050092764,1.0,0.7018229166666666,0.675344563552833,0.350689127105666
0.40680259466171265,115,423,0,230,1.0,0.35222052067381315,0.6477794793261868,0.2137546468401487,1.0,0.7005208333333334,0.6761102603369066,0.35222052067381315
0.4068244993686676,115,422,0,231,1.0,0.3537519142419602,0.6462480857580398,0.21415270018621974,1.0,0.69921875,0.6768759571209801,0.3537519142419603
0.4087428152561188,115,421,0,232,1.0,0.3552833078101072,0.6447166921898928,0.21455223880597016,1.0,0.6979166666666666,0.6776416539050536,0.3552833078101072
0.4104389250278473,115,420,0,233,1.0,0.3568147013782542,0.6431852986217458,0.21495327102803738,1.0,0.6966145833333334,0.678407350689127,0.3568147013782541
0.41233378648757935,115,419,0,234,1.0,0.35834609494640124,0.6416539050535988,0.2153558052434457,1.0,0.6953125,0.6791730474732006,0.35834609494640124
0.4133110046386719,115,418,0,235,1.0,0.35987748851454826,0.6401225114854517,0.21575984990619138,1.0,0.6940104166666666,0.6799387442572742,0.35987748851454837
0.41489964723587036,115,417,0,236,1.0,0.3614088820826952,0.6385911179173047,0.2161654135338346,1.0,0.6927083333333334,0.6807044410413476,0.3614088820826953
0.41526660323143005,115,416,0,237,1.0,0.36294027565084225,0.6370597243491577,0.21657250470809794,1.0,0.69140625,0.6814701378254211,0.3629402756508422
0.41533946990966797,115,415,0,238,1.0,0.36447166921898927,0.6355283307810107,0.2169811320754717,1.0,0.6901041666666666,0.6822358346094947,0.3644716692189893
0.41828566789627075,115,414,0,239,1.0,0.3660030627871363,0.6339969372128637,0.21739130434782608,1.0,0.6888020833333334,0.6830015313935681,0.36600306278713624
0.41828879714012146,115,413,0,240,1.0,0.3675344563552833,0.6324655436447167,0.2178030303030303,1.0,0.6875,0.6837672281776417,0.36753445635528337
0.4187657833099365,115,412,0,241,1.0,0.36906584992343033,0.6309341500765697,0.21821631878557876,1.0,0.6861979166666666,0.6845329249617151,0.3690658499234303
0.41877642273902893,115,411,0,242,1.0,0.37059724349157736,0.6294027565084227,0.21863117870722434,1.0,0.6848958333333334,0.6852986217457887,0.3705972434915774
0.4189423620700836,115,410,0,243,1.0,0.3721286370597244,0.6278713629402757,0.21904761904761905,1.0,0.68359375,0.6860643185298622,0.3721286370597243
0.42074280977249146,115,409,0,244,1.0,0.37366003062787134,0.6263399693721287,0.21946564885496184,1.0,0.6822916666666666,0.6868300153139357,0.37366003062787145
0.4214305877685547,115,408,0,245,1.0,0.37519142419601836,0.6248085758039816,0.2198852772466539,1.0,0.6809895833333334,0.6875957120980092,0.37519142419601836
0.42263251543045044,115,407,0,246,1.0,0.3767228177641654,0.6232771822358346,0.22030651340996169,1.0,0.6796875,0.6883614088820826,0.3767228177641653
0.42357030510902405,115,406,0,247,1.0,0.3782542113323124,0.6217457886676876,0.22072936660268713,1.0,0.6783854166666666,0.6891271056661562,0.3782542113323124
0.4240695536136627,115,405,0,248,1.0,0.37978560490045943,0.6202143950995406,0.22115384615384615,1.0,0.6770833333333334,0.6898928024502298,0.37978560490045954
0.42680853605270386,115,404,0,249,1.0,0.38131699846860645,0.6186830015313936,0.22157996146435452,1.0,0.67578125,0.6906584992343032,0.38131699846860645
0.4275522232055664,115,403,0,250,1.0,0.38284839203675347,0.6171516079632465,0.222007722007722,1.0,0.6744791666666666,0.6914241960183767,0.38284839203675336
0.427896112203598,115,402,0,251,1.0,0.38437978560490044,0.6156202143950995,0.22243713733075435,1.0,0.6731770833333334,0.6921898928024502,0.3843797856049005
0.4292498528957367,115,401,0,252,1.0,0.38591117917304746,0.6140888208269525,0.22286821705426357,1.0,0.671875,0.6929555895865237,0.3859111791730474
0.43055495619773865,115,400,0,253,1.0,0.3874425727411945,0.6125574272588055,0.22330097087378642,1.0,0.6705729166666666,0.6937212863705973,0.38744257274119454
0.4310661256313324,115,399,0,254,1.0,0.3889739663093415,0.6110260336906586,0.2237354085603113,1.0,0.6692708333333334,0.6944869831546707,0.38897396630934145
0.43208688497543335,115,398,0,255,1.0,0.3905053598774885,0.6094946401225115,0.22417153996101363,1.0,0.66796875,0.6952526799387443,0.3905053598774886
0.43328776955604553,115,397,0,256,1.0,0.39203675344563554,0.6079632465543645,0.224609375,1.0,0.6666666666666666,0.6960183767228177,0.3920367534456355
0.43372687697410583,115,396,0,257,1.0,0.39356814701378257,0.6064318529862175,0.22504892367906065,1.0,0.6653645833333334,0.6967840735068913,0.3935681470137826
0.4345361590385437,115,395,0,258,1.0,0.39509954058192953,0.6049004594180705,0.22549019607843138,1.0,0.6640625,0.6975497702909648,0.39509954058192953
0.4347735345363617,115,394,0,259,1.0,0.39663093415007655,0.6033690658499234,0.22593320235756384,1.0,0.6627604166666666,0.6983154670750382,0.39663093415007644
0.4371757507324219,115,393,0,260,1.0,0.3981623277182236,0.6018376722817764,0.2263779527559055,1.0,0.6614583333333334,0.6990811638591118,0.3981623277182236
0.4376833438873291,115,392,0,261,1.0,0.3996937212863706,0.6003062787136294,0.22682445759368836,1.0,0.66015625,0.6998468606431854,0.3996937212863707
0.43769168853759766,115,391,0,262,1.0,0.4012251148545176,0.5987748851454824,0.22727272727272727,1.0,0.6588541666666666,0.7006125574272588,0.4012251148545176
0.43890923261642456,115,390,0,263,1.0,0.40275650842266464,0.5972434915773354,0.22772277227722773,1.0,0.6575520833333334,0.7013782542113323,0.4027565084226645
0.4391101002693176,115,389,0,264,1.0,0.40428790199081166,0.5957120980091883,0.22817460317460317,1.0,0.65625,0.7021439509954058,0.40428790199081166
0.4403921961784363,115,388,0,265,1.0,0.4058192955589586,0.5941807044410413,0.2286282306163022,1.0,0.6549479166666666,0.7029096477794793,0.40581929555895857
0.44193896651268005,115,387,0,266,1.0,0.40735068912710565,0.5926493108728943,0.2290836653386454,1.0,0.6536458333333334,0.7036753445635529,0.4073506891271057
0.4420540928840637,115,386,0,267,1.0,0.40888208269525267,0.5911179173047473,0.22954091816367264,1.0,0.65234375,0.7044410413476263,0.4088820826952526
0.4453944265842438,115,385,0,268,1.0,0.4104134762633997,0.5895865237366003,0.23,1.0,0.6510416666666666,0.7052067381316999,0.41041347626339975
0.44792184233665466,115,384,0,269,1.0,0.4119448698315467,0.5880551301684533,0.23046092184368738,1.0,0.6497395833333334,0.7059724349157733,0.41194486983154666
0.44857484102249146,115,383,0,270,1.0,0.41347626339969373,0.5865237366003063,0.23092369477911648,1.0,0.6484375,0.7067381316998469,0.4134762633996938
0.4498952329158783,115,382,0,271,1.0,0.41500765696784075,0.5849923430321593,0.23138832997987926,1.0,0.6471354166666666,0.7075038284839203,0.4150076569678407
0.45068320631980896,115,381,0,272,1.0,0.4165390505359878,0.5834609494640123,0.2318548387096774,1.0,0.6458333333333334,0.7082695252679939,0.41653905053598783
0.45101842284202576,114,381,1,272,0.991304347826087,0.4165390505359878,0.5834609494640123,0.23030303030303031,0.9963369963369964,0.64453125,0.7039216991810374,0.40784339836207484
0.4554254114627838,114,380,1,273,0.991304347826087,0.41807044410413474,0.5819295558958653,0.23076923076923078,0.9963503649635036,0.6432291666666666,0.7046873959651109,0.40937479193022175
0.4554978311061859,114,379,1,274,0.991304347826087,0.41960183767228176,0.5803981623277182,0.23123732251521298,0.9963636363636363,0.6419270833333334,0.7054530927491844,0.4109061854983689
0.45647019147872925,114,378,1,275,0.991304347826087,0.4211332312404288,0.5788667687595712,0.23170731707317074,0.9963768115942029,0.640625,0.7062187895332579,0.4124375790665158
0.459999144077301,114,377,1,276,0.991304347826087,0.4226646248085758,0.5773353751914242,0.23217922606924643,0.9963898916967509,0.6393229166666666,0.7069844863173314,0.4139689726346627
0.4605908989906311,114,376,1,277,0.991304347826087,0.4241960183767228,0.5758039816232772,0.23265306122448978,0.9964028776978417,0.6380208333333334,0.7077501831014049,0.41550036620280983
0.46118679642677307,114,375,1,278,0.991304347826087,0.42572741194486985,0.5742725880551302,0.2331288343558282,0.996415770609319,0.63671875,0.7085158798854785,0.41703175977095697
0.4615175127983093,114,374,1,279,0.991304347826087,0.42725880551301687,0.5727411944869831,0.2336065573770492,0.9964285714285714,0.6354166666666666,0.7092815766695519,0.4185631533391039
0.4626421332359314,114,373,1,280,0.991304347826087,0.42879019908116384,0.5712098009188361,0.23408624229979466,0.99644128113879,0.6341145833333334,0.7100472734536254,0.4200945469072508
0.4629972577095032,114,372,1,281,0.991304347826087,0.43032159264931086,0.5696784073506891,0.2345679012345679,0.9964539007092199,0.6328125,0.710812970237699,0.4216259404753979
0.46366971731185913,114,371,1,282,0.991304347826087,0.4318529862174579,0.5681470137825421,0.23505154639175257,0.9964664310954063,0.6315104166666666,0.7115786670217724,0.42315733404354483
0.46390047669410706,114,370,1,283,0.991304347826087,0.4333843797856049,0.5666156202143952,0.23553719008264462,0.9964788732394366,0.6302083333333334,0.712344363805846,0.42468872761169196
0.4646255373954773,114,369,1,284,0.991304347826087,0.4349157733537519,0.5650842266462481,0.2360248447204969,0.9964912280701754,0.62890625,0.7131100605899194,0.4262201211798389
0.46471428871154785,114,368,1,285,0.991304347826087,0.43644716692189894,0.5635528330781011,0.23651452282157676,0.9965034965034965,0.6276041666666666,0.713875757373993,0.427751514747986
0.4649902284145355,114,367,1,286,0.991304347826087,0.43797856049004597,0.5620214395099541,0.23700623700623702,0.9965156794425087,0.6263020833333334,0.7146414541580665,0.4292829083161329
0.4674413204193115,114,366,1,287,0.991304347826087,0.43950995405819293,0.5604900459418071,0.2375,0.9965277777777778,0.625,0.71540715094214,0.43081430188428005
0.46805816888809204,114,365,1,288,0.991304347826087,0.44104134762633995,0.55895865237366,0.23799582463465555,0.9965397923875432,0.6236979166666666,0.7161728477262135,0.43234569545242696
0.4687938690185547,114,364,1,289,0.991304347826087,0.442572741194487,0.557427258805513,0.2384937238493724,0.996551724137931,0.6223958333333334,0.7169385445102869,0.43387708902057387
0.46896782517433167,114,363,1,290,0.991304347826087,0.444104134762634,0.555895865237366,0.2389937106918239,0.9965635738831615,0.62109375,0.7177042412943605,0.435408482588721
0.4695243835449219,114,362,1,291,0.991304347826087,0.445635528330781,0.554364471669219,0.23949579831932774,0.9965753424657534,0.6197916666666666,0.7184699380784341,0.43693987615686813
0.47005319595336914,114,361,1,292,0.991304347826087,0.44716692189892804,0.552833078101072,0.24,0.9965870307167235,0.6184895833333334,0.7192356348625075,0.43847126972501504
0.47042760252952576,114,360,1,293,0.991304347826087,0.44869831546707506,0.5513016845329249,0.24050632911392406,0.9965986394557823,0.6171875,0.720001331646581,0.44000266329316196
0.4711962640285492,114,359,1,294,0.991304347826087,0.450229709035222,0.5497702909647779,0.24101479915433405,0.9966101694915255,0.6158854166666666,0.7207670284306545,0.4415340568613091
0.4717506468296051,114,358,1,295,0.991304347826087,0.45176110260336905,0.5482388973966309,0.24152542372881355,0.9966216216216216,0.6145833333333334,0.721532725214728,0.443065450429456
0.4718782305717468,114,357,1,296,0.991304347826087,0.45329249617151607,0.5467075038284839,0.24203821656050956,0.9966329966329966,0.61328125,0.7222984219988016,0.44459684399760313
0.4721969664096832,114,356,1,297,0.991304347826087,0.4548238897396631,0.5451761102603369,0.2425531914893617,0.9966442953020134,0.6119791666666666,0.723064118782875,0.44612823756575004
0.47229018807411194,113,356,2,297,0.9826086956521739,0.4548238897396631,0.5451761102603369,0.24093816631130063,0.9933110367892977,0.6106770833333334,0.7187162926959185,0.43743258539183705
0.47251853346824646,113,355,2,298,0.9826086956521739,0.4563552833078101,0.5436447166921899,0.24145299145299146,0.9933333333333333,0.609375,0.719481989479992,0.43896397895998396
0.4731660485267639,113,354,2,299,0.9826086956521739,0.45788667687595713,0.5421133231240429,0.24197002141327623,0.9933554817275747,0.6080729166666666,0.7202476862640655,0.4404953725281311
0.47353917360305786,113,353,2,300,0.9826086956521739,0.45941807044410415,0.5405819295558959,0.24248927038626608,0.9933774834437086,0.6067708333333334,0.721013383048139,0.442026766096278
0.47482556104660034,113,352,2,301,0.9826086956521739,0.4609494640122512,0.5390505359877489,0.24301075268817204,0.9933993399339934,0.60546875,0.7217790798322126,0.44355815966442513
0.4749125838279724,113,351,2,302,0.9826086956521739,0.46248085758039814,0.5375191424196019,0.2435344827586207,0.993421052631579,0.6041666666666666,0.722544776616286,0.44508955323257204
0.47501716017723083,113,350,2,303,0.9826086956521739,0.46401225114854516,0.5359877488514548,0.24406047516198703,0.9934426229508196,0.6028645833333334,0.7233104734003595,0.44662094680071895
0.4773920476436615,112,350,3,303,0.9739130434782609,0.46401225114854516,0.5359877488514548,0.24242424242424243,0.9901960784313726,0.6015625,0.718962647313403,0.43792529462680596
0.47757333517074585,111,350,4,303,0.9652173913043478,0.46401225114854516,0.5359877488514548,0.24078091106290672,0.9869706840390879,0.6002604166666666,0.7146148212264465,0.42922964245289297
0.4792211651802063,111,349,4,304,0.9652173913043478,0.4655436447166922,0.5344563552833078,0.24130434782608695,0.987012987012987,0.5989583333333334,0.7153805180105199,0.4307610360210399
0.47946038842201233,111,348,4,305,0.9652173913043478,0.4670750382848392,0.5329249617151608,0.24183006535947713,0.9870550161812298,0.59765625,0.7161462147945935,0.432292429589187
0.4805474281311035,111,347,4,306,0.9652173913043478,0.4686064318529862,0.5313935681470138,0.2423580786026201,0.9870967741935484,0.5963541666666666,0.7169119115786671,0.43382382315733414
0.4809335172176361,111,346,4,307,0.9652173913043478,0.47013782542113325,0.5298621745788668,0.24288840262582057,0.9871382636655949,0.5950520833333334,0.7176776083627405,0.43535521672548105
0.4825053811073303,111,345,4,308,0.9652173913043478,0.47166921898928027,0.5283307810107197,0.24342105263157895,0.9871794871794872,0.59375,0.718443305146814,0.43688661029362796
0.4835805892944336,111,344,4,309,0.9652173913043478,0.47320061255742724,0.5267993874425727,0.24395604395604395,0.987220447284345,0.5924479166666666,0.7192090019308875,0.4384180038617751
0.48367953300476074,111,343,4,310,0.9652173913043478,0.47473200612557426,0.5252679938744257,0.2444933920704846,0.9872611464968153,0.5911458333333334,0.719974698714961,0.439949397429922
0.4837110638618469,110,343,5,310,0.9565217391304348,0.47473200612557426,0.5252679938744257,0.24282560706401765,0.9841269841269841,0.58984375,0.7156268726280045,0.431253745256009
0.4838109612464905,110,342,5,311,0.9565217391304348,0.4762633996937213,0.5237366003062787,0.24336283185840707,0.9841772151898734,0.5885416666666666,0.7163925694120781,0.43278513882415615
0.4844602644443512,110,341,5,312,0.9565217391304348,0.4777947932618683,0.5222052067381318,0.24390243902439024,0.9842271293375394,0.5872395833333334,0.7171582661961515,0.43431653239230306
0.48498907685279846,110,340,5,313,0.9565217391304348,0.4793261868300153,0.5206738131699847,0.24444444444444444,0.9842767295597484,0.5859375,0.7179239629802251,0.4358479259604502
0.4855573773384094,110,339,5,314,0.9565217391304348,0.48085758039816234,0.5191424196018377,0.24498886414253898,0.9843260188087775,0.5846354166666666,0.7186896597642985,0.4373793195285971
0.4865529537200928,109,339,6,314,0.9478260869565217,0.48085758039816234,0.5191424196018377,0.24330357142857142,0.98125,0.5833333333333334,0.714341833677342,0.4286836673546841
0.48761892318725586,108,339,7,314,0.9391304347826087,0.48085758039816234,0.5191424196018377,0.24161073825503357,0.9781931464174455,0.58203125,0.7099940075903856,0.4199880151807711
0.4876987338066101,107,339,8,314,0.9304347826086956,0.48085758039816234,0.5191424196018377,0.2399103139013453,0.9751552795031055,0.5807291666666666,0.705646181503429,0.4112923630068579
0.4886849522590637,107,338,8,315,0.9304347826086956,0.48238897396630936,0.5176110260336907,0.24044943820224718,0.9752321981424149,0.5794270833333334,0.7064118782875025,0.41282375657500503
0.48962050676345825,107,337,8,316,0.9304347826086956,0.48392036753445633,0.5160796324655437,0.240990990990991,0.9753086419753086,0.578125,0.707177575071576,0.41435515014315194
0.4896930754184723,107,336,8,317,0.9304347826086956,0.48545176110260335,0.5145482388973966,0.24153498871331827,0.9753846153846154,0.5768229166666666,0.7079432718556495,0.4158865437112991
0.4900952875614166,106,336,9,317,0.9217391304347826,0.48545176110260335,0.5145482388973966,0.2398190045248869,0.9723926380368099,0.5755208333333334,0.703595445768693,0.4071908915373861
0.4912084937095642,106,335,9,318,0.9217391304347826,0.4869831546707504,0.5130168453292496,0.24036281179138322,0.9724770642201835,0.57421875,0.7043611425527665,0.408722285105533
0.491301953792572,106,334,9,319,0.9217391304347826,0.4885145482388974,0.5114854517611026,0.2409090909090909,0.9725609756097561,0.5729166666666666,0.70512683933684,0.4102536786736799
0.49130314588546753,105,334,10,319,0.9130434782608695,0.4885145482388974,0.5114854517611026,0.23917995444191345,0.9696048632218845,0.5716145833333334,0.7007790132498835,0.4015580264997669
0.4927496314048767,105,333,10,320,0.9130434782608695,0.4900459418070444,0.5099540581929556,0.23972602739726026,0.9696969696969697,0.5703125,0.7015447100339569,0.4030894200679138
0.4928664267063141,105,332,10,321,0.9130434782608695,0.49157733537519144,0.5084226646248086,0.2402745995423341,0.9697885196374623,0.5690104166666666,0.7023104068180305,0.40462081363606095
0.4928923547267914,105,331,10,322,0.9130434782608695,0.49310872894333846,0.5068912710566615,0.2408256880733945,0.9698795180722891,0.5677083333333334,0.703076103602104,0.4061522072042081
0.49344491958618164,105,330,10,323,0.9130434782608695,0.4946401225114854,0.5053598774885145,0.2413793103448276,0.96996996996997,0.56640625,0.7038418003861775,0.407683600772355
0.4938808083534241,104,330,11,323,0.9043478260869565,0.4946401225114854,0.5053598774885145,0.23963133640552994,0.9670658682634731,0.5651041666666666,0.699493974299221,0.398987948598442
0.49420103430747986,104,329,11,324,0.9043478260869565,0.49617151607963245,0.5038284839203675,0.24018475750577367,0.9671641791044776,0.5638020833333334,0.7002596710832945,0.4005193421665889
0.495958149433136,104,328,11,325,0.9043478260869565,0.49770290964777947,0.5022970903522205,0.24074074074074073,0.9672619047619048,0.5625,0.701025367867368,0.40205073573473604
0.4963696599006653,104,327,11,326,0.9043478260869565,0.4992343032159265,0.5007656967840735,0.24129930394431554,0.9673590504451038,0.5611979166666666,0.7017910646514415,0.40358212930288295
0.4970805048942566,103,327,12,326,0.8956521739130435,0.4992343032159265,0.5007656967840735,0.23953488372093024,0.9644970414201184,0.5598958333333334,0.697443238564485,0.39488647712896996
0.4974624514579773,103,326,12,327,0.8956521739130435,0.5007656967840735,0.4992343032159265,0.2400932400932401,0.9646017699115044,0.55859375,0.6982089353485585,0.3964178706971171
0.49755439162254333,103,325,12,328,0.8956521739130435,0.5022970903522205,0.49770290964777947,0.24065420560747663,0.9647058823529412,0.5572916666666666,0.698974632132632,0.397949264265264
0.49773192405700684,103,324,12,329,0.8956521739130435,0.5038284839203675,0.49617151607963245,0.24121779859484777,0.9648093841642229,0.5559895833333334,0.6997403289167055,0.3994806578334109
0.4977397322654724,103,323,12,330,0.8956521739130435,0.5053598774885145,0.4946401225114854,0.24178403755868544,0.9649122807017544,0.5546875,0.700506025700779,0.40101205140155805
0.49784836173057556,103,322,12,331,0.8956521739130435,0.5068912710566615,0.49310872894333846,0.24235294117647058,0.9650145772594753,0.5533854166666666,0.7012717224848526,0.4025434449697052
0.4982057511806488,103,321,12,332,0.8956521739130435,0.5084226646248086,0.49157733537519144,0.2429245283018868,0.9651162790697675,0.5520833333333334,0.702037419268926,0.4040748385378521
0.4983609616756439,103,320,12,333,0.8956521739130435,0.5099540581929556,0.4900459418070444,0.24349881796690306,0.9652173913043478,0.55078125,0.7028031160529995,0.405606232105999
0.49841469526290894,103,319,12,334,0.8956521739130435,0.5114854517611026,0.4885145482388974,0.24407582938388625,0.9653179190751445,0.5494791666666666,0.7035688128370731,0.40713762567414613
0.4988365173339844,103,318,12,335,0.8956521739130435,0.5130168453292496,0.4869831546707504,0.24465558194774348,0.9654178674351584,0.5481770833333334,0.7043345096211466,0.40866901924229326
0.49896240234375,103,317,12,336,0.8956521739130435,0.5145482388973966,0.48545176110260335,0.24523809523809523,0.9655172413793104,0.546875,0.7051002064052201,0.4102004128104402
0.4992848336696625,103,316,12,337,0.8956521739130435,0.5160796324655437,0.48392036753445633,0.2458233890214797,0.9656160458452722,0.5455729166666666,0.7058659031892935,0.4117318063785871
0.5001460313796997,103,315,12,338,0.8956521739130435,0.5176110260336907,0.48238897396630936,0.24641148325358853,0.9657142857142857,0.5442708333333334,0.7066315999733671,0.4132631999467342
0.5003012418746948,102,315,13,338,0.8869565217391304,0.5176110260336907,0.48238897396630936,0.2446043165467626,0.9629629629629629,0.54296875,0.7022837738864105,0.404567547772821
0.5003359317779541,102,314,13,339,0.8869565217391304,0.5191424196018377,0.48085758039816234,0.24519230769230768,0.9630681818181818,0.5416666666666666,0.7030494706704841,0.40609894134096813
0.5006756782531738,102,313,13,340,0.8869565217391304,0.5206738131699847,0.4793261868300153,0.2457831325301205,0.9631728045325779,0.5403645833333334,0.7038151674545576,0.40763033490911527
0.5007050633430481,102,312,13,341,0.8869565217391304,0.5222052067381318,0.4777947932618683,0.2463768115942029,0.963276836158192,0.5390625,0.7045808642386311,0.4091617284772622
0.5007298588752747,102,311,13,342,0.8869565217391304,0.5237366003062787,0.4762633996937213,0.2469733656174334,0.9633802816901409,0.5377604166666666,0.7053465610227045,0.4106931220454091
0.5011593103408813,102,310,13,343,0.8869565217391304,0.5252679938744257,0.47473200612557426,0.24757281553398058,0.9634831460674157,0.5364583333333334,0.706112257806778,0.412224515613556
0.5014432072639465,101,310,14,343,0.8782608695652174,0.5252679938744257,0.47473200612557426,0.24574209245742093,0.9607843137254902,0.53515625,0.7017644317198215,0.403528863439643
0.5016981363296509,101,309,14,344,0.8782608695652174,0.5267993874425727,0.47320061255742724,0.24634146341463414,0.9608938547486033,0.5338541666666666,0.7025301285038951,0.40506025700779014
0.5017703771591187,101,308,14,345,0.8782608695652174,0.5283307810107197,0.47166921898928027,0.2469437652811736,0.9610027855153204,0.5325520833333334,0.7032958252879686,0.40659165057593727
0.5020286440849304,101,307,14,346,0.8782608695652174,0.5298621745788668,0.47013782542113325,0.24754901960784315,0.9611111111111111,0.53125,0.7040615220720421,0.4081230441440842
0.5022843480110168,101,306,14,347,0.8782608695652174,0.5313935681470138,0.4686064318529862,0.24815724815724816,0.961218836565097,0.5299479166666666,0.7048272188561155,0.4096544377122311
0.5022972822189331,101,305,14,348,0.8782608695652174,0.5329249617151608,0.4670750382848392,0.24876847290640394,0.9613259668508287,0.5286458333333334,0.7055929156401891,0.4111858312803782
0.5026535987854004,101,304,14,349,0.8782608695652174,0.5344563552833078,0.4655436447166922,0.24938271604938272,0.9614325068870524,0.52734375,0.7063586124242627,0.41271722484852535
0.5029515027999878,101,303,14,350,0.8782608695652174,0.5359877488514548,0.46401225114854516,0.25,0.9615384615384616,0.5260416666666666,0.7071243092083361,0.41424861841667227
0.5033749938011169,101,302,14,351,0.8782608695652174,0.5375191424196019,0.46248085758039814,0.2506203473945409,0.9616438356164384,0.5247395833333334,0.7078900059924096,0.4157800119848192
0.5033959150314331,101,301,14,352,0.8782608695652174,0.5390505359877489,0.4609494640122512,0.2512437810945274,0.9617486338797814,0.5234375,0.7086557027764832,0.4173114055529663
0.503907322883606,101,300,14,353,0.8782608695652174,0.5405819295558959,0.45941807044410415,0.2518703241895262,0.9618528610354223,0.5221354166666666,0.7094213995605567,0.41884279912111344
0.5039283633232117,101,299,14,354,0.8782608695652174,0.5421133231240429,0.45788667687595713,0.2525,0.9619565217391305,0.5208333333333334,0.7101870963446302,0.42037419268926035
0.5043386220932007,101,298,14,355,0.8782608695652174,0.5436447166921899,0.4563552833078101,0.2531328320802005,0.962059620596206,0.51953125,0.7109527931287036,0.42190558625740726
0.504822850227356,101,297,14,356,0.8782608695652174,0.5451761102603369,0.4548238897396631,0.2537688442211055,0.9621621621621622,0.5182291666666666,0.7117184899127771,0.42343697982555417
0.505321741104126,101,296,14,357,0.8782608695652174,0.5467075038284839,0.45329249617151607,0.25440806045340053,0.9622641509433962,0.5169270833333334,0.7124841866968507,0.4249683733937013
0.505358099937439,101,295,14,358,0.8782608695652174,0.5482388973966309,0.45176110260336905,0.255050505050505,0.9623655913978495,0.515625,0.7132498834809242,0.42649976696184844
0.505733847618103,100,295,15,358,0.8695652173913043,0.5482388973966309,0.45176110260336905,0.25316455696202533,0.9597855227882037,0.5143229166666666,0.7089020573939676,0.4178041147879352
0.5057557821273804,100,294,15,359,0.8695652173913043,0.5497702909647779,0.450229709035222,0.25380710659898476,0.9598930481283422,0.5130208333333334,0.7096677541780412,0.41933550835608235
0.5065920948982239,100,293,15,360,0.8695652173913043,0.5513016845329249,0.44869831546707506,0.2544529262086514,0.96,0.51171875,0.7104334509621146,0.42086690192422926
0.5073302388191223,100,292,15,361,0.8695652173913043,0.552833078101072,0.44716692189892804,0.25510204081632654,0.9601063829787234,0.5104166666666666,0.7111991477461881,0.4223982954923762
0.5083337426185608,100,291,15,362,0.8695652173913043,0.554364471669219,0.445635528330781,0.2557544757033248,0.9602122015915119,0.5091145833333334,0.7119648445302617,0.4239296890605233
0.5086768269538879,100,290,15,363,0.8695652173913043,0.555895865237366,0.444104134762634,0.2564102564102564,0.9603174603174603,0.5078125,0.7127305413143352,0.42546108262867044
0.5087028741836548,100,289,15,364,0.8695652173913043,0.557427258805513,0.442572741194487,0.2570694087403599,0.9604221635883905,0.5065104166666666,0.7134962380984087,0.42699247619681735
0.5087305903434753,100,288,15,365,0.8695652173913043,0.55895865237366,0.44104134762633995,0.25773195876288657,0.9605263157894737,0.5052083333333334,0.7142619348824821,0.42852386976496426
0.5087710618972778,100,287,15,366,0.8695652173913043,0.5604900459418071,0.43950995405819293,0.25839793281653745,0.9606299212598425,0.50390625,0.7150276316665557,0.4300552633331114
0.5094989538192749,100,286,15,367,0.8695652173913043,0.5620214395099541,0.43797856049004597,0.25906735751295334,0.9607329842931938,0.5026041666666666,0.7157933284506293,0.4315866569012585
0.5095692276954651,100,285,15,368,0.8695652173913043,0.5635528330781011,0.43644716692189894,0.2597402597402597,0.9608355091383812,0.5013020833333334,0.7165590252347027,0.43311805046940544
0.5098548531532288,100,284,15,369,0.8695652173913043,0.5650842266462481,0.4349157733537519,0.2604166666666667,0.9609375,0.5,0.7173247220187762,0.43464944403755235
0.5103237628936768,100,283,15,370,0.8695652173913043,0.5666156202143952,0.4333843797856049,0.26109660574412535,0.961038961038961,0.4986979166666667,0.7180904188028497,0.4361808376056995
0.5106989145278931,100,282,15,371,0.8695652173913043,0.5681470137825421,0.4318529862174579,0.2617801047120419,0.961139896373057,0.4973958333333333,0.7188561155869232,0.4377122311738464
0.510837972164154,100,281,15,372,0.8695652173913043,0.5696784073506891,0.43032159264931086,0.26246719160104987,0.9612403100775194,0.49609375,0.7196218123709968,0.4392436247419935
0.5111256837844849,100,280,15,373,0.8695652173913043,0.5712098009188361,0.42879019908116384,0.2631578947368421,0.961340206185567,0.4947916666666667,0.7203875091550702,0.44077501831014043
0.5111995339393616,100,279,15,374,0.8695652173913043,0.5727411944869831,0.42725880551301687,0.2638522427440633,0.961439588688946,0.4934895833333333,0.7211532059391437,0.44230641187828734
0.5113173127174377,100,278,15,375,0.8695652173913043,0.5742725880551302,0.42572741194486985,0.26455026455026454,0.9615384615384616,0.4921875,0.7219189027232172,0.4438378054464345
0.5117083787918091,100,277,15,376,0.8695652173913043,0.5758039816232772,0.4241960183767228,0.26525198938992045,0.9616368286445013,0.4908854166666667,0.7226845995072908,0.4453691990145816
0.5121343731880188,100,276,15,377,0.8695652173913043,0.5773353751914242,0.4226646248085758,0.26595744680851063,0.9617346938775511,0.4895833333333333,0.7234502962913643,0.4469005925827285
0.5126740336418152,100,275,15,378,0.8695652173913043,0.5788667687595712,0.4211332312404288,0.26666666666666666,0.9618320610687023,0.48828125,0.7242159930754377,0.44843198615087543
0.515471875667572,100,274,15,379,0.8695652173913043,0.5803981623277182,0.41960183767228176,0.26737967914438504,0.9619289340101523,0.4869791666666667,0.7249816898595113,0.44996337971902256
0.5155718922615051,99,274,16,379,0.8608695652173913,0.5803981623277182,0.41960183767228176,0.26541554959785524,0.959493670886076,0.4856770833333333,0.7206338637725548,0.44126772754510957
0.5156563520431519,99,273,16,380,0.8608695652173913,0.5819295558958653,0.41807044410413474,0.2661290322580645,0.9595959595959596,0.484375,0.7213995605566283,0.4427991211132567
0.5159806609153748,99,272,16,381,0.8608695652173913,0.5834609494640123,0.4165390505359878,0.2668463611859838,0.9596977329974811,0.4830729166666667,0.7221652573407018,0.4443305146814036
0.5161014199256897,99,271,16,382,0.8608695652173913,0.5849923430321593,0.41500765696784075,0.26756756756756755,0.9597989949748744,0.4817708333333333,0.7229309541247753,0.4458619082495505
0.5163602828979492,99,270,16,383,0.8608695652173913,0.5865237366003063,0.41347626339969373,0.2682926829268293,0.9598997493734336,0.48046875,0.7236966509088488,0.44739330181769765
0.5165704488754272,99,269,16,384,0.8608695652173913,0.5880551301684533,0.4119448698315467,0.26902173913043476,0.96,0.4791666666666667,0.7244623476929224,0.4489246953858448
0.5165991187095642,98,269,17,384,0.8521739130434782,0.5880551301684533,0.4119448698315467,0.2670299727520436,0.9576059850374065,0.4778645833333333,0.7201145216059658,0.44022904321193157
0.5173658132553101,98,268,17,385,0.8521739130434782,0.5895865237366003,0.4104134762633997,0.2677595628415301,0.9577114427860697,0.4765625,0.7208802183900392,0.4417604367800785
0.5177732706069946,98,267,17,386,0.8521739130434782,0.5911179173047473,0.40888208269525267,0.2684931506849315,0.9578163771712159,0.4752604166666667,0.7216459151741128,0.4432918303482256
0.5180132985115051,98,266,17,387,0.8521739130434782,0.5926493108728943,0.40735068912710565,0.2692307692307692,0.9579207920792079,0.4739583333333333,0.7224116119581863,0.4448232239163725
0.51836097240448,97,266,18,387,0.8434782608695652,0.5926493108728943,0.40735068912710565,0.26721763085399447,0.9555555555555556,0.47265625,0.7180637858712298,0.43612757174245953
0.5184663534164429,97,265,18,388,0.8434782608695652,0.5941807044410413,0.4058192955589586,0.26795580110497236,0.9556650246305419,0.4713541666666667,0.7188294826553032,0.43765896531060644
0.5186342597007751,97,264,18,389,0.8434782608695652,0.5957120980091883,0.40428790199081166,0.26869806094182824,0.9557739557739557,0.4700520833333333,0.7195951794393768,0.4391903588787536
0.5188462138175964,97,263,18,390,0.8434782608695652,0.5972434915773354,0.40275650842266464,0.26944444444444443,0.9558823529411765,0.46875,0.7203608762234504,0.4407217524469007
0.5195779204368591,97,262,18,391,0.8434782608695652,0.5987748851454824,0.4012251148545176,0.27019498607242337,0.9559902200488998,0.4674479166666667,0.7211265730075238,0.4422531460150476
0.5208379626274109,97,261,18,392,0.8434782608695652,0.6003062787136294,0.3996937212863706,0.2709497206703911,0.9560975609756097,0.4661458333333333,0.7218922697915973,0.4437845395831945
0.5209572315216064,97,260,18,393,0.8434782608695652,0.6018376722817764,0.3981623277182236,0.27170868347338933,0.9562043795620438,0.46484375,0.7226579665756708,0.44531593315134166
0.5211527347564697,96,260,19,393,0.8347826086956521,0.6018376722817764,0.3981623277182236,0.2696629213483146,0.9538834951456311,0.4635416666666667,0.7183101404887142,0.43662028097742844
0.5224114060401917,96,259,19,394,0.8347826086956521,0.6033690658499234,0.39663093415007655,0.2704225352112676,0.9539951573849879,0.4622395833333333,0.7190758372727878,0.4381516745455756
0.5231945514678955,96,258,19,395,0.8347826086956521,0.6049004594180705,0.39509954058192953,0.2711864406779661,0.9541062801932367,0.4609375,0.7198415340568614,0.4396830681137227
0.5234208106994629,96,257,19,396,0.8347826086956521,0.6064318529862175,0.39356814701378257,0.2719546742209632,0.9542168674698795,0.4596354166666667,0.7206072308409348,0.4412144616818696
0.5235830545425415,96,256,19,397,0.8347826086956521,0.6079632465543645,0.39203675344563554,0.2727272727272727,0.9543269230769231,0.4583333333333333,0.7213729276250083,0.44274585525001653
0.5244302153587341,96,255,19,398,0.8347826086956521,0.6094946401225115,0.3905053598774885,0.27350427350427353,0.9544364508393285,0.45703125,0.7221386244090818,0.44427724881816366
0.5245038270950317,96,254,19,399,0.8347826086956521,0.6110260336906586,0.3889739663093415,0.2742857142857143,0.9545454545454546,0.4557291666666667,0.7229043211931554,0.4458086423863108
0.5250172019004822,96,253,19,400,0.8347826086956521,0.6125574272588055,0.3874425727411945,0.27507163323782235,0.954653937947494,0.4544270833333333,0.7236700179772289,0.4473400359544577
0.5257613062858582,96,252,19,401,0.8347826086956521,0.6140888208269525,0.38591117917304746,0.27586206896551724,0.9547619047619048,0.453125,0.7244357147613023,0.4488714295226046
0.5259253978729248,95,252,20,401,0.8260869565217391,0.6140888208269525,0.38591117917304746,0.2737752161383285,0.9524940617577197,0.4518229166666667,0.7200878886743458,0.4401757773486916
0.5259636640548706,95,251,20,402,0.8260869565217391,0.6156202143950995,0.38437978560490044,0.2745664739884393,0.95260663507109,0.4505208333333333,0.7208535854584193,0.44170717091683853
0.526354193687439,95,250,20,403,0.8260869565217391,0.6171516079632465,0.38284839203675347,0.2753623188405797,0.9527186761229315,0.44921875,0.7216192822424928,0.44323856448498566
0.527134358882904,95,249,20,404,0.8260869565217391,0.6186830015313936,0.38131699846860645,0.2761627906976744,0.9528301886792453,0.4479166666666667,0.7223849790265664,0.4447699580531328
0.527185320854187,95,248,20,405,0.8260869565217391,0.6202143950995406,0.37978560490045943,0.27696793002915454,0.9529411764705882,0.4466145833333333,0.7231506758106399,0.4463013516212797
0.5277358293533325,95,247,20,406,0.8260869565217391,0.6217457886676876,0.3782542113323124,0.2777777777777778,0.9530516431924883,0.4453125,0.7239163725947133,0.4478327451894266
0.527798056602478,95,246,20,407,0.8260869565217391,0.6232771822358346,0.3767228177641654,0.2785923753665689,0.9531615925058547,0.4440104166666667,0.7246820693787869,0.44936413875757375
0.5281119346618652,95,245,20,408,0.8260869565217391,0.6248085758039816,0.37519142419601836,0.27941176470588236,0.9532710280373832,0.4427083333333333,0.7254477661628604,0.4508955323257209
0.528842568397522,95,244,20,409,0.8260869565217391,0.6263399693721287,0.37366003062787134,0.28023598820059,0.9533799533799534,0.44140625,0.7262134629469339,0.4524269258938678
0.5289693474769592,94,244,21,409,0.8173913043478261,0.6263399693721287,0.37366003062787134,0.2781065088757396,0.9511627906976744,0.4401041666666667,0.7218656368599774,0.4437312737199548
0.5290168523788452,94,243,21,410,0.8173913043478261,0.6278713629402757,0.3721286370597244,0.2789317507418398,0.951276102088167,0.4388020833333333,0.7226313336440509,0.4452626672881017
0.5295275449752808,93,243,22,410,0.808695652173913,0.6278713629402757,0.3721286370597244,0.2767857142857143,0.9490740740740741,0.4375,0.7182835075570944,0.4365670151141887
0.53118497133255,93,242,22,411,0.808695652173913,0.6294027565084227,0.37059724349157736,0.27761194029850744,0.9491916859122402,0.4361979166666667,0.7190492043411678,0.4380984086823356
0.5312358736991882,92,242,23,411,0.8,0.6294027565084227,0.37059724349157736,0.2754491017964072,0.9470046082949308,0.4348958333333333,0.7147013782542113,0.42940275650842263
0.5313608646392822,91,242,24,411,0.7913043478260869,0.6294027565084227,0.37059724349157736,0.2732732732732733,0.9448275862068966,0.43359375,0.7103535521672548,0.42070710433450964
0.5316181778907776,91,241,24,412,0.7913043478260869,0.6309341500765697,0.36906584992343033,0.2740963855421687,0.944954128440367,0.4322916666666667,0.7111192489513283,0.42223849790265655
0.5318650603294373,91,240,24,413,0.7913043478260869,0.6324655436447167,0.3675344563552833,0.27492447129909364,0.9450800915331807,0.4309895833333333,0.7118849457354018,0.4237698914708037
0.5324123501777649,90,240,25,413,0.782608695652174,0.6324655436447167,0.3675344563552833,0.2727272727272727,0.9429223744292238,0.4296875,0.7075371196484453,0.4150742392968907
0.5331331491470337,90,239,25,414,0.782608695652174,0.6339969372128637,0.3660030627871363,0.2735562310030395,0.9430523917995444,0.4283854166666667,0.7083028164325188,0.4166056328650376
0.5338959097862244,90,238,25,415,0.782608695652174,0.6355283307810107,0.36447166921898927,0.27439024390243905,0.9431818181818182,0.4270833333333333,0.7090685132165924,0.41813702643318473
0.5340782999992371,90,237,25,416,0.782608695652174,0.6370597243491577,0.36294027565084225,0.27522935779816515,0.9433106575963719,0.42578125,0.7098342100006658,0.41966842000133164
0.534842312335968,90,236,25,417,0.782608695652174,0.6385911179173047,0.3614088820826952,0.27607361963190186,0.9434389140271493,0.4244791666666667,0.7105999067847393,0.42119981356947855
0.5351454019546509,90,235,25,418,0.782608695652174,0.6401225114854517,0.35987748851454826,0.27692307692307694,0.9435665914221218,0.4231770833333333,0.7113656035688128,0.4227312071376257
0.5351711511611938,90,234,25,419,0.782608695652174,0.6416539050535988,0.35834609494640124,0.2777777777777778,0.9436936936936937,0.421875,0.7121313003528864,0.4242626007057728
0.5351959466934204,89,234,26,419,0.7739130434782608,0.6416539050535988,0.35834609494640124,0.2755417956656347,0.9415730337078652,0.4205729166666667,0.7077834742659298,0.4155669485318596
0.5354834198951721,89,233,26,420,0.7739130434782608,0.6431852986217458,0.3568147013782542,0.27639751552795033,0.9417040358744395,0.4192708333333333,0.7085491710500034,0.41709834210000674
0.5356103181838989,89,232,26,421,0.7739130434782608,0.6447166921898928,0.3552833078101072,0.2772585669781931,0.941834451901566,0.41796875,0.7093148678340768,0.41862973566815365
0.5358649492263794,89,231,26,422,0.7739130434782608,0.6462480857580398,0.3537519142419602,0.278125,0.9419642857142857,0.4166666666666667,0.7100805646181503,0.42016112923630056
0.5364483594894409,88,231,27,422,0.7652173913043478,0.6462480857580398,0.3537519142419602,0.27586206896551724,0.9398663697104677,0.4153645833333333,0.7057327385311938,0.41146547706238756
0.5367258191108704,87,231,28,422,0.7565217391304347,0.6462480857580398,0.3537519142419602,0.27358490566037735,0.9377777777777778,0.4140625,0.7013849124442373,0.40276982488847457
0.5370181798934937,86,231,29,422,0.7478260869565218,0.6462480857580398,0.3537519142419602,0.27129337539432175,0.9356984478935698,0.4127604166666667,0.6970370863572808,0.3940741727145616
0.5386261343955994,86,230,29,423,0.7478260869565218,0.6477794793261868,0.35222052067381315,0.2721518987341772,0.9358407079646017,0.4114583333333333,0.6978027831413542,0.3956055662827085
0.5393784642219543,86,229,29,424,0.7478260869565218,0.6493108728943339,0.35068912710566613,0.273015873015873,0.9359823399558499,0.41015625,0.6985684799254278,0.3971369598508556
0.5398433804512024,86,228,29,425,0.7478260869565218,0.6508422664624809,0.34915773353751917,0.27388535031847133,0.9361233480176211,0.4088541666666667,0.6993341767095014,0.39866835341900275
0.5403238534927368,86,227,29,426,0.7478260869565218,0.6523736600306279,0.34762633996937214,0.2747603833865815,0.9362637362637363,0.4075520833333333,0.7000998734935748,0.40019974698714966
0.5406240224838257,86,226,29,427,0.7478260869565218,0.6539050535987749,0.3460949464012251,0.27564102564102566,0.9364035087719298,0.40625,0.7008655702776483,0.4017311405552966
0.5407539010047913,85,226,30,427,0.7391304347826086,0.6539050535987749,0.3460949464012251,0.2733118971061093,0.9343544857768052,0.4049479166666667,0.6965177441906918,0.3930354883813836
0.540773868560791,85,225,30,428,0.7391304347826086,0.655436447166922,0.3445635528330781,0.27419354838709675,0.9344978165938864,0.4036458333333333,0.6972834409747652,0.3945668819495305
0.541568398475647,85,224,30,429,0.7391304347826086,0.6569678407350689,0.3430321592649311,0.2750809061488673,0.934640522875817,0.40234375,0.6980491377588387,0.3960982755176774
0.5418696403503418,84,224,31,429,0.7304347826086957,0.6569678407350689,0.3430321592649311,0.2727272727272727,0.9326086956521739,0.4010416666666667,0.6937013116718822,0.3874026233437644
0.5422501564025879,84,223,31,430,0.7304347826086957,0.6584992343032159,0.34150076569678406,0.2736156351791531,0.9327548806941431,0.3997395833333333,0.6944670084559558,0.38893401691191154
0.542638897895813,84,222,31,431,0.7304347826086957,0.6600306278713629,0.33996937212863704,0.27450980392156865,0.9329004329004329,0.3984375,0.6952327052400293,0.3904654104800587
0.5433906316757202,84,221,31,432,0.7304347826086957,0.6615620214395099,0.33843797856049007,0.2754098360655738,0.9330453563714903,0.3971354166666667,0.6959984020241028,0.3919968040482056
0.5435065627098083,84,220,31,433,0.7304347826086957,0.663093415007657,0.33690658499234305,0.27631578947368424,0.9331896551724138,0.3958333333333333,0.6967640988081762,0.3935281976163525
0.5438405275344849,84,219,31,434,0.7304347826086957,0.664624808575804,0.33537519142419603,0.27722772277227725,0.9333333333333333,0.39453125,0.6975297955922498,0.3950595911844996
0.5438414216041565,84,218,31,435,0.7304347826086957,0.666156202143951,0.333843797856049,0.2781456953642384,0.9334763948497854,0.3932291666666667,0.6982954923763234,0.39659098475264676
0.5445867776870728,84,217,31,436,0.7304347826086957,0.667687595712098,0.332312404287902,0.27906976744186046,0.9336188436830836,0.3919270833333333,0.6990611891603968,0.39812237832079367
0.545724630355835,84,216,31,437,0.7304347826086957,0.669218989280245,0.33078101071975496,0.28,0.9337606837606838,0.390625,0.6998268859444703,0.3996537718889406
0.5461767911911011,84,215,31,438,0.7304347826086957,0.6707503828483921,0.32924961715160794,0.2809364548494983,0.9339019189765458,0.3893229166666667,0.7005925827285439,0.4011851654570877
0.5462145209312439,84,214,31,439,0.7304347826086957,0.6722817764165391,0.327718223583461,0.28187919463087246,0.9340425531914893,0.3880208333333333,0.7013582795126174,0.40271655902523484
0.546341061592102,84,213,31,440,0.7304347826086957,0.6738131699846861,0.32618683001531396,0.2828282828282828,0.9341825902335457,0.38671875,0.7021239762966909,0.40424795259338175
0.5467829704284668,84,212,31,441,0.7304347826086957,0.6753445635528331,0.32465543644716693,0.28378378378378377,0.934322033898305,0.3854166666666667,0.7028896730807643,0.40577934616152866
0.5473290085792542,84,211,31,442,0.7304347826086957,0.6768759571209801,0.3231240428790199,0.2847457627118644,0.9344608879492601,0.3841145833333333,0.7036553698648379,0.4073107397296758
0.547650933265686,84,210,31,443,0.7304347826086957,0.678407350689127,0.3215926493108729,0.2857142857142857,0.9345991561181435,0.3828125,0.7044210666489114,0.4088421332978227
0.5477150678634644,83,210,32,443,0.7217391304347827,0.678407350689127,0.3215926493108729,0.2832764505119454,0.9326315789473684,0.3815104166666667,0.7000732405619549,0.4001464811239097
0.547921895980835,82,210,33,443,0.7130434782608696,0.678407350689127,0.3215926493108729,0.2808219178082192,0.930672268907563,0.3802083333333333,0.6957254144749982,0.3914508289499965
0.5483450889587402,82,209,33,444,0.7130434782608696,0.6799387442572741,0.32006125574272587,0.281786941580756,0.9308176100628931,0.37890625,0.6964911112590718,0.39298222251814363
0.5495702028274536,82,208,33,445,0.7130434782608696,0.6814701378254211,0.31852986217457885,0.2827586206896552,0.9309623430962343,0.3776041666666667,0.6972568080431454,0.39451361608629076
0.5497270226478577,81,208,34,445,0.7043478260869566,0.6814701378254211,0.31852986217457885,0.28027681660899656,0.9290187891440501,0.3763020833333333,0.6929089819561889,0.38581796391237777
0.5499082803726196,80,208,35,445,0.6956521739130435,0.6814701378254211,0.31852986217457885,0.2777777777777778,0.9270833333333334,0.375,0.6885611558692323,0.37712231173846456
0.5507447123527527,80,207,35,446,0.6956521739130435,0.6830015313935681,0.3169984686064318,0.2787456445993031,0.9272349272349273,0.3736979166666667,0.6893268526533058,0.3786537053066117
0.551193356513977,80,206,35,447,0.6956521739130435,0.6845329249617151,0.31546707503828486,0.27972027972027974,0.9273858921161826,0.3723958333333333,0.6900925494373793,0.3801850988747586
0.5518404245376587,80,205,35,448,0.6956521739130435,0.6860643185298622,0.31393568147013784,0.2807017543859649,0.927536231884058,0.37109375,0.6908582462214528,0.3817164924429055
0.5519862771034241,79,205,36,448,0.6869565217391305,0.6860643185298622,0.31393568147013784,0.27816901408450706,0.9256198347107438,0.3697916666666667,0.6865104201344963,0.3730208402689925
0.552476704120636,78,205,37,448,0.6782608695652174,0.6860643185298622,0.31393568147013784,0.2756183745583039,0.9237113402061856,0.3684895833333333,0.6821625940475398,0.3643251880950795
0.5525255799293518,78,204,37,449,0.6782608695652174,0.6875957120980092,0.3124042879019908,0.2765957446808511,0.9238683127572016,0.3671875,0.6829282908316132,0.36585658166322643
0.5526317358016968,77,204,38,449,0.6695652173913044,0.6875957120980092,0.3124042879019908,0.27402135231316727,0.9219712525667351,0.3658854166666667,0.6785804647446567,0.35716092948931344
0.5528033375740051,77,203,38,450,0.6695652173913044,0.6891271056661562,0.3108728943338438,0.275,0.9221311475409836,0.3645833333333333,0.6793461615287303,0.35869232305746057
0.5534024238586426,77,202,38,451,0.6695652173913044,0.6906584992343032,0.3093415007656968,0.27598566308243727,0.9222903885480572,0.36328125,0.6801118583128039,0.3602237166256077
0.5534061193466187,76,202,39,451,0.6608695652173913,0.6906584992343032,0.3093415007656968,0.2733812949640288,0.9204081632653062,0.3619791666666667,0.6757640322258472,0.3515280644516945
0.5537235736846924,76,201,39,452,0.6608695652173913,0.6921898928024502,0.30781010719754975,0.2743682310469314,0.9205702647657841,0.3606770833333333,0.6765297290099208,0.3530594580198416
0.5540347695350647,75,201,40,452,0.6521739130434783,0.6921898928024502,0.30781010719754975,0.2717391304347826,0.9186991869918699,0.359375,0.6721819029229643,0.3443638058459286
0.5540611147880554,74,201,41,452,0.6434782608695652,0.6921898928024502,0.30781010719754975,0.2690909090909091,0.9168356997971603,0.3580729166666667,0.6678340768360077,0.3356681536720154
0.5547531843185425,74,200,41,453,0.6434782608695652,0.6937212863705973,0.30627871362940273,0.27007299270072993,0.917004048582996,0.3567708333333333,0.6685997736200813,0.33719954724016254
0.5548228621482849,74,199,41,454,0.6434782608695652,0.6952526799387443,0.30474732006125577,0.27106227106227104,0.9171717171717172,0.35546875,0.6693654704041547,0.33873094080830946
0.5549201369285583,74,198,41,455,0.6434782608695652,0.6967840735068913,0.30321592649310875,0.27205882352941174,0.9173387096774194,0.3541666666666667,0.6701311671882282,0.34026233437645637
0.5556346774101257,74,197,41,456,0.6434782608695652,0.6983154670750383,0.3016845329249617,0.2730627306273063,0.9175050301810865,0.3528645833333333,0.6708968639723017,0.3417937279446035
0.555951714515686,74,196,41,457,0.6434782608695652,0.6998468606431854,0.3001531393568147,0.2740740740740741,0.9176706827309237,0.3515625,0.6716625607563753,0.34332512151275063
0.5560867786407471,73,196,42,457,0.6347826086956522,0.6998468606431854,0.3001531393568147,0.27137546468401486,0.9158316633266533,0.3502604166666667,0.6673147346694188,0.33462946933883764
0.5570459961891174,73,195,42,458,0.6347826086956522,0.7013782542113323,0.2986217457886677,0.27238805970149255,0.916,0.3489583333333333,0.6680804314534923,0.33616086290698455
0.5573773980140686,73,194,42,459,0.6347826086956522,0.7029096477794793,0.29709035222052066,0.27340823970037453,0.9161676646706587,0.34765625,0.6688461282375657,0.33769225647513146
0.5578649044036865,73,193,42,460,0.6347826086956522,0.7044410413476263,0.29555895865237364,0.2744360902255639,0.9163346613545816,0.3463541666666667,0.6696118250216392,0.33922365004327837
0.5580593943595886,73,192,42,461,0.6347826086956522,0.7059724349157733,0.29402756508422667,0.27547169811320754,0.9165009940357853,0.3450520833333333,0.6703775218057128,0.3407550436114255
0.5582482218742371,73,191,42,462,0.6347826086956522,0.7075038284839203,0.29249617151607965,0.2765151515151515,0.9166666666666666,0.34375,0.6711432185897863,0.34228643717957263
0.5586554408073425,73,190,42,463,0.6347826086956522,0.7090352220520674,0.29096477794793263,0.27756653992395436,0.9168316831683169,0.3424479166666667,0.6719089153738598,0.34381783074771954
0.5586892366409302,73,189,42,464,0.6347826086956522,0.7105666156202144,0.2894333843797856,0.2786259541984733,0.9169960474308301,0.3411458333333333,0.6726746121579332,0.34534922431586645
0.5587026476860046,73,188,42,465,0.6347826086956522,0.7120980091883614,0.2879019908116386,0.2796934865900383,0.9171597633136095,0.33984375,0.6734403089420068,0.3468806178840136
0.5589624643325806,73,187,42,466,0.6347826086956522,0.7136294027565084,0.28637059724349156,0.28076923076923077,0.9173228346456693,0.3385416666666667,0.6742060057260804,0.3484120114521607
0.5589646100997925,72,187,43,466,0.6260869565217392,0.7136294027565084,0.28637059724349156,0.277992277992278,0.9155206286836935,0.3372395833333333,0.6698581796391239,0.3397163592782477
0.5589906573295593,72,186,43,467,0.6260869565217392,0.7151607963246555,0.28483920367534454,0.27906976744186046,0.9156862745098039,0.3359375,0.6706238764231973,0.34124775284639464
0.5591412782669067,72,185,43,468,0.6260869565217392,0.7166921898928025,0.2833078101071976,0.2801556420233463,0.9158512720156555,0.3346354166666667,0.6713895732072708,0.34277914641454155
0.5597290396690369,72,184,43,469,0.6260869565217392,0.7182235834609495,0.28177641653905056,0.28125,0.916015625,0.3333333333333333,0.6721552699913443,0.3443105399826887
0.559916615486145,72,183,43,470,0.6260869565217392,0.7197549770290965,0.28024502297090353,0.2823529411764706,0.9161793372319688,0.33203125,0.6729209667754179,0.3458419335508358
0.5603711009025574,72,182,43,471,0.6260869565217392,0.7212863705972435,0.2787136294027565,0.28346456692913385,0.9163424124513618,0.3307291666666667,0.6736866635594914,0.3473733271189827
0.5609679222106934,72,181,43,472,0.6260869565217392,0.7228177641653905,0.2771822358346095,0.2845849802371542,0.916504854368932,0.3294270833333333,0.6744523603435648,0.34890472068712963
0.5611051321029663,72,180,43,473,0.6260869565217392,0.7243491577335375,0.27565084226646247,0.2857142857142857,0.9166666666666666,0.328125,0.6752180571276383,0.35043611425527654
0.5618735551834106,71,180,44,473,0.6173913043478261,0.7243491577335375,0.27565084226646247,0.28286852589641437,0.9148936170212766,0.3268229166666667,0.6708702310406818,0.34174046208136355
0.5619853734970093,71,179,44,474,0.6173913043478261,0.7258805513016845,0.27411944869831545,0.284,0.915057915057915,0.3255208333333333,0.6716359278247552,0.34327185564951046
0.5621365904808044,71,178,44,475,0.6173913043478261,0.7274119448698315,0.2725880551301684,0.285140562248996,0.9152215799614644,0.32421875,0.6724016246088288,0.3448032492176576
0.5629310607910156,71,177,44,476,0.6173913043478261,0.7289433384379785,0.27105666156202146,0.2862903225806452,0.9153846153846154,0.3229166666666667,0.6731673213929024,0.3463346427858047
0.5632033348083496,71,176,44,477,0.6173913043478261,0.7304747320061256,0.26952526799387444,0.2874493927125506,0.9155470249520153,0.3216145833333333,0.6739330181769758,0.34786603635395164
0.5647659301757812,70,176,45,477,0.6086956521739131,0.7304747320061256,0.26952526799387444,0.2845528455284553,0.9137931034482759,0.3203125,0.6695851920900193,0.33917038418003864
0.5654035806655884,70,175,45,478,0.6086956521739131,0.7320061255742726,0.2679938744257274,0.2857142857142857,0.9139579349904398,0.3190104166666667,0.6703508888740928,0.34070177774818555
0.5654582977294922,70,174,45,479,0.6086956521739131,0.7335375191424196,0.2664624808575804,0.28688524590163933,0.9141221374045801,0.3177083333333333,0.6711165856581663,0.3422331713163327
0.566490650177002,70,173,45,480,0.6086956521739131,0.7350689127105666,0.2649310872894334,0.2880658436213992,0.9142857142857143,0.31640625,0.6718822824422399,0.3437645648844798
0.5668196082115173,69,173,46,480,0.6,0.7350689127105666,0.2649310872894334,0.28512396694214875,0.9125475285171103,0.3151041666666667,0.6675344563552833,0.3350689127105666
0.5668665766716003,69,172,46,481,0.6,0.7366003062787136,0.26339969372128635,0.2863070539419087,0.9127134724857685,0.3138020833333333,0.6683001531393569,0.33660030627871373
0.5670776963233948,69,171,46,482,0.6,0.7381316998468607,0.26186830015313933,0.2875,0.9128787878787878,0.3125,0.6690658499234303,0.33813169984686064
0.5673424005508423,69,170,46,483,0.6,0.7396630934150077,0.26033690658499237,0.28870292887029286,0.9130434782608695,0.3111979166666667,0.6698315467075038,0.33966309341500756
0.5679107308387756,69,169,46,484,0.6,0.7411944869831547,0.25880551301684535,0.28991596638655465,0.9132075471698113,0.3098958333333333,0.6705972434915773,0.3411944869831547
0.5682946443557739,69,168,46,485,0.6,0.7427258805513017,0.2572741194486983,0.2911392405063291,0.9133709981167608,0.30859375,0.6713629402756509,0.3427258805513018
0.568330705165863,69,167,46,486,0.6,0.7442572741194488,0.2557427258805513,0.2923728813559322,0.9135338345864662,0.3072916666666667,0.6721286370597244,0.34425727411944873
0.5684589743614197,68,167,47,486,0.591304347826087,0.7442572741194488,0.2557427258805513,0.28936170212765955,0.9118198874296435,0.3059895833333333,0.6677808109727679,0.33556162194553574
0.568472146987915,68,166,47,487,0.591304347826087,0.7457886676875957,0.2542113323124043,0.2905982905982906,0.9119850187265918,0.3046875,0.6685465077568413,0.33709301551368265
0.5686440467834473,68,165,47,488,0.591304347826087,0.7473200612557427,0.25267993874425726,0.2918454935622318,0.9121495327102803,0.3033854166666667,0.6693122045409148,0.33862440908182956
0.5687898993492126,68,164,47,489,0.591304347826087,0.7488514548238897,0.25114854517611024,0.29310344827586204,0.9123134328358209,0.3020833333333333,0.6700779013249883,0.3401558026499767
0.5693234205245972,68,163,47,490,0.591304347826087,0.7503828483920367,0.24961715160796324,0.2943722943722944,0.9124767225325885,0.30078125,0.6708435981090619,0.3416871962181238
0.5699249505996704,68,162,47,491,0.591304347826087,0.7519142419601837,0.24808575803981622,0.2956521739130435,0.912639405204461,0.2994791666666667,0.6716092948931354,0.34321858978627073
0.5700833797454834,68,161,47,492,0.591304347826087,0.7534456355283308,0.24655436447166923,0.29694323144104806,0.9128014842300557,0.2981770833333333,0.6723749916772088,0.34474998335441764
0.5701267719268799,68,160,47,493,0.591304347826087,0.7549770290964778,0.2450229709035222,0.2982456140350877,0.912962962962963,0.296875,0.6731406884612824,0.3462813769225648
0.5709217190742493,68,159,47,494,0.591304347826087,0.7565084226646248,0.2434915773353752,0.29955947136563876,0.9131238447319778,0.2955729166666667,0.673906385245356,0.3478127704907119
0.5716451406478882,68,158,47,495,0.591304347826087,0.7580398162327718,0.24196018376722817,0.3008849557522124,0.9132841328413284,0.2942708333333333,0.6746720820294294,0.3493441640588588
0.5718429088592529,68,157,47,496,0.591304347826087,0.7595712098009189,0.24042879019908117,0.3022222222222222,0.9134438305709024,0.29296875,0.6754377788135029,0.35087555762700573
0.5719386339187622,67,157,48,496,0.5826086956521739,0.7595712098009189,0.24042879019908117,0.29910714285714285,0.9117647058823529,0.2916666666666667,0.6710899527265464,0.34217990545309274
0.5728471875190735,66,157,49,496,0.5739130434782609,0.7595712098009189,0.24042879019908117,0.29596412556053814,0.9100917431192661,0.2903645833333333,0.6667421266395899,0.33348425327917974
0.5730851292610168,65,157,50,496,0.5652173913043478,0.7595712098009189,0.24042879019908117,0.2927927927927928,0.9084249084249084,0.2890625,0.6623943005526334,0.32478860110526675
0.5738161206245422,65,156,50,497,0.5652173913043478,0.7611026033690659,0.23889739663093415,0.29411764705882354,0.9085923217550275,0.2877604166666667,0.6631599973367068,0.32631999467341366
0.5738995671272278,65,155,50,498,0.5652173913043478,0.7626339969372129,0.23736600306278713,0.29545454545454547,0.9087591240875912,0.2864583333333333,0.6639256941207803,0.32785138824156057
0.5746275186538696,64,155,51,498,0.5565217391304348,0.7626339969372129,0.23736600306278713,0.2922374429223744,0.907103825136612,0.28515625,0.6595778680338238,0.3191557360676476
0.5752586722373962,64,154,51,499,0.5565217391304348,0.7641653905053599,0.23583460949464014,0.29357798165137616,0.9072727272727272,0.2838541666666667,0.6603435648178974,0.3206871296357947
0.5753163695335388,64,153,51,500,0.5565217391304348,0.7656967840735069,0.2343032159264931,0.29493087557603687,0.9074410163339383,0.2825520833333333,0.6611092616019709,0.32221852320394184
0.5760616064071655,64,152,51,501,0.5565217391304348,0.7672281776416539,0.2327718223583461,0.2962962962962963,0.907608695652174,0.28125,0.6618749583860444,0.32374991677208875
0.5763994455337524,64,151,51,502,0.5565217391304348,0.7687595712098009,0.23124042879019907,0.29767441860465116,0.9077757685352622,0.2799479166666667,0.6626406551701178,0.32528131034023566
0.5769491195678711,64,150,51,503,0.5565217391304348,0.7702909647779479,0.22970903522205208,0.29906542056074764,0.907942238267148,0.2786458333333333,0.6634063519541913,0.3268127039083826
0.5769951939582825,63,150,52,503,0.5478260869565217,0.7702909647779479,0.22970903522205208,0.29577464788732394,0.9063063063063063,0.27734375,0.6590585258672348,0.3181170517344696
0.577218234539032,63,149,52,504,0.5478260869565217,0.7718223583460949,0.22817764165390506,0.2971698113207547,0.9064748201438849,0.2760416666666667,0.6598242226513082,0.3196484453026165
0.5775953531265259,62,149,53,504,0.5391304347826087,0.7718223583460949,0.22817764165390506,0.2938388625592417,0.9048473967684022,0.2747395833333333,0.6554763965643517,0.3109527931287035
0.5776115655899048,62,148,53,505,0.5391304347826087,0.7733537519142419,0.22664624808575803,0.29523809523809524,0.9050179211469535,0.2734375,0.6562420933484253,0.31248418669685063
0.5777950882911682,62,147,53,506,0.5391304347826087,0.774885145482389,0.225114854517611,0.2966507177033493,0.9051878354203936,0.2721354166666667,0.6570077901324989,0.31401558026499776
0.5778566598892212,62,146,53,507,0.5391304347826087,0.776416539050536,0.22358346094946402,0.2980769230769231,0.9053571428571429,0.2708333333333333,0.6577734869165723,0.3155469738331447
0.5793192386627197,62,145,53,508,0.5391304347826087,0.777947932618683,0.222052067381317,0.2995169082125604,0.9055258467023173,0.26953125,0.6585391837006458,0.3170783674012916
0.5794895887374878,61,145,54,508,0.5304347826086957,0.777947932618683,0.222052067381317,0.2961165048543689,0.9039145907473309,0.2682291666666667,0.6541913576136893,0.3083827152273786
0.5796893835067749,61,144,54,509,0.5304347826086957,0.77947932618683,0.22052067381316998,0.2975609756097561,0.9040852575488455,0.2669270833333333,0.6549570543977629,0.3099141087955257
0.5799345970153809,61,143,54,510,0.5304347826086957,0.781010719754977,0.21898928024502298,0.29901960784313725,0.9042553191489362,0.265625,0.6557227511818364,0.31144550236367285
0.580001711845398,60,143,55,510,0.5217391304347826,0.781010719754977,0.21898928024502298,0.2955665024630542,0.9026548672566371,0.2643229166666667,0.6513749250948798,0.30274985018975964
0.5802819728851318,60,142,55,511,0.5217391304347826,0.7825421133231241,0.21745788667687596,0.297029702970297,0.9028268551236749,0.2630208333333333,0.6521406218789534,0.30428124375790677
0.580816388130188,60,141,55,512,0.5217391304347826,0.7840735068912711,0.21592649310872894,0.29850746268656714,0.9029982363315696,0.26171875,0.6529063186630268,0.3058126373260537
0.5819069743156433,60,140,55,513,0.5217391304347826,0.7856049004594181,0.21439509954058192,0.3,0.903169014084507,0.2604166666666667,0.6536720154471003,0.3073440308942006
0.581908106803894,60,139,55,514,0.5217391304347826,0.7871362940275651,0.21286370597243492,0.3015075376884422,0.9033391915641477,0.2591145833333333,0.6544377122311739,0.3088754244623477
0.5819810628890991,60,138,55,515,0.5217391304347826,0.7886676875957122,0.2113323124042879,0.30303030303030304,0.9035087719298246,0.2578125,0.6552034090152474,0.31040681803049486
0.5832548141479492,60,137,55,516,0.5217391304347826,0.7901990811638591,0.20980091883614088,0.30456852791878175,0.9036777583187391,0.2565104166666667,0.6559691057993209,0.31193821159864177
0.5833449959754944,60,136,55,517,0.5217391304347826,0.7917304747320061,0.2082695252679939,0.30612244897959184,0.9038461538461539,0.2552083333333333,0.6567348025833943,0.3134696051667887
0.5833826661109924,59,136,56,517,0.5130434782608696,0.7917304747320061,0.2082695252679939,0.30256410256410254,0.9022687609075044,0.25390625,0.6523869764964378,0.3047739529928757
0.5841799974441528,58,136,57,517,0.5043478260869565,0.7917304747320061,0.2082695252679939,0.29896907216494845,0.9006968641114983,0.2526041666666667,0.6480391504094813,0.2960783008189627
0.5852480530738831,57,136,58,517,0.4956521739130435,0.7917304747320061,0.2082695252679939,0.29533678756476683,0.8991304347826087,0.2513020833333333,0.6436913243225248,0.2873826486450497
0.5863412022590637,56,136,59,517,0.48695652173913045,0.7917304747320061,0.2082695252679939,0.2916666666666667,0.8975694444444444,0.25,0.6393434982355682,0.2786869964711365
0.5865749716758728,56,135,59,518,0.48695652173913045,0.7932618683001531,0.20673813169984687,0.2931937172774869,0.8977469670710572,0.24869791666666666,0.6401091950196418,0.2802183900392836
0.5867133140563965,55,135,60,518,0.4782608695652174,0.7932618683001531,0.20673813169984687,0.2894736842105263,0.8961937716262975,0.24739583333333334,0.6357613689326853,0.2715227378653706
0.5868311524391174,55,134,60,519,0.4782608695652174,0.7947932618683001,0.20520673813169985,0.291005291005291,0.8963730569948186,0.24609375,0.6365270657167588,0.27305413143351753
0.5868955254554749,54,134,61,519,0.46956521739130436,0.7947932618683001,0.20520673813169985,0.2872340425531915,0.8948275862068965,0.24479166666666666,0.6321792396298023,0.26435847925960454
0.5877141356468201,53,134,62,519,0.4608695652173913,0.7947932618683001,0.20520673813169985,0.28342245989304815,0.8932874354561101,0.24348958333333334,0.6278314135428458,0.25566282708569155
0.5878459811210632,52,134,63,519,0.45217391304347826,0.7947932618683001,0.20520673813169985,0.27956989247311825,0.8917525773195877,0.2421875,0.6234835874558892,0.24696717491177833
0.5878730416297913,52,133,63,520,0.45217391304347826,0.7963246554364471,0.20367534456355282,0.2810810810810811,0.8919382504288165,0.24088541666666666,0.6242492842399627,0.24849856847992546
0.5879541635513306,51,133,64,520,0.4434782608695652,0.7963246554364471,0.20367534456355282,0.27717391304347827,0.8904109589041096,0.23958333333333334,0.6199014581530062,0.23980291630601247
0.5882439613342285,51,132,64,521,0.4434782608695652,0.7978560490045942,0.20214395099540583,0.2786885245901639,0.8905982905982905,0.23828125,0.6206671549370797,0.24133430987415938
0.5885194540023804,50,132,65,521,0.43478260869565216,0.7978560490045942,0.20214395099540583,0.27472527472527475,0.8890784982935154,0.23697916666666666,0.6163193288501232,0.2326386577002464
0.5889344215393066,50,131,65,522,0.43478260869565216,0.7993874425727412,0.2006125574272588,0.27624309392265195,0.889267461669506,0.23567708333333334,0.6170850256341966,0.2341700512683933
0.5890048742294312,50,130,65,523,0.43478260869565216,0.8009188361408882,0.1990811638591118,0.2777777777777778,0.8894557823129252,0.234375,0.6178507224182702,0.23570144483654043
0.5895230770111084,50,129,65,524,0.43478260869565216,0.8024502297090352,0.19754977029096477,0.27932960893854747,0.8896434634974533,0.23307291666666666,0.6186164192023437,0.23723283840468734
0.5898265242576599,49,129,66,524,0.4260869565217391,0.8024502297090352,0.19754977029096477,0.2752808988764045,0.888135593220339,0.23177083333333334,0.6142685931153872,0.22853718623077435
0.5901249647140503,49,128,66,525,0.4260869565217391,0.8039816232771823,0.19601837672281777,0.2768361581920904,0.8883248730964467,0.23046875,0.6150342898994607,0.23006857979892148
0.5905436277389526,49,127,66,526,0.4260869565217391,0.8055130168453293,0.19448698315467075,0.2784090909090909,0.8885135135135135,0.22916666666666666,0.6157999866835342,0.2315999733670684
0.5905702710151672,49,126,66,527,0.4260869565217391,0.8070444104134763,0.19295558958652373,0.28,0.8887015177065767,0.22786458333333334,0.6165656834676077,0.2331313669352153
0.5912484526634216,49,125,66,528,0.4260869565217391,0.8085758039816233,0.19142419601837674,0.28160919540229884,0.8888888888888888,0.2265625,0.6173313802516812,0.23466276050336243
0.5920525193214417,48,125,67,528,0.41739130434782606,0.8085758039816233,0.19142419601837674,0.2774566473988439,0.8873949579831932,0.22526041666666666,0.6129835541647247,0.22596710832944944
0.5927504897117615,48,124,67,529,0.41739130434782606,0.8101071975497703,0.18989280245022971,0.27906976744186046,0.8875838926174496,0.22395833333333334,0.6137492509487982,0.22749850189759635
0.5932050943374634,48,123,67,530,0.41739130434782606,0.8116385911179173,0.1883614088820827,0.2807017543859649,0.8877721943048577,0.22265625,0.6145149477328716,0.22902989546574326
0.5941076278686523,48,122,67,531,0.41739130434782606,0.8131699846860643,0.18683001531393567,0.2823529411764706,0.8879598662207357,0.22135416666666666,0.6152806445169452,0.2305612890338904
0.5942412614822388,48,121,67,532,0.41739130434782606,0.8147013782542113,0.18529862174578868,0.28402366863905326,0.8881469115191987,0.22005208333333334,0.6160463413010187,0.2320926826020373
0.5950168371200562,48,120,67,533,0.41739130434782606,0.8162327718223583,0.18376722817764166,0.2857142857142857,0.8883333333333333,0.21875,0.6168120380850922,0.23362407617018444
0.5953339338302612,48,119,67,534,0.41739130434782606,0.8177641653905053,0.18223583460949463,0.2874251497005988,0.8885191347753744,0.21744791666666666,0.6175777348691657,0.23515546973833135
0.5957849025726318,48,118,67,535,0.41739130434782606,0.8192955589586524,0.1807044410413476,0.2891566265060241,0.8887043189368771,0.21614583333333334,0.6183434316532392,0.23668686330647848
0.596021294593811,47,118,68,535,0.40869565217391307,0.8192955589586524,0.1807044410413476,0.28484848484848485,0.8872305140961857,0.21484375,0.6139956055662827,0.22799121113256549
0.5965369939804077,47,117,68,536,0.40869565217391307,0.8208269525267994,0.17917304747320062,0.2865853658536585,0.8874172185430463,0.21354166666666666,0.6147613023503562,0.2295226047007124
0.5965790748596191,46,117,69,536,0.4,0.8208269525267994,0.17917304747320062,0.2822085889570552,0.8859504132231405,0.21223958333333334,0.6104134762633997,0.2208269525267994
0.596587598323822,45,117,70,536,0.391304347826087,0.8208269525267994,0.17917304747320062,0.2777777777777778,0.8844884488448845,0.2109375,0.6060656501764432,0.2121313003528864
0.5966820120811462,44,117,71,536,0.3826086956521739,0.8208269525267994,0.17917304747320062,0.2732919254658385,0.8830313014827018,0.20963541666666666,0.6017178240894867,0.20343564817897342
0.5967162251472473,44,116,71,537,0.3826086956521739,0.8223583460949464,0.1776416539050536,0.275,0.8832236842105263,0.20833333333333334,0.6024835208735602,0.20496704174712033
0.5978074669837952,43,116,72,537,0.3739130434782609,0.8223583460949464,0.1776416539050536,0.27044025157232704,0.8817733990147784,0.20703125,0.5981356947866037,0.19627138957320733
0.5984339714050293,43,115,72,538,0.3739130434782609,0.8238897396630934,0.17611026033690658,0.2721518987341772,0.8819672131147541,0.20572916666666666,0.5989013915706771,0.19780278314135424
0.5986620187759399,43,114,72,539,0.3739130434782609,0.8254211332312404,0.17457886676875958,0.27388535031847133,0.8821603927986906,0.20442708333333334,0.5996670883547507,0.19933417670950138
0.5992794036865234,43,113,72,540,0.3739130434782609,0.8269525267993875,0.17304747320061256,0.27564102564102566,0.8823529411764706,0.203125,0.6004327851388241,0.2008655702776483
0.6001049280166626,43,112,72,541,0.3739130434782609,0.8284839203675345,0.17151607963246554,0.27741935483870966,0.8825448613376835,0.20182291666666666,0.6011984819228977,0.20239696384579542
0.6003376841545105,43,111,72,542,0.3739130434782609,0.8300153139356815,0.16998468606431852,0.2792207792207792,0.8827361563517915,0.20052083333333334,0.6019641787069712,0.20392835741394233
0.6011115312576294,42,111,73,542,0.3652173913043478,0.8300153139356815,0.16998468606431852,0.27450980392156865,0.8813008130081301,0.19921875,0.5976163526200147,0.19523270524002934
0.6011581420898438,41,111,74,542,0.3565217391304348,0.8300153139356815,0.16998468606431852,0.26973684210526316,0.8798701298701299,0.19791666666666666,0.5932685265330582,0.18653705306611634
0.6021571159362793,41,110,74,543,0.3565217391304348,0.8315467075038285,0.16845329249617153,0.271523178807947,0.880064829821718,0.19661458333333334,0.5940342233171316,0.18806844663426325
0.60230952501297,41,109,74,544,0.3565217391304348,0.8330781010719756,0.1669218989280245,0.2733333333333333,0.8802588996763754,0.1953125,0.5947999201012052,0.18959984020241039
0.6024339199066162,41,108,74,545,0.3565217391304348,0.8346094946401225,0.16539050535987748,0.2751677852348993,0.8804523424878837,0.19401041666666666,0.5955656168852786,0.1911312337705573
0.6041030883789062,40,108,75,545,0.34782608695652173,0.8346094946401225,0.16539050535987748,0.2702702702702703,0.8790322580645161,0.19270833333333334,0.591217790798322,0.18243558159664408
0.6048275232315063,40,107,75,546,0.34782608695652173,0.8361408882082695,0.1638591117917305,0.272108843537415,0.8792270531400966,0.19140625,0.5919834875823956,0.1839669751647912
0.6071755886077881,39,107,76,546,0.3391304347826087,0.8361408882082695,0.1638591117917305,0.2671232876712329,0.8778135048231511,0.19010416666666666,0.5876356614954391,0.17527132299087822
0.6086739301681519,39,106,76,547,0.3391304347826087,0.8376722817764165,0.16232771822358347,0.2689655172413793,0.8780096308186196,0.18880208333333334,0.5884013582795126,0.17680271655902513
0.6088245511054993,39,105,76,548,0.3391304347826087,0.8392036753445635,0.16079632465543645,0.2708333333333333,0.8782051282051282,0.1875,0.5891670550635861,0.17833411012717226
0.6088827252388,39,104,76,549,0.3391304347826087,0.8407350689127105,0.15926493108728942,0.2727272727272727,0.8784,0.18619791666666666,0.5899327518476596,0.17986550369531917
0.6105258464813232,39,103,76,550,0.3391304347826087,0.8422664624808576,0.15773353751914243,0.2746478873239437,0.8785942492012779,0.18489583333333334,0.5906984486317332,0.1813968972634663
0.610571026802063,39,102,76,551,0.3391304347826087,0.8437978560490046,0.1562021439509954,0.2765957446808511,0.8787878787878788,0.18359375,0.5914641454158066,0.18292829083161322
0.6108007431030273,39,101,76,552,0.3391304347826087,0.8453292496171516,0.1546707503828484,0.2785714285714286,0.8789808917197452,0.18229166666666666,0.5922298421998802,0.18445968439976035
0.6120819449424744,39,100,76,553,0.3391304347826087,0.8468606431852986,0.15313935681470137,0.2805755395683453,0.8791732909379968,0.18098958333333334,0.5929955389839536,0.18599107796790726
0.6122671961784363,39,99,76,554,0.3391304347826087,0.8483920367534457,0.15160796324655437,0.2826086956521739,0.8793650793650793,0.1796875,0.5937612357680272,0.1875224715360544
0.6127582788467407,39,98,76,555,0.3391304347826087,0.8499234303215927,0.15007656967840735,0.2846715328467153,0.8795562599049128,0.17838541666666666,0.5945269325521007,0.1890538651042013
0.6130970120429993,39,97,76,556,0.3391304347826087,0.8514548238897397,0.14854517611026033,0.2867647058823529,0.879746835443038,0.17708333333333334,0.5952926293361742,0.19058525867234843
0.6137734055519104,39,96,76,557,0.3391304347826087,0.8529862174578867,0.14701378254211334,0.28888888888888886,0.8799368088467614,0.17578125,0.5960583261202477,0.19211665224049534
0.613814115524292,39,95,76,558,0.3391304347826087,0.8545176110260337,0.14548238897396631,0.291044776119403,0.8801261829652997,0.17447916666666666,0.5968240229043212,0.19364804580864248
0.6139252781867981,39,94,76,559,0.3391304347826087,0.8560490045941807,0.1439509954058193,0.2932330827067669,0.8803149606299212,0.17317708333333334,0.5975897196883947,0.1951794393767894
0.6148637533187866,39,93,76,560,0.3391304347826087,0.8575803981623277,0.14241960183767227,0.29545454545454547,0.8805031446540881,0.171875,0.5983554164724681,0.1967108329449363
0.6159842014312744,38,93,77,560,0.33043478260869563,0.8575803981623277,0.14241960183767227,0.2900763358778626,0.8791208791208791,0.17057291666666666,0.5940075903855117,0.1880151807710233
0.6172162294387817,38,92,77,561,0.33043478260869563,0.8591117917304747,0.14088820826952528,0.2923076923076923,0.8793103448275862,0.16927083333333334,0.5947732871695852,0.18954657433917044
0.6173797845840454,38,91,77,562,0.33043478260869563,0.8606431852986217,0.13935681470137826,0.29457364341085274,0.8794992175273866,0.16796875,0.5955389839536587,0.19107796790731735
0.6175478100776672,38,90,77,563,0.33043478260869563,0.8621745788667687,0.13782542113323124,0.296875,0.8796875,0.16666666666666666,0.5963046807377321,0.19260936147546426
0.6175937652587891,38,89,77,564,0.33043478260869563,0.8637059724349158,0.1362940275650842,0.2992125984251969,0.8798751950078003,0.16536458333333334,0.5970703775218057,0.1941407550436114
0.6178420186042786,37,89,78,564,0.3217391304347826,0.8637059724349158,0.1362940275650842,0.29365079365079366,0.8785046728971962,0.1640625,0.5927225514348492,0.1854451028696984
0.6178938746452332,36,89,79,564,0.3130434782608696,0.8637059724349158,0.1362940275650842,0.288,0.8771384136858476,0.16276041666666666,0.5883747253478927,0.1767494506957854
0.618110716342926,36,88,79,565,0.3130434782608696,0.8652373660030628,0.13476263399693722,0.2903225806451613,0.8773291925465838,0.16145833333333334,0.5891404221319662,0.17828084426393231
0.6183409690856934,36,87,79,566,0.3130434782608696,0.8667687595712098,0.1332312404287902,0.2926829268292683,0.8775193798449612,0.16015625,0.5899061189160397,0.17981223783207945
0.6186186075210571,35,87,80,566,0.30434782608695654,0.8667687595712098,0.1332312404287902,0.28688524590163933,0.8761609907120743,0.15885416666666666,0.5855582928290832,0.17111658565816645
0.6206716299057007,34,87,81,566,0.2956521739130435,0.8667687595712098,0.1332312404287902,0.2809917355371901,0.874806800618238,0.15755208333333334,0.5812104667421266,0.16242093348425324
0.6208630204200745,34,86,81,567,0.2956521739130435,0.8683001531393568,0.13169984686064318,0.2833333333333333,0.875,0.15625,0.5819761635262002,0.16395232705240037
0.6211763620376587,33,86,82,567,0.28695652173913044,0.8683001531393568,0.13169984686064318,0.2773109243697479,0.8736517719568567,0.15494791666666666,0.5776283374392437,0.15525667487848738
0.6221479177474976,33,85,82,568,0.28695652173913044,0.8698315467075038,0.13016845329249618,0.2796610169491525,0.8738461538461538,0.15364583333333334,0.5783940342233171,0.1567880684466343
0.6228924989700317,33,84,82,569,0.28695652173913044,0.8713629402756509,0.12863705972434916,0.28205128205128205,0.8740399385560675,0.15234375,0.5791597310073906,0.1583194620147812
0.6236408948898315,33,83,82,570,0.28695652173913044,0.8728943338437979,0.12710566615620214,0.28448275862068967,0.8742331288343558,0.15104166666666666,0.5799254277914642,0.15985085558292833
0.6257029175758362,32,83,83,570,0.2782608695652174,0.8728943338437979,0.12710566615620214,0.2782608695652174,0.8728943338437979,0.14973958333333334,0.5755776017045077,0.15115520340901534
0.6274758577346802,32,82,83,571,0.2782608695652174,0.8744257274119449,0.12557427258805512,0.2807017543859649,0.8730886850152905,0.1484375,0.5763432984885811,0.15268659697716225
0.6276352405548096,31,82,84,571,0.26956521739130435,0.8744257274119449,0.12557427258805512,0.2743362831858407,0.8717557251908397,0.14713541666666666,0.5719954724016246,0.14399094480324925
0.6284825205802917,31,81,84,572,0.26956521739130435,0.8759571209800919,0.12404287901990811,0.2767857142857143,0.8719512195121951,0.14583333333333334,0.5727611691856982,0.1455223383713964
0.6287625432014465,31,80,84,573,0.26956521739130435,0.877488514548239,0.1225114854517611,0.27927927927927926,0.8721461187214612,0.14453125,0.5735268659697716,0.1470537319395433
0.6289327144622803,31,79,84,574,0.26956521739130435,0.8790199081163859,0.12098009188361408,0.2818181818181818,0.8723404255319149,0.14322916666666666,0.5742925627538451,0.1485851255076902
0.6291121244430542,31,78,84,575,0.26956521739130435,0.8805513016845329,0.11944869831546708,0.28440366972477066,0.8725341426403642,0.14192708333333334,0.5750582595379186,0.15011651907583712
0.6295043230056763,31,77,84,576,0.26956521739130435,0.8820826952526799,0.11791730474732007,0.28703703703703703,0.8727272727272727,0.140625,0.5758239563219921,0.15164791264398425
0.6306882500648499,30,77,85,576,0.2608695652173913,0.8820826952526799,0.11791730474732007,0.2803738317757009,0.8714069591527988,0.13932291666666666,0.5714761302350356,0.14295226047007126
0.6316037178039551,30,76,85,577,0.2608695652173913,0.8836140888208269,0.11638591117917305,0.2830188679245283,0.8716012084592145,0.13802083333333334,0.5722418270191091,0.14448365403821817
0.6327652335166931,30,75,85,578,0.2608695652173913,0.885145482388974,0.11485451761102604,0.2857142857142857,0.8717948717948718,0.13671875,0.5730075238031827,0.1460150476063653
0.6333714723587036,29,75,86,578,0.25217391304347825,0.885145482388974,0.11485451761102604,0.27884615384615385,0.8704819277108434,0.13541666666666666,0.5686596977162262,0.1373193954324523
0.6342881917953491,29,74,86,579,0.25217391304347825,0.886676875957121,0.11332312404287902,0.2815533980582524,0.8706766917293233,0.13411458333333334,0.5694253945002996,0.13885078900059922
0.6346796154975891,29,73,86,580,0.25217391304347825,0.888208269525268,0.11179173047473201,0.28431372549019607,0.8708708708708709,0.1328125,0.5701910912843731,0.14038218256874613
0.6351308822631836,29,72,86,581,0.25217391304347825,0.889739663093415,0.11026033690658499,0.2871287128712871,0.8710644677661169,0.13151041666666666,0.5709567880684466,0.14191357613689326
0.6364910006523132,29,71,86,582,0.25217391304347825,0.891271056661562,0.10872894333843798,0.29,0.8712574850299402,0.13020833333333334,0.5717224848525202,0.1434449697050404
0.6366302967071533,29,70,86,583,0.25217391304347825,0.892802450229709,0.10719754977029096,0.29292929292929293,0.8714499252615845,0.12890625,0.5724881816365937,0.1449763632731873
0.6369755268096924,29,69,86,584,0.25217391304347825,0.8943338437978561,0.10566615620214395,0.29591836734693877,0.8716417910447761,0.12760416666666666,0.5732538784206671,0.1465077568413342
0.6375836133956909,29,68,86,585,0.25217391304347825,0.8958652373660031,0.10413476263399694,0.29896907216494845,0.8718330849478391,0.12630208333333334,0.5740195752047407,0.14803915040948135
0.6378785967826843,29,67,86,586,0.25217391304347825,0.8973966309341501,0.10260336906584992,0.3020833333333333,0.8720238095238095,0.125,0.5747852719888142,0.14957054397762848
0.6380341053009033,29,66,86,587,0.25217391304347825,0.8989280245022971,0.10107197549770292,0.30526315789473685,0.8722139673105498,0.12369791666666667,0.5755509687728877,0.1511019375457754
0.638895571231842,28,66,87,587,0.24347826086956523,0.8989280245022971,0.10107197549770292,0.2978723404255319,0.870919881305638,0.12239583333333333,0.5712031426859312,0.1424062853718624
0.6390257477760315,27,66,88,587,0.23478260869565218,0.8989280245022971,0.10107197549770292,0.2903225806451613,0.8696296296296296,0.12109375,0.5668553165989747,0.1337106331979494
0.6391189098358154,26,66,89,587,0.22608695652173913,0.8989280245022971,0.10107197549770292,0.2826086956521739,0.8683431952662722,0.11979166666666667,0.5625074905120181,0.1250149810240362
0.6417021155357361,25,66,90,587,0.21739130434782608,0.8989280245022971,0.10107197549770292,0.27472527472527475,0.8670605612998523,0.11848958333333333,0.5581596644250616,0.1163193288501232
0.6417195200920105,24,66,91,587,0.20869565217391303,0.8989280245022971,0.10107197549770292,0.26666666666666666,0.8657817109144543,0.1171875,0.5538118383381051,0.1076236766762102
0.6418098211288452,23,66,92,587,0.2,0.8989280245022971,0.10107197549770292,0.25842696629213485,0.8645066273932254,0.11588541666666667,0.5494640122511486,0.09892802450229721
0.6424880623817444,22,66,93,587,0.19130434782608696,0.8989280245022971,0.10107197549770292,0.25,0.8632352941176471,0.11458333333333333,0.545116186164192,0.09023237232838399
0.6436747908592224,21,66,94,587,0.1826086956521739,0.8989280245022971,0.10107197549770292,0.2413793103448276,0.8619676945668135,0.11328125,0.5407683600772355,0.081536720154471
0.6441683769226074,21,65,94,588,0.1826086956521739,0.900459418070444,0.0995405819295559,0.2441860465116279,0.8621700879765396,0.11197916666666667,0.541534056861309,0.08306811372261791
0.6445987820625305,20,65,95,588,0.17391304347826086,0.900459418070444,0.0995405819295559,0.23529411764705882,0.8609077598828697,0.11067708333333333,0.5371862307743525,0.07437246154870492
0.6449776887893677,19,65,96,588,0.16521739130434782,0.900459418070444,0.0995405819295559,0.2261904761904762,0.8596491228070176,0.109375,0.532838404687396,0.06567680937479192
0.6455180644989014,18,65,97,588,0.1565217391304348,0.900459418070444,0.0995405819295559,0.21686746987951808,0.8583941605839416,0.10807291666666667,0.5284905786004395,0.05698115720087893
0.6455658078193665,18,64,97,589,0.1565217391304348,0.9019908116385911,0.09800918836140889,0.21951219512195122,0.858600583090379,0.10677083333333333,0.5292562753845129,0.05851255076902584
0.646391749382019,18,63,97,590,0.1565217391304348,0.9035222052067381,0.09647779479326186,0.2222222222222222,0.858806404657933,0.10546875,0.5300219721685865,0.06004394433717297
0.6466715931892395,17,63,98,590,0.14782608695652175,0.9035222052067381,0.09647779479326186,0.2125,0.8575581395348837,0.10416666666666667,0.5256741460816299,0.05134829216325976
0.6499989032745361,17,62,98,591,0.14782608695652175,0.9050535987748851,0.09494640122511486,0.21518987341772153,0.8577648766328012,0.10286458333333333,0.5264398428657034,0.05287968573140689
0.6505106687545776,17,61,98,592,0.14782608695652175,0.9065849923430321,0.09341500765696784,0.21794871794871795,0.8579710144927536,0.1015625,0.5272055396497769,0.0544110792995538
0.6514579057693481,17,60,98,593,0.14782608695652175,0.9081163859111792,0.09188361408882083,0.22077922077922077,0.8581765557163531,0.10026041666666667,0.5279712364338505,0.05594247286770093
0.651505172252655,17,59,98,594,0.14782608695652175,0.9096477794793262,0.0903522205206738,0.2236842105263158,0.8583815028901735,0.09895833333333333,0.5287369332179239,0.05747386643584784
0.6516634225845337,17,58,98,595,0.14782608695652175,0.9111791730474732,0.0888208269525268,0.22666666666666666,0.8585858585858586,0.09765625,0.5295026300019975,0.059005260003994975
0.6517436504364014,17,57,98,596,0.14782608695652175,0.9127105666156202,0.08728943338437979,0.22972972972972974,0.8587896253602305,0.09635416666666667,0.5302683267860709,0.060536653572141885
0.6543198227882385,16,57,99,596,0.1391304347826087,0.9127105666156202,0.08728943338437979,0.2191780821917808,0.8575539568345324,0.09505208333333333,0.5259205006991144,0.05184100139822889
0.655143141746521,15,57,100,596,0.13043478260869565,0.9127105666156202,0.08728943338437979,0.20833333333333334,0.8563218390804598,0.09375,0.521572674612158,0.0431453492243159
0.6563527584075928,15,56,100,597,0.13043478260869565,0.9142419601837672,0.08575803981623277,0.2112676056338028,0.8565279770444764,0.09244791666666667,0.5223383713962314,0.04467674279246281
0.6580986380577087,15,55,100,598,0.13043478260869565,0.9157733537519143,0.08422664624808576,0.21428571428571427,0.8567335243553008,0.09114583333333333,0.523104068180305,0.04620813636060994
0.6582635641098022,15,54,100,599,0.13043478260869565,0.9173047473200613,0.08269525267993874,0.21739130434782608,0.8569384835479256,0.08984375,0.5238697649643784,0.04773952992875685
0.6592438817024231,14,54,101,599,0.12173913043478261,0.9173047473200613,0.08269525267993874,0.20588235294117646,0.8557142857142858,0.08854166666666667,0.5195219388774219,0.03904387775484386
0.6594219207763672,14,53,101,600,0.12173913043478261,0.9188361408882083,0.08116385911179173,0.208955223880597,0.8559201141226819,0.08723958333333333,0.5202876356614955,0.04057527132299099
0.660267174243927,14,52,101,601,0.12173913043478261,0.9203675344563553,0.07963246554364471,0.21212121212121213,0.8561253561253561,0.0859375,0.521053332445569,0.0421066648911379
0.6607092618942261,13,52,102,601,0.11304347826086956,0.9203675344563553,0.07963246554364471,0.2,0.8549075391180654,0.08463541666666667,0.5167055063586125,0.03341101271722491
0.6608787775039673,12,52,103,601,0.10434782608695652,0.9203675344563553,0.07963246554364471,0.1875,0.8536931818181818,0.08333333333333333,0.512357680271656,0.024715360543311915
0.662255048751831,12,51,103,602,0.10434782608695652,0.9218989280245024,0.0781010719754977,0.19047619047619047,0.8539007092198582,0.08203125,0.5131233770557294,0.026246754111458825
0.6626582145690918,11,51,104,602,0.09565217391304348,0.9218989280245024,0.0781010719754977,0.1774193548387097,0.8526912181303116,0.08072916666666667,0.5087755509687729,0.017551101937545832
0.6641585826873779,11,50,104,603,0.09565217391304348,0.9234303215926493,0.07656967840735068,0.18032786885245902,0.8528995756718529,0.07942708333333333,0.5095412477528464,0.019082495505692743
0.6646576523780823,11,49,104,604,0.09565217391304348,0.9249617151607963,0.07503828483920368,0.18333333333333332,0.8531073446327684,0.078125,0.5103069445369199,0.020613889073839875
0.6650025248527527,10,49,105,604,0.08695652173913043,0.9249617151607963,0.07503828483920368,0.1694915254237288,0.8519040902679831,0.07682291666666667,0.5059591184499633,0.01191823689992666
0.6652361154556274,10,48,105,605,0.08695652173913043,0.9264931087289433,0.07350689127105667,0.1724137931034483,0.852112676056338,0.07552083333333333,0.5067248152340369,0.013449630468073792
0.6655818223953247,10,47,105,606,0.08695652173913043,0.9280245022970903,0.07197549770290965,0.17543859649122806,0.8523206751054853,0.07421875,0.5074905120181104,0.014981024036220703
0.6656209230422974,10,46,105,607,0.08695652173913043,0.9295558958652373,0.07044410413476264,0.17857142857142858,0.8525280898876404,0.07291666666666667,0.5082562088021839,0.016512417604367835
0.6661269068717957,10,45,105,608,0.08695652173913043,0.9310872894333844,0.06891271056661562,0.18181818181818182,0.85273492286115,0.07161458333333333,0.5090219055862574,0.018043811172514745
0.6662293076515198,10,44,105,609,0.08695652173913043,0.9326186830015314,0.06738131699846861,0.18518518518518517,0.8529411764705882,0.0703125,0.5097876023703309,0.019575204740661878
0.6671014428138733,10,43,105,610,0.08695652173913043,0.9341500765696784,0.06584992343032159,0.18867924528301888,0.8531468531468531,0.06901041666666667,0.5105532991544044,0.02110659830880879
0.6671708822250366,9,43,106,610,0.0782608695652174,0.9341500765696784,0.06584992343032159,0.17307692307692307,0.8519553072625698,0.06770833333333333,0.5062054730674479,0.012410946134895795
0.6672539710998535,9,42,106,611,0.0782608695652174,0.9356814701378254,0.06431852986217458,0.17647058823529413,0.8521617852161785,0.06640625,0.5069711698515215,0.013942339703042927
0.6678072214126587,9,41,106,612,0.0782608695652174,0.9372128637059725,0.06278713629402756,0.18,0.8523676880222841,0.06510416666666667,0.5077368666355949,0.015473733271189838
0.6683880090713501,9,40,106,613,0.0782608695652174,0.9387442572741195,0.06125574272588055,0.1836734693877551,0.8525730180806675,0.06380208333333333,0.5085025634196685,0.01700512683933697
0.6727278232574463,9,39,106,614,0.0782608695652174,0.9402756508422665,0.05972434915773354,0.1875,0.8527777777777777,0.0625,0.5092682602037419,0.01853652040748388
0.673495352268219,9,38,106,615,0.0782608695652174,0.9418070444104135,0.05819295558958652,0.19148936170212766,0.8529819694868238,0.061197916666666664,0.5100339569878155,0.020067913975631013
0.6736096143722534,9,37,106,616,0.0782608695652174,0.9433384379785605,0.05666156202143951,0.1956521739130435,0.853185595567867,0.059895833333333336,0.510799653771889,0.021599307543777924
0.6744487881660461,8,37,107,616,0.06956521739130435,0.9433384379785605,0.05666156202143951,0.17777777777777778,0.8520055325034578,0.05859375,0.5064518276849325,0.01290365536986493
0.675845205783844,8,36,107,617,0.06956521739130435,0.9448698315467075,0.055130168453292494,0.18181818181818182,0.8522099447513812,0.057291666666666664,0.5072175244690059,0.01443504893801184
0.6758517026901245,7,36,108,617,0.06086956521739131,0.9448698315467075,0.055130168453292494,0.16279069767441862,0.8510344827586207,0.055989583333333336,0.5028696983820494,0.0057393967640988475
0.6770495176315308,6,36,109,617,0.05217391304347826,0.9448698315467075,0.055130168453292494,0.14285714285714285,0.849862258953168,0.0546875,0.49852187229509287,-0.002956255409814257
0.6789917945861816,5,36,110,617,0.043478260869565216,0.9448698315467075,0.055130168453292494,0.12195121951219512,0.8486932599724897,0.053385416666666664,0.4941740462081363,-0.011651907583727361
0.6791027784347534,5,35,110,618,0.043478260869565216,0.9464012251148545,0.05359877488514548,0.125,0.8489010989010989,0.052083333333333336,0.49493974299220983,-0.01012051401558034
0.6798595190048218,5,34,110,619,0.043478260869565216,0.9479326186830015,0.05206738131699847,0.1282051282051282,0.8491083676268861,0.05078125,0.49570543977628334,-0.008589120447433318
0.6798821091651917,5,33,110,620,0.043478260869565216,0.9494640122511485,0.05053598774885146,0.13157894736842105,0.8493150684931506,0.049479166666666664,0.49647113656035685,-0.007057726879286297
0.6805679202079773,5,32,110,621,0.043478260869565216,0.9509954058192955,0.04900459418070444,0.13513513513513514,0.8495212038303693,0.048177083333333336,0.49723683334443036,-0.005526333311139275
0.6830650568008423,5,31,110,622,0.043478260869565216,0.9525267993874426,0.04747320061255743,0.1388888888888889,0.8497267759562842,0.046875,0.4980025301285039,-0.003994939742992254
0.6841326951980591,4,31,111,622,0.034782608695652174,0.9525267993874426,0.04747320061255743,0.11428571428571428,0.8485675306957708,0.045572916666666664,0.4936547040415474,-0.012690591916905247
0.6871398687362671,3,31,112,622,0.02608695652173913,0.9525267993874426,0.04747320061255743,0.08823529411764706,0.8474114441416893,0.044270833333333336,0.4893068779545908,-0.02138624409081835
0.6923415064811707,3,30,112,623,0.02608695652173913,0.9540581929555896,0.045941807044410414,0.09090909090909091,0.8476190476190476,0.04296875,0.49007257473866433,-0.01985485052267133
0.6928849816322327,3,29,112,624,0.02608695652173913,0.9555895865237366,0.0444104134762634,0.09375,0.8478260869565217,0.041666666666666664,0.49083827152273785,-0.01832345695452431
0.6959869265556335,3,28,112,625,0.02608695652173913,0.9571209800918836,0.042879019908116385,0.0967741935483871,0.8480325644504749,0.040364583333333336,0.49160396830681136,-0.016792063386377287
0.6964766383171082,2,28,113,625,0.017391304347826087,0.9571209800918836,0.042879019908116385,0.06666666666666667,0.8468834688346883,0.0390625,0.48725614221985486,-0.02548771556029028
0.6971186399459839,2,27,113,626,0.017391304347826087,0.9586523736600306,0.04134762633996937,0.06896551724137931,0.8470906630581867,0.037760416666666664,0.48802183900392837,-0.02395632199214326
0.7015020251274109,2,26,113,627,0.017391304347826087,0.9601837672281777,0.039816232771822356,0.07142857142857142,0.8472972972972973,0.036458333333333336,0.4887875357880019,-0.022424928423996238
0.7033758759498596,2,25,113,628,0.017391304347826087,0.9617151607963247,0.03828483920367534,0.07407407407407407,0.8475033738191633,0.03515625,0.4895532325720754,-0.020893534855849216
0.703723669052124,2,24,113,629,0.017391304347826087,0.9632465543644717,0.036753445635528334,0.07692307692307693,0.8477088948787062,0.033854166666666664,0.4903189293561489,-0.019362141287702195
0.704852283000946,1,24,114,629,0.008695652173913044,0.9632465543644717,0.036753445635528334,0.04,0.8465679676985195,0.032552083333333336,0.48597110326919235,-0.0280577934616153
0.7054204940795898,1,23,114,630,0.008695652173913044,0.9647779479326187,0.03522205206738132,0.041666666666666664,0.8467741935483871,0.03125,0.48673680005326586,-0.026526399893468278
0.7070077061653137,0,23,115,630,0.0,0.9647779479326187,0.03522205206738132,0.0,0.8456375838926175,0.029947916666666668,0.48238897396630936,-0.03522205206738127
0.7086953520774841,0,22,115,631,0.0,0.9663093415007658,0.033690658499234305,0.0,0.8458445040214477,0.028645833333333332,0.4831546707503829,-0.03369065849923425
0.7135356664657593,0,21,115,632,0.0,0.9678407350689127,0.03215926493108729,0.0,0.8460508701472557,0.02734375,0.48392036753445633,-0.03215926493108734
0.7158767580986023,0,20,115,633,0.0,0.9693721286370597,0.030627871362940276,0.0,0.8462566844919787,0.026041666666666668,0.48468606431852984,-0.030627871362940318
0.7192633748054504,0,19,115,634,0.0,0.9709035222052067,0.02909647779479326,0.0,0.8464619492656876,0.024739583333333332,0.48545176110260335,-0.029096477794793296
0.7221552133560181,0,18,115,635,0.0,0.9724349157733537,0.027565084226646247,0.0,0.8466666666666667,0.0234375,0.48621745788667686,-0.027565084226646275
0.722861647605896,0,17,115,636,0.0,0.9739663093415007,0.026033690658499236,0.0,0.8468708388814914,0.022135416666666668,0.4869831546707504,-0.026033690658499253
0.7283809185028076,0,16,115,637,0.0,0.9754977029096478,0.02450229709035222,0.0,0.8470744680851063,0.020833333333333332,0.4877488514548239,-0.024502297090352232
0.7300079464912415,0,15,115,638,0.0,0.9770290964777948,0.022970903522205207,0.0,0.8472775564409031,0.01953125,0.4885145482388974,-0.02297090352220521
0.7309067845344543,0,14,115,639,0.0,0.9785604900459418,0.021439509954058193,0.0,0.8474801061007957,0.018229166666666668,0.4892802450229709,-0.02143950995405819
0.7319937944412231,0,13,115,640,0.0,0.9800918836140888,0.019908116385911178,0.0,0.847682119205298,0.016927083333333332,0.4900459418070444,-0.019908116385911168
0.7329293489456177,0,12,115,641,0.0,0.9816232771822359,0.018376722817764167,0.0,0.8478835978835979,0.015625,0.4908116385911179,-0.018376722817764146
0.7348662614822388,0,11,115,642,0.0,0.9831546707503829,0.016845329249617153,0.0,0.8480845442536328,0.014322916666666666,0.49157733537519144,-0.016845329249617125
0.7398975491523743,0,10,115,643,0.0,0.9846860643185299,0.015313935681470138,0.0,0.8482849604221636,0.013020833333333334,0.49234303215926495,-0.015313935681470103
0.7473832368850708,0,9,115,644,0.0,0.9862174578866769,0.013782542113323124,0.0,0.8484848484848485,0.01171875,0.49310872894333846,-0.013782542113323082
0.7498790621757507,0,8,115,645,0.0,0.9877488514548239,0.01225114854517611,0.0,0.8486842105263158,0.010416666666666666,0.49387442572741197,-0.01225114854517606
0.7529489398002625,0,7,115,646,0.0,0.9892802450229708,0.010719754977029096,0.0,0.8488830486202366,0.009114583333333334,0.4946401225114854,-0.01071975497702915
0.7530428171157837,0,6,115,647,0.0,0.9908116385911179,0.009188361408882083,0.0,0.8490813648293963,0.0078125,0.49540581929555894,-0.009188361408882129
0.7626758813858032,0,5,115,648,0.0,0.9923430321592649,0.007656967840735069,0.0,0.8492791612057667,0.006510416666666667,0.49617151607963245,-0.007656967840735107
0.7643569707870483,0,4,115,649,0.0,0.9938744257274119,0.006125574272588055,0.0,0.849476439790576,0.005208333333333333,0.49693721286370596,-0.006125574272588086
0.7687071561813354,0,3,115,650,0.0,0.9954058192955589,0.004594180704441042,0.0,0.8496732026143791,0.00390625,0.49770290964777947,-0.004594180704441064
0.7770626544952393,0,2,115,651,0.0,0.996937212863706,0.0030627871362940277,0.0,0.8498694516971279,0.0026041666666666665,0.498468606431853,-0.003062787136294043
0.7898316383361816,0,1,115,652,0.0,0.998468606431853,0.0015313935681470138,0.0,0.8500651890482399,0.0013020833333333333,0.4992343032159265,-0.0015313935681470214
